baseqv_client_id,nome,cpf,telefone,email,programa,ep,anchor_status,anchor_match_by,anchor_matched_id,app_pharus_status,app_pharus_match_by,app_pharus_matched_id,auditoria_status
44cfaae9-4271-41c2-963f-b55d0f34fd54,Acrízio Dedê,64853071334,5585996680011,ultramaratonistaselva@gmail.com,PHARUS,Tales Salinas Rozo,NAO_ENCONTRADO,-,,NAO_ENCONTRADO,-,,NAO_ESTA_EM_NENHUM
2c13bf8c-4eb0-4712-94d0-c41444844de5,Adair José Rufatto,97450545004,54999837491,arufatto2@yahoo.com.br,PHARUS,Gabriel Oliveira,ENCONTRADO_EXATO,QV_ID+CPF+EMAIL+TELEFONE,ff7f8122-242d-425b-b38b-03133da5a0e4,NAO_ENCONTRADO,-,,ESTA_NO_ANCHOR
81e21025-80ae-4255-81ce-9d9f8928834d,Adauto Manfrin,61000663604,5535988021307,adauto.manfrin@gmail.com,PHARUS,Tales Salinas Rozo,NAO_ENCONTRADO,-,,NAO_ENCONTRADO,-,,NAO_ESTA_EM_NENHUM
f07befeb-c3ce-4a03-8b3d-c67d17097a17,Adélia Luzia Vizeu Fernandes,,Adélia Luzia,adluzia@gmail.com,PHARUS,Cleuber Anicesio,NAO_ENCONTRADO,-,,NAO_ENCONTRADO,-,,NAO_ESTA_EM_NENHUM
0c4ae031-8b1d-449d-897b-485fe8af517b,Adelia Zina Rosauro de Almeida,93157371720,5521999851653,dradeliazina@gmail.com,PHARUS,Samuel Araújo,NAO_ENCONTRADO,-,,NAO_ENCONTRADO,-,,NAO_ESTA_EM_NENHUM
166b7250-8109-4e55-943c-2e833a530800,Adelicio Galvão Gomes,77771230504,77991581945,adelicio93@gmail.com,DAVOS,Lucas Barrientos,NAO_ENCONTRADO,-,,NAO_ENCONTRADO,-,,NAO_ESTA_EM_NENHUM
334be0cc-98a7-4a2e-88fa-c77300670a40,Adriana Corrêa Diniz,,5537999447798,adrianadiniz18@hotmail.com,PHARUS,Willian Oliveira Schimidt,NAO_ENCONTRADO,-,,NAO_ENCONTRADO,-,,NAO_ESTA_EM_NENHUM
d0817de1-4c13-4773-8b0d-24d1ef81853d,Adriana Cristina Soares,00469225394,5585997366377,adrianabarbosamed@gmail.com,PHARUS,Gabriel Oliveira,NAO_ENCONTRADO,-,,NAO_ENCONTRADO,-,,NAO_ESTA_EM_NENHUM
d7f1ff71-4633-47e1-abca-9e34c0b9198b,Adriana Ferreira Lima Brasil,89941365504,5579999853394,adriflbrasil@hotmail.com,PHARUS,Samuel Araújo,NAO_ENCONTRADO,-,,NAO_ENCONTRADO,-,,NAO_ESTA_EM_NENHUM
f9d5f903-c8a5-46bf-a2da-6c424d785a9a,Adriana Figueirêdo,87838168449,5584999000056,amgn1799@gmail.com,PHARUS,Abner Braga,NAO_ENCONTRADO,-,,NAO_ENCONTRADO,-,,NAO_ESTA_EM_NENHUM
b4b5aa4c-329a-40bf-b70a-4f960e55ffaa,Adriana Karen do Rocio Vidal Baron,61140830910,5541999693797,adrianakrvb@gmail.com,PHARUS,Gabriel Oliveira,NAO_ENCONTRADO,-,,NAO_ENCONTRADO,-,,NAO_ESTA_EM_NENHUM
079d9648-3b5a-4ef9-87e0-41a1afc90017,Adriana Miranda Melo,75299500297,9186228442,dricastm@hotmail.com,PHARUS,João Aliceda,NAO_ENCONTRADO,-,,NAO_ENCONTRADO,-,,NAO_ESTA_EM_NENHUM
bd0c0fe6-fce2-442a-b0a1-863db562cda0,Adriano Antunes,94704970663,5561981804417,adrianoneocare@gmail.com,PHARUS,Tales Salinas Rozo,NAO_ENCONTRADO,-,,NAO_ENCONTRADO,-,,NAO_ESTA_EM_NENHUM
d9d5afd2-9680-4c1b-a470-cd214ab86c07,Adriano César Marangoni,21855347857,5516981253025,acmarangoni@yahoo.com.br,PHARUS,Junior Teixeira,NAO_ENCONTRADO,-,,NAO_ENCONTRADO,-,,NAO_ESTA_EM_NENHUM
8dff3789-1273-4b2e-85d1-a04cdc993087,Adriano Cruz M Santos,22713333857,5511982486518,adrianocms@icloud.com,PHARUS,Pedro Goulart,NAO_ENCONTRADO,-,,NAO_ENCONTRADO,-,,NAO_ESTA_EM_NENHUM
082d7284-8766-4bb6-b07d-2d0a51a6df8a,Adriano Greany,,553173360061,adrianogreany@hotmail.com,PHARUS,Abner Braga,NAO_ENCONTRADO,-,,NAO_ENCONTRADO,-,,NAO_ESTA_EM_NENHUM
77618a03-f4ac-46e7-8f27-c0058ae871da,Adriano Henrique,48173479968,5544999951071,adrianohen@gmail.com,PHARUS,Gabriel Oliveira,NAO_ENCONTRADO,-,,NAO_ENCONTRADO,-,,NAO_ESTA_EM_NENHUM
00a9b906-3130-4513-a6d8-d7f48e20ece5,Adriano José da Silva,76486443391,5585991187222,adrianosilva.bv10@gmail.com,PHARUS,Tiago Junior,NAO_ENCONTRADO,-,,NAO_ENCONTRADO,-,,NAO_ESTA_EM_NENHUM
8238255e-a916-4d29-b9fd-f1fbb5884769,Adriano Rodrigo de Bortoli,,5548991362421,adrian_bort@hotmail.com,PHARUS,Gabriel Oliveira,NAO_ENCONTRADO,-,,NAO_ENCONTRADO,-,,NAO_ESTA_EM_NENHUM
5aca557c-630e-468e-bb04-e1f890b2ffcd,Adson Gomes Gadelha Junior,,81 997803625,adsongadelha@aggmv.com.br,PHARUS,João Aliceda,NAO_ENCONTRADO,-,,NAO_ENCONTRADO,-,,NAO_ESTA_EM_NENHUM
0c2e269d-ed4c-4faf-bc2f-ec12617136f5,Agnor Christy,,5575999883254,,DAVOS,Daniel Fentanes,NAO_ENCONTRADO,-,,NAO_ENCONTRADO,-,,NAO_ESTA_EM_NENHUM
f7571a70-4cda-41f9-a497-0556465c945e,Aian do Carmo Vale,,91981644400,Aiamvalee@gmail.com,PHARUS,Willian Oliveira Schimidt,NAO_ENCONTRADO,-,,NAO_ENCONTRADO,-,,NAO_ESTA_EM_NENHUM
78fa4c0c-d5c3-4455-881d-236445846e5f,Air Luis Zambom,35964413072,5548991622707,airzambom@gmail.com,PHARUS,Gabriel Oliveira,NAO_ENCONTRADO,-,,NAO_ENCONTRADO,-,,NAO_ESTA_EM_NENHUM
5427acdd-042e-48ed-b92d-34a0a7127d12,Aissar Murad,,5512996633479,aissarmurad@gmail.com,PHARUS,Gabriel Oliveira,NAO_ENCONTRADO,-,,NAO_ENCONTRADO,-,,NAO_ESTA_EM_NENHUM
7f725b48-ab01-4e50-9ff2-214677281e0f,Alaine Crissiê Soares dos Santos,,67992593803,alainecrissie@hotmail.com,PHARUS,Rodrigo Lunardi,NAO_ENCONTRADO,-,,NAO_ENCONTRADO,-,,NAO_ESTA_EM_NENHUM
91603c15-3c12-47d1-93bb-2dd22fe7176e,Alan Basílio Martins,30678287805,5511957294005,alan@alianzalab.com.br,PHARUS,Gabriel Oliveira,ENCONTRADO_EXATO,QV_ID+CPF+EMAIL+TELEFONE,2dade1b2-8315-4483-be1b-3dbde7395d7a,NAO_ENCONTRADO,-,,ESTA_NO_ANCHOR
e7a3b12c-8c3c-434f-bbb8-da41f188fad6,Alan Greison Bellini dos Santos,,5547991819785,alansantosadm@gmail.com,PHARUS,Abner Braga,NAO_ENCONTRADO,-,,NAO_ENCONTRADO,-,,NAO_ESTA_EM_NENHUM
abb1f7bb-d2f7-46c9-9ba9-e16f582a446a,Alan Raschke Immich Jardim,,5551994090808,alanrjardim@hotmail.com,PHARUS,Abner Braga,NAO_ENCONTRADO,-,,NAO_ENCONTRADO,-,,NAO_ESTA_EM_NENHUM
3c416633-cad5-4707-8110-4c207e9e46c6,Alba Mircia Morais,,5561983114143,albamircia@gmail.com,PHARUS,Gabriel Oliveira,NAO_ENCONTRADO,-,,NAO_ENCONTRADO,-,,NAO_ESTA_EM_NENHUM
cf1b664b-9a12-4240-b56f-660e72593ae6,Albert Basílio Medeiros,62532510315,5586999161016,albertmedeiros@yahoo.com.br,PHARUS,Junior Teixeira,NAO_ENCONTRADO,-,,NAO_ENCONTRADO,-,,NAO_ESTA_EM_NENHUM
68a67769-4206-404f-9fa4-d007699da427,Alberto Cunha,63352397287,5597984043009,albertotefe@gmail.com,PHARUS,João Gonçalves,NAO_ENCONTRADO,-,,NAO_ENCONTRADO,-,,NAO_ESTA_EM_NENHUM
82433712-aef1-4a1b-9fa2-f5aed1053a39,Alberto Tiziano Dal Ben,22183925850,5511992656151,albertodalben@hotmail.com,PHARUS,Tales Salinas Rozo,NAO_ENCONTRADO,-,,NAO_ENCONTRADO,-,,NAO_ESTA_EM_NENHUM
23db6dc4-8947-420c-8863-3cab19c46c5b,Alcides Leandro Azevedo,39159344881,5511947467468,alcidesleandro@yahoo.com.br,PHARUS,Abner Braga,NAO_ENCONTRADO,-,,NAO_ENCONTRADO,-,,NAO_ESTA_EM_NENHUM
3fd5bfcc-2c0f-4c7a-875e-fe386c6cf26f,Aldo Barroso Cores Junior,69256268191,5561985260000,aldo.bsb@gmail.com,DAVOS,Lucas Barrientos,NAO_ENCONTRADO,-,,NAO_ENCONTRADO,-,,NAO_ESTA_EM_NENHUM
853b89a0-97d1-45d8-b024-2eac43f2690c,Aldo Cordeiro Rodrigues,50553917153,5527999548163,aldoarthur@hotmail.com,PHARUS,Junior Teixeira,NAO_ENCONTRADO,-,,NAO_ENCONTRADO,-,,NAO_ESTA_EM_NENHUM
8fdbe277-4613-4993-9dfc-999652eb3c0e,Alesandro Scarabelot,77627806968,5548991490580,ascarabelot@hotmail.com,PHARUS,Hendrick Dorner,NAO_ENCONTRADO,-,,NAO_ENCONTRADO,-,,NAO_ESTA_EM_NENHUM
fa28fb90-697b-453e-8b99-6b88439c821d,Alessandra S. Duarte,01183009623,5531999712400,alessandra-duarte@uol.com.br,PHARUS,Carlos Serafim,NAO_ENCONTRADO,-,,NAO_ENCONTRADO,-,,NAO_ESTA_EM_NENHUM
83e76e04-8726-4b77-a429-431239ad4d60,Alessandro Carvalho Britto Cerri,56003765615,5531991416447,alessandro@studiocerri.com.br,PHARUS,Abner Braga,NAO_ENCONTRADO,-,,NAO_ENCONTRADO,-,,NAO_ESTA_EM_NENHUM
958d46d1-d04f-41c2-ab4b-7f0b71218a4f,Alessandro Corrêa Prudente dos Santos,,5547991154955,alessandro.prudente01@gmail.com,PHARUS,Samuel Araújo,NAO_ENCONTRADO,-,,NAO_ENCONTRADO,-,,NAO_ESTA_EM_NENHUM
0591e520-cbb5-4c44-85f2-b4c0f30d6337,Alessandro dos Reis Brehm,,5549991750198,alebrehm@me.com,PHARUS,Gabriel Oliveira,NAO_ENCONTRADO,-,,NAO_ENCONTRADO,-,,NAO_ESTA_EM_NENHUM
e13a6cee-5eea-4f54-bc96-5f3b4477a66c,Alex Campalle Pinhata,36202530804,5511996277147,alexpinhata@gmail.com,DAVOS,Lucas Barrientos,NAO_ENCONTRADO,-,,NAO_ENCONTRADO,-,,NAO_ESTA_EM_NENHUM
7761f39d-61e6-48a5-8a19-091204fc3543,Alex Guimaraes Higa,,556781417168,higalex@hotmail.com,PHARUS,Willian Sobral,NAO_ENCONTRADO,-,,NAO_ENCONTRADO,-,,NAO_ESTA_EM_NENHUM
ec02d4e8-780e-4020-a5c0-55538dbd1c25,Alex Leal Rhoades,21781399816,5511992339605,alexrhoades@hotmail.com,PHARUS,Gabriel Oliveira,NAO_ENCONTRADO,-,,NAO_ENCONTRADO,-,,NAO_ESTA_EM_NENHUM
7af5fea5-0792-4d5e-b162-ec1bac941f1d,Alex Trindade,00447605070,5555996133131,odonto.alexx@gmail.com,PHARUS,Gabriel Oliveira,NAO_ENCONTRADO,-,,NAO_ENCONTRADO,-,,NAO_ESTA_EM_NENHUM
64dba258-ba90-470c-be00-55f3f75f5e41,Alexander Campos,,5543991393355,adv.alexander@limaekato.com.br,PHARUS,Abner Braga,NAO_ENCONTRADO,-,,NAO_ENCONTRADO,-,,NAO_ESTA_EM_NENHUM
33605509-b9d6-4962-afc8-28d765199062,Alexandre Andrade dos Anjos Jácome,,(31) 99738-5151,dr.alexandre.oncologia@gmail.com,PHARUS,Carlos Serafim,NAO_ENCONTRADO,-,,NAO_ENCONTRADO,-,,NAO_ESTA_EM_NENHUM
df0be0f5-e7a0-4115-93cf-6976e6fd55a3,Alexandre Apareceu,,,,PHARUS,,NAO_ENCONTRADO,-,,NAO_ENCONTRADO,-,,NAO_ESTA_EM_NENHUM
a6695ffe-d396-4bce-bdb8-421811dfe81b,Alexandre Augusto Miranda,80852696191,+5567981110555,alexandreaugustomiranda@gmail.com,PHARUS,,NAO_ENCONTRADO,-,,NAO_ENCONTRADO,-,,NAO_ESTA_EM_NENHUM
1024288c-1b9d-4ecc-9810-5f8a81b156b6,Alexandre Augusto Moreira Lapis,,5549999766543,lapis.alexandre@gmail.com,PHARUS,Abner Braga,NAO_ENCONTRADO,-,,NAO_ENCONTRADO,-,,NAO_ESTA_EM_NENHUM
1340d485-2a83-4891-a246-edc2839e5337,Alexandre Badaró Borges,79659462549,5571981922747,alexandre.3abadaro@gmail.com,PHARUS,Abner Braga,NAO_ENCONTRADO,-,,NAO_ENCONTRADO,-,,NAO_ESTA_EM_NENHUM
79736836-151b-4e98-8263-98072cc9bd4e,Alexandre Bairos de Medeiros,,5521981018501,alexandre.bairos@gmail.com,PHARUS,Cleuber Anicesio,NAO_ENCONTRADO,-,,NAO_ENCONTRADO,-,,NAO_ESTA_EM_NENHUM
462028cc-c8a2-4441-8c45-7650de080c2e,Alexandre Barreto de Souza,87558602734,21999494014,absouza.es@hotmail.com,PHARUS,Pedro Goulart,ENCONTRADO_EXATO,QV_ID+CPF+EMAIL+TELEFONE,afae41fc-af5c-4f78-ae97-aca7317035f4,NAO_ENCONTRADO,-,,ESTA_NO_ANCHOR
4e73bba7-691b-4a7d-a4ef-733becfcce48,Alexandre Braatz,76111490087,5551981197819,alexandre.braatz@startech.com.br,PHARUS,Carlos Serafim,NAO_ENCONTRADO,-,,NAO_ENCONTRADO,-,,NAO_ESTA_EM_NENHUM
05913d2f-ee21-417c-972a-8d81d1b09f6e,Alexandre Bressanini,,5547988050435,alexandre@n-tex.com.br,PHARUS,Tales Salinas Rozo,NAO_ENCONTRADO,-,,NAO_ENCONTRADO,-,,NAO_ESTA_EM_NENHUM
1f440c0b-2f14-410e-a425-bfa110e3510f,Alexandre Brinhoni da Silva,,554391201412,abrinhoni@gmail.com,PHARUS,Willian Sobral,NAO_ENCONTRADO,-,,NAO_ENCONTRADO,-,,NAO_ESTA_EM_NENHUM
1a493565-fbd3-40f0-a97b-106699b834d6,Alexandre de Oliveira Vieira,22523523884,5511993517442,alexanov@hotmail.com,PHARUS,Abner Braga,NAO_ENCONTRADO,-,,NAO_ENCONTRADO,-,,NAO_ESTA_EM_NENHUM
7a9f7704-7787-4f78-8191-8d7581d2c1da,Alexandre Feitoza de Mendonça,,5581991436720,alexandre.feitoza.mendonca@gmail.com,PHARUS,Abner Braga,NAO_ENCONTRADO,-,,NAO_ENCONTRADO,-,,NAO_ESTA_EM_NENHUM
799a7ba5-0a67-4b94-a626-3ce9ed55fd94,Alexandre Klein,97074985953,5547988544624,eureca@plastserv.com.br,PHARUS,Gabriel Oliveira,NAO_ENCONTRADO,-,,NAO_ENCONTRADO,-,,NAO_ESTA_EM_NENHUM
aa89c2b0-63aa-4601-a96e-8245270a7ff2,Alexandre Mark Staviack,22101378884,5511967221755,alexmarkst@gmail.com,PHARUS,Samuel Araújo,NAO_ENCONTRADO,-,,NAO_ENCONTRADO,-,,NAO_ESTA_EM_NENHUM
d8377414-fcb2-4d1e-a764-918441b7b334,Alexandre Miranda,,558199653227,alexandremirandaat@gmail.com,PHARUS,Willian Sobral,NAO_ENCONTRADO,-,,NAO_ENCONTRADO,-,,NAO_ESTA_EM_NENHUM
37f3e2f6-4cda-4b67-a360-7ad3be422c26,Alexandre Prosdocimo,87450208920,5541996890104,prosdocimoalexandre@gmail.com,PHARUS,Cleuber Anicesio,NAO_ENCONTRADO,-,,NAO_ENCONTRADO,-,,NAO_ESTA_EM_NENHUM
ac3e674e-c589-4f61-968d-709c0688d2e8,Alexandre Salemme,21326300890,5511940054173,asalemme1@yahoo.com.br,PHARUS,Tiago Junior,NAO_ENCONTRADO,-,,NAO_ENCONTRADO,-,,NAO_ESTA_EM_NENHUM
f63b9034-d229-4ba0-a512-27fa3727acdd,Alexandre Vieira Kobayashi,36926306893,5514981423462,kobayashimd1989@gmail.com,PHARUS,Tales Salinas Rozo,NAO_ENCONTRADO,-,,NAO_ENCONTRADO,-,,NAO_ESTA_EM_NENHUM
2ee96598-b66b-4a9f-a489-16b2a4978b22,Alexandre Vivo Rodrigues,21980929807,11972806509,alex.v.rodrigues@hotmail.com,PHARUS,Gabriel Oliveira,NAO_ENCONTRADO,-,,NAO_ENCONTRADO,-,,NAO_ESTA_EM_NENHUM
eccfafb3-5736-408b-a611-64c72a2b443c,Alexandre Zorzanelli Buaiz,57427402715,5527999811712,alexandre@abuaiz.com.br,PHARUS,Hendrick Dorner,NAO_ENCONTRADO,-,,NAO_ENCONTRADO,-,,NAO_ESTA_EM_NENHUM
23e9d130-606f-4b05-a203-2d160ce7d014,Alexssandra Stephanie Abdala,,5521995714045,alexssandracasa@gmail.com,PHARUS,Cleuber Anicesio,NAO_ENCONTRADO,-,,NAO_ENCONTRADO,-,,NAO_ESTA_EM_NENHUM
64b1d4c5-e41f-4d44-88c7-da09834b0c3c,Alice Ribeiro Chaves,98142518104,5569999627885,rchaves.alice@gmail.com,PHARUS,Abner Braga,NAO_ENCONTRADO,-,,NAO_ENCONTRADO,-,,NAO_ESTA_EM_NENHUM
3512470d-5657-45bc-827b-9a39d7644a9c,Aline Martins e Jonas Carvalho,,553388652727,alinemartinsgoncalves@yahoo.com.br,DAVOS,Lucas Barrientos,NAO_ENCONTRADO,-,,NAO_ENCONTRADO,-,,NAO_ESTA_EM_NENHUM
031ad077-4cd2-485a-a0d1-9e8c9338324f,Aline Valério de Lima,,5533999661886,alinevalerio1@hotmail.com,PHARUS,João Aliceda,NAO_ENCONTRADO,-,,NAO_ENCONTRADO,-,,NAO_ESTA_EM_NENHUM
f4c01002-ec7b-4b4c-a94b-4e84d5c5b95a,Alisson Araujo Amorim,,5548991690068,alisson_amorim84@yahoo.com.br,PHARUS,Gabriel Oliveira,NAO_ENCONTRADO,-,,NAO_ENCONTRADO,-,,NAO_ESTA_EM_NENHUM
7a4767d1-a126-4e01-a2ca-5616dee55691,Alisson Moreira Luz,,5577991971494,alissonmoreira1@yahoo.com.br,PHARUS,João Gonçalves,NAO_ENCONTRADO,-,,NAO_ENCONTRADO,-,,NAO_ESTA_EM_NENHUM
1a7596e4-525b-4fe1-8927-b707c9bf10e4,Allan Diego Piske,,5547984064435,zyryznet@gmail.com,PHARUS,Junior Teixeira,NAO_ENCONTRADO,-,,NAO_ENCONTRADO,-,,NAO_ESTA_EM_NENHUM
35ff1775-6936-4de9-a0de-45ca8118b5cd,Allan Feliphe Bastos de Sousa,,83999937771,allanfeliphe@hotmail.com,PHARUS,João Aliceda,NAO_ENCONTRADO,-,,NAO_ENCONTRADO,-,,NAO_ESTA_EM_NENHUM
9864441f-4309-49db-bb0a-887bf99b5d9f,Allan Nascimento de Mello,32982568896,12996110012,allan@kfnight.com.br,PHARUS,João Aliceda,NAO_ENCONTRADO,-,,NAO_ENCONTRADO,-,,NAO_ESTA_EM_NENHUM
299795d7-9ec9-408c-8dec-a1a828e325cf,Allysson Vinicius e Cynthia Morais Macedo Jácome,,31984486002,cynthia.jacome@tjmg.jus.br,PHARUS,Rodrigo Lunardi,NAO_ENCONTRADO,-,,NAO_ENCONTRADO,-,,NAO_ESTA_EM_NENHUM
53046d2b-a501-4aac-af75-d6e5a816a31d,Almir dos Santos Soares,18289118791,+5591983733011,ass@almirsoaresadvocacia.com.br,PHARUS,,NAO_ENCONTRADO,-,,NAO_ENCONTRADO,-,,NAO_ESTA_EM_NENHUM
d4b7b3d1-03b1-4235-9edc-a803a000912c,Alvaro Barnada,,5513997740125,alvarobarnada@gmail.com,PHARUS,Tales Salinas Rozo,NAO_ENCONTRADO,-,,NAO_ENCONTRADO,-,,NAO_ESTA_EM_NENHUM
347fe535-f281-4329-8ee6-77737a80520c,Alysson Jader,,5582999742363,alyssonjader@hotmail.com,PHARUS,,NAO_ENCONTRADO,-,,NAO_ENCONTRADO,-,,NAO_ESTA_EM_NENHUM
bd7497a9-716c-4bfa-b6d3-c831a6e2a546,Amanda Dória Lobo,40445923814,5511934823773,amandalobo.adv@gmail.com,PHARUS,Hendrick Dorner,NAO_ENCONTRADO,-,,NAO_ENCONTRADO,-,,NAO_ESTA_EM_NENHUM
9d4ed457-9571-461b-8923-bfc12f0651fc,Amanda Vilhena de Andrade,,5541998001155,amandavilhenadeandrade@gmail.com,PHARUS,Abner Braga,NAO_ENCONTRADO,-,,NAO_ENCONTRADO,-,,NAO_ESTA_EM_NENHUM
1dc4dad8-b57f-4e59-ae2a-1824c7fe19d1,Amanda Vital Rocha,22878340876,5511958047974,amandavital3@gmail.com,PHARUS,Cleuber Anicesio,NAO_ENCONTRADO,-,,NAO_ENCONTRADO,-,,NAO_ESTA_EM_NENHUM
6f81fb66-f337-4863-8c3c-2e4025e8bcbf,Amauri Emboava de Araujo,06027285842,12981165491,amauri.emboava@gmail.com,PHARUS,Carlos Serafim,ENCONTRADO_EXATO,QV_ID+CPF+EMAIL+TELEFONE,b67eb72b-741c-4518-877f-52124aef8ff5,NAO_ENCONTRADO,-,,ESTA_NO_ANCHOR
d8ce75c0-bf93-464e-8d02-96ab015b571c,Amilton Alves da Silva Junior,93966903920,5547988019506,dramiltonsilvajr@outlook.com,PHARUS,Abner Braga,NAO_ENCONTRADO,-,,NAO_ENCONTRADO,-,,NAO_ESTA_EM_NENHUM
a74ccc20-522d-48d5-967c-e345a4df63ea,Ana Beatriz Ponte Fragelli,,5567999610505,anabfragelli@gmail.com,PHARUS,Junior Teixeira,NAO_ENCONTRADO,-,,NAO_ENCONTRADO,-,,NAO_ESTA_EM_NENHUM
93e086e2-705c-4c7e-897a-408d4b406c21,Ana Beatriz Spíndola Arduini,12417379759,5521991548675,anabeatrizarduini@gmail.com,PHARUS,Willian Oliveira Schimidt,NAO_ENCONTRADO,-,,NAO_ENCONTRADO,-,,NAO_ESTA_EM_NENHUM
797e87c3-8922-4b7a-ad24-fe864a25aa3d,Ana Carol Andrade,,5519999613892,anacarolina.oa@gmail.com,PHARUS,,NAO_ENCONTRADO,-,,NAO_ENCONTRADO,-,,NAO_ESTA_EM_NENHUM
ae2c40a3-a28d-4af0-beae-e89c26de9499,Ana Carolina Oliveira Santos,,5564992662021,carola_oliveirasantos@hotmail.com,PHARUS,Gabriel Oliveira,NAO_ENCONTRADO,-,,NAO_ENCONTRADO,-,,NAO_ESTA_EM_NENHUM
fd255d9f-9f07-4e9e-9404-0e8dfe94cab5,Ana Carolina Vilela Severino Santana,,5563981211221,anacarolinaseverino.ped@gmail.com,PHARUS,Gabriel Oliveira,NAO_ENCONTRADO,-,,NAO_ENCONTRADO,-,,NAO_ESTA_EM_NENHUM
f1809747-0e1d-41bb-97d4-d6a2ad7b8dff,Ana Claudia Lyon,,5531993557779,,DAVOS,Daniel Fentanes,NAO_ENCONTRADO,-,,NAO_ENCONTRADO,-,,NAO_ESTA_EM_NENHUM
8d1edc1f-e123-4942-aeb1-d76e1764e7c1,Ana Cristina Pochmann Mairesse*,68856504049,5551999662687,anacristinamairesse@hotmail.com,PHARUS,Hendrick Dorner,NAO_ENCONTRADO,-,,NAO_ENCONTRADO,-,,NAO_ESTA_EM_NENHUM
10e13cc2-66a5-471e-9db3-e21cbcdf4422,Ana Laura Peixoto,,5511980718866,analaura-1@live.com,PHARUS,,NAO_ENCONTRADO,-,,NAO_ENCONTRADO,-,,NAO_ESTA_EM_NENHUM
4ec5dfdf-874c-44aa-968d-8f7201dcd594,Ana Luisa Campagnaro,,5519984239918,analucamp@hotmail.com,PHARUS,Abner Braga,NAO_ENCONTRADO,-,,NAO_ENCONTRADO,-,,NAO_ESTA_EM_NENHUM
87f5d1cc-d218-4981-8e77-e10db47bd4dd,Ana Maria Carmona Rezende,34986870858,17981619808,nana.adm2007@yahoo.com.br,PHARUS,Tales Salinas Rozo,ENCONTRADO_EXATO,QV_ID+CPF+EMAIL+TELEFONE,b26f0718-8778-4dab-b9af-d442c93cb23b,NAO_ENCONTRADO,-,,ESTA_NO_ANCHOR
46541a37-dba0-4539-a1cd-8da613076cde,Ana Paula Andrade e Sousa Medeiros,06166128690,556499676050,anamedufu8@gmail.com,PHARUS,Willian Oliveira Schimidt,NAO_ENCONTRADO,-,,NAO_ENCONTRADO,-,,NAO_ESTA_EM_NENHUM
1940a1fe-2aef-4910-9dcb-6cc6d3c0318c,Ana Paula Barco Guimarães,96577223572,5533991207107,anabarcosaude@gmail.com,PHARUS,Gabriel Oliveira,NAO_ENCONTRADO,-,,NAO_ENCONTRADO,-,,NAO_ESTA_EM_NENHUM
7f185f3b-c99a-42bd-a509-ef993d4d76a4,Ana Paula dos Santos Righetto,30860907821,5517997749050,anapaularighetto@yahoo.com.br,DAVOS,Daniel Fentanes,NAO_ENCONTRADO,-,,NAO_ENCONTRADO,-,,NAO_ESTA_EM_NENHUM
5c1b872d-a125-4717-b156-098f88b0d80e,Ana Paula Miranda de Oliveira,19148829897,5516981264533,anapaulaoliveirarp@gmail.com,PHARUS,Samuel Araújo,NAO_ENCONTRADO,-,,NAO_ENCONTRADO,-,,NAO_ESTA_EM_NENHUM
13e452dc-5e1b-4ee6-81e3-998a27f37b9c,Ana Valéria Lucas Padula Furusawa,13553161892,5511991999755,avlpadula@uol.com.br,PHARUS,Gabriel Oliveira,NAO_ENCONTRADO,-,,NAO_ENCONTRADO,-,,NAO_ESTA_EM_NENHUM
b2e62845-7741-4348-b51f-de1459af7485,Anderson Alves Cavalheiro,33596181810,5511947103325,anderson@r3s.com.br,PHARUS,Junior Teixeira,NAO_ENCONTRADO,-,,NAO_ENCONTRADO,-,,NAO_ESTA_EM_NENHUM
4b4332d1-1757-483a-bfb8-3de27ad00ec6,Anderson Batista,,5544998884106,drandersonbatista@gmail.com,PHARUS,Tales Salinas Rozo,NAO_ENCONTRADO,-,,NAO_ENCONTRADO,-,,NAO_ESTA_EM_NENHUM
869f00b3-0f14-41e2-8135-73de54baf097,Anderson Batista Cavalcante,39079161829,5524974023011,anderson.abcfiscal@gmail.com,PHARUS,Hendrick Dorner,NAO_ENCONTRADO,-,,NAO_ENCONTRADO,-,,NAO_ESTA_EM_NENHUM
7280d608-b3a0-415b-a374-930e161864ba,Anderson Carlos de Castro Moura,47371269187,5561999776151,andersonpmdf@gmail.com,PHARUS,Cleuber Anicesio,NAO_ENCONTRADO,-,,NAO_ENCONTRADO,-,,NAO_ESTA_EM_NENHUM
93876f72-2401-4eb3-ad21-fba86385ae3b,Anderson Carlos de Mesquita,40655358838,5513991486862,anderson.mesquita@outlook.com,PHARUS,Gabriel Oliveira,NAO_ENCONTRADO,-,,NAO_ENCONTRADO,-,,NAO_ESTA_EM_NENHUM
6d1e7c02-3721-41c9-9c46-f0917df5d975,Anderson da Silva Araujo,,5567992191906,cmtepardal@gmail.com,PHARUS,Hendrick Dorner,NAO_ENCONTRADO,-,,NAO_ENCONTRADO,-,,NAO_ESTA_EM_NENHUM
65d51d0c-0a57-48f0-a84b-99907b59359a,Anderson da Silva Souza,,92991282395,andss.med@gmail.com,PHARUS,Willian Oliveira Schimidt,NAO_ENCONTRADO,-,,NAO_ENCONTRADO,-,,NAO_ESTA_EM_NENHUM
d954e7fb-73c2-473a-aa51-6abdf605ca5b,Anderson de Jesus Costa,,,prefeitopinhal@gmail.com,PHARUS,Carlos Serafim,NAO_ENCONTRADO,-,,NAO_ENCONTRADO,-,,NAO_ESTA_EM_NENHUM
0006917d-682b-4c05-917b-f3763a264a3d,Anderson dos Santos Silva,31243331879,19991512085,anderson@andersonsilva.adv.br,PHARUS,Willian Sobral,NAO_ENCONTRADO,-,,NAO_ENCONTRADO,-,,NAO_ESTA_EM_NENHUM
128c0774-5d63-47a4-ae65-b1a5566e666a,Anderson Leal Ribeiro,19967929870,+5511989680763,anderson.r8@hotmail.com,PHARUS,Ana Ávalos,NAO_ENCONTRADO,-,,AMBIGUO,NOME_APENAS,,AMBIGUO
3e118722-f552-4f1b-bae9-1fd7818ea9e3,Anderson Lucio Magalhães Campos,,5531972222700,andersonlmcampos@gmail.com,PHARUS,Willian Sobral,NAO_ENCONTRADO,-,,NAO_ENCONTRADO,-,,NAO_ESTA_EM_NENHUM
cd97b9f5-cc49-43ff-a2fe-049b5a83031d,Anderson Miosso Oliveira,75638410678,5532991993649,jffilhote@gmail.com,PHARUS,Cleuber Anicesio,NAO_ENCONTRADO,-,,NAO_ENCONTRADO,-,,NAO_ESTA_EM_NENHUM
f68ee292-358a-472b-a2ee-e63ca343e328,Andre Alvarenga Fernandes,69570248149,6592258808,andrealvarenga34@gmail.com,PHARUS,João Gonçalves,NAO_ENCONTRADO,-,,NAO_ENCONTRADO,-,,NAO_ESTA_EM_NENHUM
111a21ff-bdcb-4849-8863-1e6009e4c640,Andre Bermudez,,,,PHARUS,,NAO_ENCONTRADO,-,,NAO_ENCONTRADO,-,,NAO_ESTA_EM_NENHUM
c6aa0dca-8f9b-4b47-bfac-d2dd0734a54f,André Caetano Luna,,5511949339170,acllluna@gmail.com,PHARUS,Willian Sobral,NAO_ENCONTRADO,-,,NAO_ENCONTRADO,-,,NAO_ESTA_EM_NENHUM
cc28e807-19a0-4e34-9d40-a0c8dc2937cf,André Luis Thomas,,5555997237089,andre.proempreendedor@gmail.com,PHARUS,Hendrick Dorner,NAO_ENCONTRADO,-,,NAO_ENCONTRADO,-,,NAO_ESTA_EM_NENHUM
5b00c8b5-0081-4a26-a848-0b7e60973c6d,Andre Luiz Cattiste Filho,21580845886,5512981269745,cattiste@hotmail.com,PHARUS,Thiago Freire,NAO_ENCONTRADO,-,,NAO_ENCONTRADO,-,,NAO_ESTA_EM_NENHUM
25476109-8261-40ae-81a5-9b0fdcb4cbba,Andre Luiz Marques Cunha Junior,,5592984148772,andremarques.juris@gmail.com,PHARUS,Abner Braga,NAO_ENCONTRADO,-,,NAO_ENCONTRADO,-,,NAO_ESTA_EM_NENHUM
4d7e990a-4f22-4da4-8c87-6e9a8fc0fca0,André Luiz Tombini,,5549999840373,tombini.andre@gmail.com,PHARUS,Samuel Araújo,NAO_ENCONTRADO,-,,NAO_ENCONTRADO,-,,NAO_ESTA_EM_NENHUM
805e9938-f646-4872-8725-73355a5dce33,André Martins Tomasin,36822797840,5516997010380,andre.tomasin@gmail.com,PHARUS,Gabriel Oliveira,NAO_ENCONTRADO,-,,NAO_ENCONTRADO,-,,NAO_ESTA_EM_NENHUM
d018b636-3209-4bfb-a3d6-b4e5c018d2ce,Andre Pinne,,,,PHARUS,,NAO_ENCONTRADO,-,,NAO_ENCONTRADO,-,,NAO_ESTA_EM_NENHUM
a2ce0aa2-6ced-4158-9f2b-46b0b56e5a65,André Rodrigues Zanatta,10923171800,5561981239692,andrerzanatta@gmail.com,PHARUS,Tales Salinas Rozo,NAO_ENCONTRADO,-,,NAO_ENCONTRADO,-,,NAO_ESTA_EM_NENHUM
3b5c585f-0c45-47d3-96ab-c0ef435c7055,André Souza Brito Oliveira,81996721534,5571996283006,andresbomed@gmail.com,PHARUS,Tales Salinas Rozo,NAO_ENCONTRADO,-,,NAO_ENCONTRADO,-,,NAO_ESTA_EM_NENHUM
4a78a5c9-7097-4027-b69c-35a3b9af0774,André Torrecilha Zago,29018353841,+5511966643340,zagotandre@gmail.com,PHARUS,,NAO_ENCONTRADO,-,,NAO_ENCONTRADO,-,,NAO_ESTA_EM_NENHUM
e5703a6a-1755-4064-bc61-8668fcc7d82c,Andrea de Souza Coelho Benazzi,92737811791,21999710274,drandreabenazzi@hotmail.com,PHARUS,João Aliceda,NAO_ENCONTRADO,-,,NAO_ENCONTRADO,-,,NAO_ESTA_EM_NENHUM
29f60209-74fb-41be-84c7-1e3bec37ba0e,Andrea Felix Pereira Costa,44620160253,+5511965976793,andreafpc0212@gmail.com,PHARUS,,NAO_ENCONTRADO,-,,NAO_ENCONTRADO,-,,NAO_ESTA_EM_NENHUM
60957e00-98d3-4932-bf87-81531709453b,Andrea Kazuko Amoedo,17371904869,5511965313689,andreaamoedo73@gmail.com,PHARUS,Rodrigo Lunardi,NAO_ENCONTRADO,-,,NAO_ENCONTRADO,-,,NAO_ESTA_EM_NENHUM
8ce09c4e-7aab-41db-bed3-e4e8f23ec430,Andréa Leite Prado,,5545999640581,deia.milk@gmail.com,PHARUS,Gabriel Oliveira,NAO_ENCONTRADO,-,,NAO_ENCONTRADO,-,,NAO_ESTA_EM_NENHUM
813498ff-fd06-484a-9476-73cdb0bb14f7,Andrea Pimentel Accioly,,55 62 8409-8614,andrea@andreaaccioly.com.br,PHARUS,Willian Sobral,NAO_ENCONTRADO,-,,NAO_ENCONTRADO,-,,NAO_ESTA_EM_NENHUM
63120561-cd66-4ba3-aad2-5fbbc13d919b,Andrea Ramos de Oliveira,,5511982075540,oliveira24ramos@yahoo.com.br,PHARUS,Gabriel Oliveira,NAO_ENCONTRADO,-,,NAO_ENCONTRADO,-,,NAO_ESTA_EM_NENHUM
5ef81d70-427e-43b1-a745-13add0a1d6e9,Andrea Redondano Pompeu Lavoura,13946634800,5519998283355,alavoura@terra.com.br,PHARUS,Junior Teixeira,NAO_ENCONTRADO,-,,NAO_ENCONTRADO,-,,NAO_ESTA_EM_NENHUM
67df6931-411f-4546-97e3-f5edceeb68e6,Andrea Souza,,5534984079152,asouzabr2021@gmail.com,PHARUS,Hendrick Dorner,NAO_ENCONTRADO,-,,NAO_ENCONTRADO,-,,NAO_ESTA_EM_NENHUM
047b33f7-99c4-4a8a-b7b8-41d933279a05,Andrei Brilhante Silva Costa,02814054767,5548988293646,andreibrilhante@gmail.com,DAVOS,Eduardo Peroni,NAO_ENCONTRADO,-,,NAO_ENCONTRADO,-,,NAO_ESTA_EM_NENHUM
a875bbaa-e2c2-4b65-8665-84a7d6643a88,Andreia de Oliveira,28641054898,5516981907562,andreia_olialves@hotmail.com,PHARUS,Gabriel Oliveira,NAO_ENCONTRADO,-,,NAO_ENCONTRADO,-,,NAO_ESTA_EM_NENHUM
fd3c98b6-9b6f-4ec7-90dd-f1024a4c2ff0,Andréia Rissato dos Santos,16292259838,5511992799961,andreiarissato84@gmail.com,PHARUS,Abner Braga,NAO_ENCONTRADO,-,,NAO_ENCONTRADO,-,,NAO_ESTA_EM_NENHUM
d64db264-c22b-4962-b239-8f5c18dca557,Andressa Stefenon,,5551999988976,andressastefenon@gmail.com,PHARUS,Gabriel Oliveira,NAO_ENCONTRADO,-,,NAO_ENCONTRADO,-,,NAO_ESTA_EM_NENHUM
dca5c659-2e33-4306-b091-ce4180778114,Andressa Teles,29834059825,5511943312865,andressatc@outlook.com,PHARUS,Gabriel Oliveira,NAO_ENCONTRADO,-,,NAO_ENCONTRADO,-,,NAO_ESTA_EM_NENHUM
dd4d339e-3aee-4d56-a4fa-b0f1ff1eee52,Anelise Domingues Schuler Dargel (+ Aroldo),80815120044,5551993270734,aneliseschuler@gmail.com,DAVOS,Julio Cienkonog,NAO_ENCONTRADO,-,,NAO_ENCONTRADO,-,,NAO_ESTA_EM_NENHUM
bcae04ac-5f59-4b62-b3db-29a20136ddeb,Anelise Mattos Nogueira Pirola,,5511973500203,anelisepirola@gmail.com,PHARUS,João Gonçalves,NAO_ENCONTRADO,-,,NAO_ENCONTRADO,-,,NAO_ESTA_EM_NENHUM
8cb3aaf3-bc2b-4724-bd66-a43cd354d47a,Angela Marcia Romano Cury (marcia),,14991680063,marciacury03@gmail.com,PHARUS,João Aliceda,NAO_ENCONTRADO,-,,NAO_ENCONTRADO,-,,NAO_ESTA_EM_NENHUM
9c0db2c1-1a8b-401a-994f-26fd295b27d6,Angélica Beatriz Condarco Salas,70776475100,5511952292041,condarcoangelica@gmail.com,PHARUS,Abner Braga,NAO_ENCONTRADO,-,,NAO_ENCONTRADO,-,,NAO_ESTA_EM_NENHUM
8f10cc90-4c3f-4a5b-b208-ec41735962b7,Angelo Fialho Drummond,,5571986433336,drummond738@gmail.com,PHARUS,,NAO_ENCONTRADO,-,,NAO_ENCONTRADO,-,,NAO_ESTA_EM_NENHUM
84b061fe-2519-4c41-ae0b-85de5a92708b,Anna Carolyne Saraiva Brito Oliveira,64372405391,5586999499333,annaacsb@hotmail.com,PHARUS,Tales Salinas Rozo,NAO_ENCONTRADO,-,,NAO_ENCONTRADO,-,,NAO_ESTA_EM_NENHUM
971b37db-fa59-406d-8877-15e8840545d4,Annathércia Said Skeff Soares Neiva,82288283300,86994522705,annatsaid@yahoo.com.br,PHARUS,Tales Salinas Rozo,ENCONTRADO_EXATO,QV_ID+CPF+EMAIL+TELEFONE,37b399bf-66bd-41aa-9ae7-ee18dc5d4026,NAO_ENCONTRADO,-,,ESTA_NO_ANCHOR
c2e9eaa4-ff09-42a4-8c35-334a609d1c88,Antonia Bezerra de Alcantara,43886124134,5561985939342,antonia@lidercont.com,PHARUS,Gabriel Oliveira,NAO_ENCONTRADO,-,,NAO_ENCONTRADO,-,,NAO_ESTA_EM_NENHUM
6e624013-f0ac-49bf-8d8a-07d2ffdcdb3b,Antonia Veneranda de Carvalho,22624538372,5596981216436,25adnyk@pm.me,PHARUS,Carlos Serafim,NAO_ENCONTRADO,-,,NAO_ENCONTRADO,-,,NAO_ESTA_EM_NENHUM
49f79343-589d-4751-821a-667580315431,Antonio Araujo dos Santos Vilhena,,5521981921700,tomvilhena@gmail.com,PHARUS,André Rockenbach,NAO_ENCONTRADO,-,,NAO_ENCONTRADO,-,,NAO_ESTA_EM_NENHUM
cd815b1a-2d3d-4bee-b9f8-b5946f89051a,Antônio Campanile Neto,,,antonio.campanile.acn@gmail.com,PHARUS,Carlos Serafim,NAO_ENCONTRADO,-,,NAO_ENCONTRADO,-,,NAO_ESTA_EM_NENHUM
b42815b5-1618-4416-aba6-dc8c9e9a5883,Antônio Carlos Mayer de Sousa,,5541999911991,antoniomayersouza@hotmail.com,PHARUS,,NAO_ENCONTRADO,-,,NAO_ENCONTRADO,-,,NAO_ESTA_EM_NENHUM
e4eaa887-c0cf-44ba-acd1-7922b2a3d39c,Antônio Carlos Pires Maciel,20921845634,5531999892889,drtmaciel@gmail.com,DAVOS,Eduardo Peroni,NAO_ENCONTRADO,-,,NAO_ENCONTRADO,-,,NAO_ESTA_EM_NENHUM
b594d59c-66a9-4db2-a2c5-eb8ed5c7d380,Antônio Carneiro,,5521998383737,apfcarneiro@gmail.com,DAVOS,Daniel Fentanes,NAO_ENCONTRADO,-,,NAO_ENCONTRADO,-,,NAO_ESTA_EM_NENHUM
3dc6593d-4730-4345-9ab4-30e32db76ddf,Antonio de Padua Faria,,5534 99971-4098,zapefaria@gmail.com,PHARUS,Samuel Araújo,NAO_ENCONTRADO,-,,NAO_ENCONTRADO,-,,NAO_ESTA_EM_NENHUM
2cc166e3-12c5-441b-b4d7-bbe8fa8e372f,Antônio dos Anjos Brito,02463555572,+5571988960120,antoniobrito1@gmail.com,PHARUS,,NAO_ENCONTRADO,-,,NAO_ENCONTRADO,-,,NAO_ESTA_EM_NENHUM
86f187d9-ac0d-4885-8170-e1c9a5852b33,Antonio Expedito de Oliveira Silva,,5585996474907,tonyextraglass@gmail.com,PHARUS,Rafael Pracz,NAO_ENCONTRADO,-,,NAO_ENCONTRADO,-,,NAO_ESTA_EM_NENHUM
49df8b6e-b739-47ab-af8a-91980b60480e,Antonio Ferreira Simões Filho,49409735300,+55 98 9984 2106,antoniosimoes2106@gmail.com,PHARUS,Gabriel Oliveira,NAO_ENCONTRADO,-,,NAO_ENCONTRADO,-,,NAO_ESTA_EM_NENHUM
c24dd426-3ba8-4fd9-952b-9aef37bc5465,Antonio Francisco de Araujo Netto,,5581998951511,nettotk@yahoo.com.br,PHARUS,Tales Salinas Rozo,NAO_ENCONTRADO,-,,NAO_ENCONTRADO,-,,NAO_ESTA_EM_NENHUM
35989876-0276-4a04-acb7-ec5dadcee4c5,Antônio Gonzaga da Silva Filho,,5531991057428,agonzagasf@gmail.com,PHARUS,Gabriel Oliveira,NAO_ENCONTRADO,-,,NAO_ENCONTRADO,-,,NAO_ESTA_EM_NENHUM
49ca98df-b607-4672-854e-8ccdc008980e,Antônio Henrique Paiva de Souza,34947230100,55619813461275561983094385,abinavejoias@gnail.com,PHARUS,Junior Teixeira,NAO_ENCONTRADO,-,,NAO_ENCONTRADO,-,,NAO_ESTA_EM_NENHUM
c9901275-05bb-4c75-9ede-c2ce69be221e,Antonio Luiz da Costa Morganti,14552145827,5516997677985,,DAVOS,Eduardo Peroni,NAO_ENCONTRADO,-,,NAO_ENCONTRADO,-,,NAO_ESTA_EM_NENHUM
171512e7-fb70-4b67-83a3-68cd17767d76,Antônio Marcos Parra,25808642884,5514991682845,anmarcosparra@hotmail.com,PHARUS,Tales Salinas Rozo,NAO_ENCONTRADO,-,,NAO_ENCONTRADO,-,,NAO_ESTA_EM_NENHUM
3abd9914-5035-4e6e-978e-5596d729a167,Antonio Ranieri Gomes da Silva,14990407253,5595981029045,ranierisilva5691@gmail.com,PHARUS,Junior Teixeira,NAO_ENCONTRADO,-,,NAO_ENCONTRADO,-,,NAO_ESTA_EM_NENHUM
8284701b-8c6a-47c3-8462-87e766a776d0,Antonio Rodrigo Sant'ana,,,asantana@sbclaw.com.br,PHARUS,Carlos Serafim,NAO_ENCONTRADO,-,,NAO_ENCONTRADO,-,,NAO_ESTA_EM_NENHUM
7af577c1-5548-4a72-9a4a-07d56d262400,Antônio Sergio da Silva,,5511991701181,aashayodha@icloud.com,PHARUS,,NAO_ENCONTRADO,-,,NAO_ENCONTRADO,-,,NAO_ESTA_EM_NENHUM
cd61c47d-af0e-48c3-8e01-90932da0c83e,Arethusa Mussi Salomão de Avelar,,5567984770000,arethusasalomao@gmail.com,PHARUS,Cleuber Anicesio,NAO_ENCONTRADO,-,,NAO_ENCONTRADO,-,,NAO_ESTA_EM_NENHUM
b53b57bc-f19b-4c2d-ad4c-311c0d544b46,Ariadne L M Brito Bertarini,,5534988558765,aribrito@gmail.com,PHARUS,Cleuber Anicesio,NAO_ENCONTRADO,-,,NAO_ENCONTRADO,-,,NAO_ESTA_EM_NENHUM
37777c1f-67bd-4ad3-ab6b-99b8a3dbc3e6,Armando Altomare,,5585992669791,aaltomare@protonmail.com,PHARUS,Tales Salinas Rozo,NAO_ENCONTRADO,-,,NAO_ENCONTRADO,-,,NAO_ESTA_EM_NENHUM
38f67ce2-e943-46f9-8e50-12c58f1f714f,Armando Luiz Fernandes Filho,11640471758,5566999864860,armandoluizfernandesfilho@gmail.com,PHARUS,João Aliceda,NAO_ENCONTRADO,-,,NAO_ENCONTRADO,-,,NAO_ESTA_EM_NENHUM
925ac793-f26b-48c6-89dc-3815b39be302,Arnaldo Neves,30396014828,5511991389897,arnaldo.neves@gmail.com,PHARUS,Junior Teixeira,NAO_ENCONTRADO,-,,NAO_ENCONTRADO,-,,NAO_ESTA_EM_NENHUM
a1fd1194-1671-4a64-b5fa-d120913edcf5,Arthur Oscar Vaz de Almeida Netto,29629303876,5517996561800,arthur.netto@hotmail.com,PHARUS,Willian Oliveira Schimidt,NAO_ENCONTRADO,-,,NAO_ENCONTRADO,-,,NAO_ESTA_EM_NENHUM
ced70e47-526e-48d2-9e83-5fde6c25e30c,Artur de Paula Falconi,10008473650,32999851129,arturpfalconi@gmail.com,PHARUS,Abner Braga,ENCONTRADO_EXATO,QV_ID+CPF+EMAIL+TELEFONE,60eeb9b1-e1fa-4684-9df1-1e00602099f1,NAO_ENCONTRADO,-,,ESTA_NO_ANCHOR
d6897a6c-c19f-4866-9eb3-88e65f423d23,Ashley Marques,,5579999099289,marques.ashley@gmail.com,PHARUS,,NAO_ENCONTRADO,-,,NAO_ENCONTRADO,-,,NAO_ESTA_EM_NENHUM
c55657ea-26e5-4e0f-80ac-6e004c825f56,Ataides Eliseu,33127395000,5555999623010,eliseupires@hotmail.com,PHARUS,João Gonçalves,NAO_ENCONTRADO,-,,NAO_ENCONTRADO,-,,NAO_ESTA_EM_NENHUM
e0313c56-4907-42b6-9114-22fea8fdf13a,Ayala Nunes de Carvalho Melo,,5598985897064,ayalacarvalhomelo@gmail.com,PHARUS,Junior Teixeira,NAO_ENCONTRADO,-,,NAO_ENCONTRADO,-,,NAO_ESTA_EM_NENHUM
fcb2341a-00ed-4809-ad3c-98f4ca349935,Bárbara Miroski de Oliveira Pinto,,+55 41 9675-0412,bahmiroski@hotmail.com,PHARUS,Willian Sobral,NAO_ENCONTRADO,-,,NAO_ENCONTRADO,-,,NAO_ESTA_EM_NENHUM
c2cc9bda-e295-4493-a79f-69f421abe617,Beatriz Braga de Oliveira Fernandes,13885829886,5511975081069,biabragafernandes@gmail.com,PHARUS,Willian Sobral,NAO_ENCONTRADO,-,,NAO_ENCONTRADO,-,,NAO_ESTA_EM_NENHUM
ead3f4ce-2eca-4371-a5d2-7cae010f4236,Beatriz de Almeida Cingi Siqueira,46198130606,5531994140076,beatrizsingi@gmail.com,PHARUS,Gabriel Oliveira,NAO_ENCONTRADO,-,,NAO_ENCONTRADO,-,,NAO_ESTA_EM_NENHUM
0c9241a6-6ca9-4e74-8ea1-2ceaa4308f9f,Benicia Sara Salinas Zambelli,68353863634,33988058352,bessalinas@yahoo.com.br,DAVOS,Eduardo Peroni,NAO_ENCONTRADO,-,,NAO_ENCONTRADO,-,,NAO_ESTA_EM_NENHUM
90aa50fc-928e-46fe-969e-b35b5c0c5980,Bernardo Araújo,03843936676,5532999827805,bernardoneurofisiologista13@gmail.com,PHARUS,Tales Salinas Rozo,NAO_ENCONTRADO,-,,NAO_ENCONTRADO,-,,NAO_ESTA_EM_NENHUM
af92ee9d-d1ea-4565-bdff-9797ee2aeba6,Bernardo Lage de Assis Rocha,,5531988286244,bernardo.lage@yahoo.com.br,PHARUS,Hendrick Dorner,NAO_ENCONTRADO,-,,NAO_ENCONTRADO,-,,NAO_ESTA_EM_NENHUM
e652106c-9e6a-4da3-b819-1e62c77586da,Bianca Haddad Abi Faraj,34113667888,5511997983037,biancafaraj@gmail.com,PHARUS,Hendrick Dorner,NAO_ENCONTRADO,-,,NAO_ENCONTRADO,-,,NAO_ESTA_EM_NENHUM
7080d19a-f74f-4bde-8078-96a91643b0a4,Bianca Lustosa Bentes,66125669220,5561986680509,biancalustosabentes@gmail.com,PHARUS,Willian Oliveira Schimidt,NAO_ENCONTRADO,-,,NAO_ENCONTRADO,-,,NAO_ESTA_EM_NENHUM
ee8792bc-fb29-4dfd-9cee-5a39bf8b536e,Brenno Diniz Cavalcante,,5586981610718,brenno_diniz@hotmail.com,PHARUS,Tales Salinas Rozo,NAO_ENCONTRADO,-,,NAO_ENCONTRADO,-,,NAO_ESTA_EM_NENHUM
730d9484-0c2d-4943-a9e1-97dcc15bb178,Breno Correa Farago Jr,70901392634,5519981547247,brenofarago@gmail.com,PHARUS,Gabriel Oliveira,NAO_ENCONTRADO,-,,NAO_ENCONTRADO,-,,NAO_ESTA_EM_NENHUM
18d73f8f-8e48-4384-b1da-b16420ab6399,Breno Nagamine Botta Benjamin,30135344867,5519981549819,brenofmj@yahoo.com.br,PHARUS,Andrieli Campesato,ENCONTRADO_EXATO,QV_ID+CPF+EMAIL+TELEFONE,2ad4d2c6-6f1d-4b4b-9fb9-3330e9e1f6fc,NAO_ENCONTRADO,-,,ESTA_NO_ANCHOR
262ca823-04b5-4724-8b67-378f5de6a8f9,Breno Oliveira de Barcelos Martins,,5531992088359,brenoobm@hotmail.com,PHARUS,Tales Salinas Rozo,NAO_ENCONTRADO,-,,NAO_ENCONTRADO,-,,NAO_ESTA_EM_NENHUM
d7a14a38-0936-4b13-92c9-82bd7fb034b4,Bruna Moreira dos Santos,93458371249,69996000203,drabrunamoreira@hotmail.com,PHARUS,Tales Salinas Rozo,ENCONTRADO_EXATO,QV_ID+CPF+EMAIL+TELEFONE,58f8528c-e355-4ae8-be3d-84f003297a07,NAO_ENCONTRADO,-,,ESTA_NO_ANCHOR
1256a594-8ae1-4504-bab1-23babf28658b,Bruno Aguiar,65285956315,5585988761234,brunodeaguiar@hotmail.com,PHARUS,Tiago Junior,NAO_ENCONTRADO,-,,NAO_ENCONTRADO,-,,NAO_ESTA_EM_NENHUM
a243d455-7b06-4638-ad6e-c788aacb77fc,Bruno Alexandre Carvalho da Silva,,5511944446086,br.carvalho9207@gmail.com,PHARUS,Junior Teixeira,NAO_ENCONTRADO,-,,NAO_ENCONTRADO,-,,NAO_ESTA_EM_NENHUM
2209ecae-79aa-46e5-9923-9145d250af2a,Bruno Almeida de Abreu,,5527981176137,braabreu@gmail.com,PHARUS,Gabriel Oliveira,NAO_ENCONTRADO,-,,NAO_ENCONTRADO,-,,NAO_ESTA_EM_NENHUM
21fd476d-e70b-4962-8454-a73922b00714,Bruno Barbosa de Cerqueira,,5571988121191,brunow_bbc@hotmail.com,PHARUS,João Aliceda,NAO_ENCONTRADO,-,,NAO_ENCONTRADO,-,,NAO_ESTA_EM_NENHUM
1d07c5f3-1bbd-4264-8041-4630c2b44ff5,Bruno Barboza Brito,,5527992921770,brunobbrito@yahoo.com.br,PHARUS,Cleuber Anicesio,NAO_ENCONTRADO,-,,NAO_ENCONTRADO,-,,NAO_ESTA_EM_NENHUM
9bea5aa9-926f-4055-a6bc-91c0b612a404,Bruno Benevides Duarte Leite,88587282468,5583981150999,brunobenevides.adv@hotmail.com,PHARUS,Cleuber Anicesio,NAO_ENCONTRADO,-,,NAO_ENCONTRADO,-,,NAO_ESTA_EM_NENHUM
595f29f8-a65d-4063-9b9c-0632d30218a3,Bruno Borraccia Ribeiro,32544772867,5511991619217,bruno_rib@yahoo.com.br,PHARUS,Samuel Araújo,NAO_ENCONTRADO,-,,NAO_ENCONTRADO,-,,NAO_ESTA_EM_NENHUM
22fa0130-26e0-4a8b-8030-6278a973037a,Bruno Cardoso Ramos*,11196227780,5532999797930,investi.valent@gmail.com,PHARUS,Junior Teixeira,NAO_ENCONTRADO,-,,NAO_ENCONTRADO,-,,NAO_ESTA_EM_NENHUM
45f3b3a7-14e3-447c-82e5-ca59045eebed,Bruno Carneiro Monteiro,,5591992217943,brunoc.monteiro@bol.com.br,PHARUS,Willian Oliveira Schimidt,NAO_ENCONTRADO,-,,NAO_ENCONTRADO,-,,NAO_ESTA_EM_NENHUM
7c4e0d59-cf1d-47a7-8293-c2926507db7c,Bruno César Vedovato,32968656830,19999214107,bcesarv@gmail.com,DAVOS,Lucas Barrientos,NAO_ENCONTRADO,-,,NAO_ENCONTRADO,-,,NAO_ESTA_EM_NENHUM
0e17f4ff-1b68-4d87-920f-a42eca851e2b,Bruno da Fonseca Damasceno,29019358855,5511997515249,brunodamasceno@hotmail.com,PHARUS,Cleuber Anicesio,NAO_ENCONTRADO,-,,NAO_ENCONTRADO,-,,NAO_ESTA_EM_NENHUM
6e832202-f3dc-4579-b514-c0a13f8983d9,Bruno de Carvalho Marques,11120196779,5521997527913,cmarques.bruno@gmail.com,PHARUS,Tales Salinas Rozo,NAO_ENCONTRADO,-,,NAO_ENCONTRADO,-,,NAO_ESTA_EM_NENHUM
4e8f1f31-9cea-4e2f-b62c-d4a49e17c371,Bruno Elias Chamorro Rodriguez,,5545988223100,brunoe.chamorro@gmail.com,PHARUS,Gabriel Oliveira,NAO_ENCONTRADO,-,,NAO_ENCONTRADO,-,,NAO_ESTA_EM_NENHUM
5f77185c-b760-4e46-96c2-e5f356bd19dc,Bruno José V. C. Nascimento,,+55 21 96417-7955,brunojnascimento@gmail.com,PHARUS,Tiago Junior,NAO_ENCONTRADO,-,,NAO_ENCONTRADO,-,,NAO_ESTA_EM_NENHUM
b4a1cb05-fbed-4b0f-b745-b99c1352c9fe,Bruno Kotama,37024772840,5511981264125,,DAVOS,Lucas Barrientos,NAO_ENCONTRADO,-,,NAO_ENCONTRADO,-,,NAO_ESTA_EM_NENHUM
94498f8f-6a3f-4d4e-89d7-fde5c807562a,Bruno Matias,,5543996971919,brunomatiasmd@gmail.com,PHARUS,Samuel Araújo,NAO_ENCONTRADO,-,,NAO_ENCONTRADO,-,,NAO_ESTA_EM_NENHUM
c26ff0cd-0a60-4dcf-a012-3b0b99f641a9,Bruno Mesko Dias,,5551980272385,brunomesko@meskodiasadvogados.com,PHARUS,Hendrick Dorner,NAO_ENCONTRADO,-,,NAO_ENCONTRADO,-,,NAO_ESTA_EM_NENHUM
03a85c69-a788-44f0-b6c4-8f2ff6dd4dfb,Bruno Passos Leite dos Santos,,,brunoplsantos@me.com,PHARUS,Gabriel Oliveira,NAO_ENCONTRADO,-,,NAO_ENCONTRADO,-,,NAO_ESTA_EM_NENHUM
c3861c59-27b9-4a4d-846b-6816cdf07d94,Bruno Ronchi Vieira,,558589470150,brunoronchi@hotmail.com,PHARUS,Cleuber Anicesio,NAO_ENCONTRADO,-,,NAO_ENCONTRADO,-,,NAO_ESTA_EM_NENHUM
2fb3e59b-a7cd-45bf-add7-923b0c2141e4,Bruno Santos Jales,,5531991998882,brunojales85@gmail.com,PHARUS,Hendrick Dorner,NAO_ENCONTRADO,-,,NAO_ENCONTRADO,-,,NAO_ESTA_EM_NENHUM
3a04144b-d76c-4edb-8c76-e27f1c7f3841,Bruno Suffredini,01885725540,5571997248711,brunosuffredini@gmail.com,DAVOS,Eduardo Peroni,NAO_ENCONTRADO,-,,NAO_ENCONTRADO,-,,NAO_ESTA_EM_NENHUM
a914aa39-7ce6-4df7-9b29-c2e99bc08812,Bruno Tubino Noronha,,5551984085800,btnbio@hotmail.com,PHARUS,Tiago Junior,NAO_ENCONTRADO,-,,NAO_ENCONTRADO,-,,NAO_ESTA_EM_NENHUM
f4ac3dfa-0030-41bf-adc4-cdcbda5035bf,Bruno Zomer Ruzza,,5548999840344,brunozomer@gmail.com,PHARUS,Abner Braga,NAO_ENCONTRADO,-,,NAO_ENCONTRADO,-,,NAO_ESTA_EM_NENHUM
64febf35-ddef-4f2a-ada7-c6fd6e0cb6ae,Cácio Alves de Santana,,,,PHARUS,,NAO_ENCONTRADO,-,,NAO_ENCONTRADO,-,,NAO_ESTA_EM_NENHUM
b1f94e2b-a32b-440c-9c09-df392774e25d,Caetano José Sousa Frota,82435510349,85 996403982,caetano_frota@hotmail.com,PHARUS,Willian Oliveira Schimidt,NAO_ENCONTRADO,-,,NAO_ENCONTRADO,-,,NAO_ESTA_EM_NENHUM
c59bf72a-cad5-4da9-b174-1bd6b71fb5eb,Caio Cezar Andrade Veiga,,5571992080088,caio.veiga@gmail.com,PHARUS,Gabriel Oliveira,NAO_ENCONTRADO,-,,NAO_ENCONTRADO,-,,NAO_ESTA_EM_NENHUM
199c0697-7a1c-4522-aca5-c9807a875217,Caio Henrique Carvalho de Siqueira Lima,,,caiohcsl@gmail.com,PHARUS,Carlos Serafim,NAO_ENCONTRADO,-,,NAO_ENCONTRADO,-,,NAO_ESTA_EM_NENHUM
f1a75ae7-7fb1-49d0-9af4-727cdd8d1eee,Caio Malumbres Lopes Cavalcanti,,5516991149508,cavalcanticaio@hotmail.com,PHARUS,Tales Salinas Rozo,NAO_ENCONTRADO,-,,NAO_ENCONTRADO,-,,NAO_ESTA_EM_NENHUM
46dfc2ae-6904-4436-82ce-eb2562345c39,Caio Maneschy,00791869202,5511943836608,maneschycaio90@gmail.com,DAVOS,Eduardo Peroni,NAO_ENCONTRADO,-,,NAO_ENCONTRADO,-,,NAO_ESTA_EM_NENHUM
e1a430cf-3b91-424f-b1ad-fd1aa8137964,Caio Wallace Matinez*,31334191883,5511992831804,caio@w5.com.br,PHARUS,Cleuber Anicesio,NAO_ENCONTRADO,-,,NAO_ENCONTRADO,-,,NAO_ESTA_EM_NENHUM
5d23f782-4ff0-4790-838e-50cab5566633,Caique Ferreira de Faria,,5537999702073,caique852@hotmail.com,PHARUS,Gabriel Oliveira,NAO_ENCONTRADO,-,,NAO_ENCONTRADO,-,,NAO_ESTA_EM_NENHUM
90f38747-262e-414f-acf5-4a36d3d6dff6,Camila de Mattos Gonçalves,38050540847,5516981294133,camis_goncalves@hotmail.com,PHARUS,Abner Braga,NAO_ENCONTRADO,-,,NAO_ENCONTRADO,-,,NAO_ESTA_EM_NENHUM
763153c7-7000-43c5-a6b7-738a8dd84603,Camila de Sa Pacheco,,5551981479248,milla121186@hotmail.com,PHARUS,Gabriel Oliveira,NAO_ENCONTRADO,-,,NAO_ENCONTRADO,-,,NAO_ESTA_EM_NENHUM
bc042969-a666-41e6-b905-829da7c6ab75,Camila Gonçalves Martins,35137558800,11980116796,Camilgm8@hotmail.com,PHARUS,João Aliceda,NAO_ENCONTRADO,-,,NAO_ENCONTRADO,-,,NAO_ESTA_EM_NENHUM
651c62c9-1c64-47db-9fb9-fe4bd3435d8b,Camila Misae Lopes Kawabata,,,camilakawabata@yahoo.com.br,PHARUS,Carlos Serafim,NAO_ENCONTRADO,-,,NAO_ENCONTRADO,-,,NAO_ESTA_EM_NENHUM
9e7f89ca-8fa7-4159-a2c6-09edd0218a86,Camile Mendes Gonçalves,,5524998450638,camilemgoncalves@gmail.com,PHARUS,Gabriel Oliveira,NAO_ENCONTRADO,-,,NAO_ENCONTRADO,-,,NAO_ESTA_EM_NENHUM
e9d7993e-0336-4a2a-a48d-9fafe2eeb6c0,Camilla Amorim,,5521981881290,camillamorim@gmail.com,PHARUS,Tales Salinas Rozo,NAO_ENCONTRADO,-,,NAO_ENCONTRADO,-,,NAO_ESTA_EM_NENHUM
a21cfd16-b6fc-461c-9aee-734aa49b73df,Camilla Sandri de Oliveira Pinto,10797861718,,camillasandri.o@gmail.com,DAVOS,Eduardo Peroni,NAO_ENCONTRADO,-,,NAO_ENCONTRADO,-,,NAO_ESTA_EM_NENHUM
f6190745-2bc8-448e-b349-62300c1b929d,Camilo de Souza Ferreira,,5535999586311,camilooab@yahoo.com.br,PHARUS,Gabriel Oliveira,NAO_ENCONTRADO,-,,NAO_ENCONTRADO,-,,NAO_ESTA_EM_NENHUM
ce4ff0a5-2f18-4ccb-8d7a-45f81d8a1b3a,Candice Crisostomo Monteiro Landim,64095142553,5511944550201,candylandim@hotmail.com,PHARUS,Samuel Araújo,NAO_ENCONTRADO,-,,NAO_ENCONTRADO,-,,NAO_ESTA_EM_NENHUM
0ac976f7-ce76-4459-94e6-a7816553891a,Cândido Osvaldo de Moura,,5512997641960,candidomoura3@gmail.com,PHARUS,,NAO_ENCONTRADO,-,,NAO_ENCONTRADO,-,,NAO_ESTA_EM_NENHUM
04d181cb-4ffe-4c27-bd8d-4ced697a9703,Carina Martins Maués dos Santos,,,carinamaues@hotmail.com,PHARUS,Carlos Serafim,NAO_ENCONTRADO,-,,NAO_ENCONTRADO,-,,NAO_ESTA_EM_NENHUM
cb28362d-adff-4507-933b-55348708022b,Carla Barros Siqueira Palhares,22088429875,5555981036250,barroscarla@hotmail.com,DAVOS,Eduardo Peroni,NAO_ENCONTRADO,-,,NAO_ENCONTRADO,-,,NAO_ESTA_EM_NENHUM
602afb76-de45-4bdc-891e-7e82f711bd38,Carla Bernardini de Araújo,25087913857,5511981499411,carla.bernardini@gmail.com,PHARUS,Cleuber Anicesio,NAO_ENCONTRADO,-,,NAO_ENCONTRADO,-,,NAO_ESTA_EM_NENHUM
8b9f9f56-a28f-4092-9284-965b7408e698,Carla Faraco Magalhães,,5531992348875,faracomagalhaes.sec@gmail.com,PHARUS,Samuel Araújo,NAO_ENCONTRADO,-,,NAO_ENCONTRADO,-,,NAO_ESTA_EM_NENHUM
bfa64bea-dab2-4f60-b356-20326dc5094b,Carla Wunder Pinheiro,,555498141359,carlawpinheiro@gmail.com,PHARUS,Willian Sobral,NAO_ENCONTRADO,-,,NAO_ENCONTRADO,-,,NAO_ESTA_EM_NENHUM
002dde03-02ed-4af3-9ea0-108137b376cc,Carlane Greyce Sousa Pinheiro,29482891813,5571991454954,dracarlane@gmail.com,PHARUS,Samuel Araújo,NAO_ENCONTRADO,-,,NAO_ENCONTRADO,-,,NAO_ESTA_EM_NENHUM
45fed348-e738-445f-a55c-f1bf2614ff14,Carlos Adalberto Cortez,26920986841,19999325221,carlos@cbccontabil.com.br,PHARUS,João Aliceda,NAO_ENCONTRADO,-,,NAO_ENCONTRADO,-,,NAO_ESTA_EM_NENHUM
12b059f4-2efe-43e3-b5f7-90c3e0288c42,Carlos Alberto Jung,40000710920,5542999752375,carlosjung@terra.com.br,PHARUS,João Gonçalves,NAO_ENCONTRADO,-,,NAO_ENCONTRADO,-,,NAO_ESTA_EM_NENHUM
ee53894a-493b-4740-8f74-8567499b06e0,Carlos Alberto Nunes Lopes,95769633620,5531987992797,carlos.n.lopes@gmail.com,PHARUS,Hendrick Dorner,NAO_ENCONTRADO,-,,NAO_ENCONTRADO,-,,NAO_ESTA_EM_NENHUM
be5e4c21-5363-474d-ab4f-229d421b1abb,Carlos Alexandre Smidt Lima,27715499803,5511984820003,alexsmidt@hotmail.com,PHARUS,Gabriel Oliveira,NAO_ENCONTRADO,-,,NAO_ENCONTRADO,-,,NAO_ESTA_EM_NENHUM
9803bd95-c7c5-45e9-b573-be893b5ff7f2,Carlos Antonio de Olivieira Filho,00852395183,5562999496400,carlosufgjatai@hotmail.com,PHARUS,Gabriel Oliveira,NAO_ENCONTRADO,-,,NAO_ENCONTRADO,-,,NAO_ESTA_EM_NENHUM
cbbb22ad-b934-4ede-b846-a8730fc142f3,Carlos Augusto Luzzi,,5541988816423,luzzi.carlos@gmail.com,PHARUS,Cleuber Anicesio,NAO_ENCONTRADO,-,,NAO_ENCONTRADO,-,,NAO_ESTA_EM_NENHUM
6ddf8edb-1365-4b07-b102-df5f877d5336,Carlos Eduardo Aleixo Prado,12259931804,559581118008,carlosgeisla@gmail.com,DAVOS,Lucas Barrientos,NAO_ENCONTRADO,-,,NAO_ENCONTRADO,-,,NAO_ESTA_EM_NENHUM
56cff37f-7b8b-45f8-9527-93d0763a2914,Carlos Eduardo Buchen,,5547996522598,drbuchen@hotmail.com,PHARUS,Samuel Araújo,NAO_ENCONTRADO,-,,NAO_ENCONTRADO,-,,NAO_ESTA_EM_NENHUM
3e2690c7-b572-415f-afab-168323199506,Carlos Eduardo Gagliardi Toloi,28521535805,5516988322326,dr_toloi@hotmail.com,PHARUS,Rodrigo Lunardi,NAO_ENCONTRADO,-,,NAO_ENCONTRADO,-,,NAO_ESTA_EM_NENHUM
2ae47364-b0c5-4f9a-9ab5-9b36e71300ca,Carlos Eduardo Xavier,,,carlos.e.xavier73@gmail.com,PHARUS,Carlos Serafim,NAO_ENCONTRADO,-,,NAO_ENCONTRADO,-,,NAO_ESTA_EM_NENHUM
2f88ea94-8273-4c9c-9e4a-79136679632e,Carlos Erberto dos Santos Medeiros Junior,70369003004,5548991644228,carlos.medeirossmjr@gmail.com,PHARUS,Cleuber Anicesio,NAO_ENCONTRADO,-,,NAO_ENCONTRADO,-,,NAO_ESTA_EM_NENHUM
b98f4390-828e-4f87-86ab-1f149fdf41ef,Carlos Gustavo de Sa Pereira Croce,28671010856,5515998557000,gustavospcroce@gmail.com,PHARUS,Carlos Serafim,NAO_ENCONTRADO,-,,NAO_ENCONTRADO,-,,NAO_ESTA_EM_NENHUM
2b0dc4ff-9edf-4544-a617-5bfe635dfce2,Carlos Jorge Lotfi,05110239878,5511992696000,carlaolotfi@uol.com.br,DAVOS,Eduardo Peroni,NAO_ENCONTRADO,-,,NAO_ENCONTRADO,-,,NAO_ESTA_EM_NENHUM
e3c2fbbc-5fa6-44a3-b6e0-d0e195f43375,Carlos Lindermann da Matta,,5551998780017,carlosldamatta@outlook.com,PHARUS,Cleuber Anicesio,NAO_ENCONTRADO,-,,NAO_ENCONTRADO,-,,NAO_ESTA_EM_NENHUM
625103d5-8ef6-40a3-96f0-094b1cf85816,Carlos Magno Pereira Filho,,5564992020073,carlosmagnopf@yahoo.com.br,PHARUS,Hendrick Dorner,NAO_ENCONTRADO,-,,NAO_ENCONTRADO,-,,NAO_ESTA_EM_NENHUM
acb9e890-8c13-433b-b33a-e70657e5e5b0,Carlos Manoel de Oliveira Figueiredo,80474250563,5579999769955,carlos.manoel.fig@gmail.com,PHARUS,Hendrick Dorner,NAO_ENCONTRADO,-,,NAO_ENCONTRADO,-,,NAO_ESTA_EM_NENHUM
dab7d354-00fb-4c1b-a285-712e046e1d12,Carlos Marcelo Viana de Sousa,96764317372,5585988327433,marceloviana@msn.com,PHARUS,Tales Salinas Rozo,NAO_ENCONTRADO,-,,NAO_ENCONTRADO,-,,NAO_ESTA_EM_NENHUM
4e384ab8-3be6-4321-89be-da4129868536,Carlos Miguel Lorente Soler,06760073177,11996420607,carlosmlorente2014@gmail.com,PHARUS,Thiago Freire,ENCONTRADO_EXATO,QV_ID+CPF+EMAIL+TELEFONE,9f8bfef4-db07-4166-85a1-7736db325f47,NAO_ENCONTRADO,-,,ESTA_NO_ANCHOR
29a084ba-f209-486a-bad1-252a0b6a5940,Carlos Thomas Brasileiro,88099482620,5534991349368,cathbr@terra.com.br,DAVOS,Lucas Barrientos,NAO_ENCONTRADO,-,,NAO_ENCONTRADO,-,,NAO_ESTA_EM_NENHUM
0aec49c9-ab65-472d-be60-c48f23a9ebd2,Carlos Wesley de Morais,,5528998869293,cwmoraisme@outlook.com,PHARUS,André Rockenbach,NAO_ENCONTRADO,-,,NAO_ENCONTRADO,-,,NAO_ESTA_EM_NENHUM
966776cf-7301-4644-8ad2-58a822aa9cdf,Carlyle Góis Miranda,97473448315,5589981007599,carlylegoismiranda@yahoo.com.br,PHARUS,Cleuber Anicesio,NAO_ENCONTRADO,-,,NAO_ENCONTRADO,-,,NAO_ESTA_EM_NENHUM
e85e59c0-cf15-4a93-b334-1b991bfb292d,Carmem Beatriz Linhares Mariano,56775555920,5541999943698,cbeatriz6@yahoo.com.br,PHARUS,Cleuber Anicesio,NAO_ENCONTRADO,-,,NAO_ENCONTRADO,-,,NAO_ESTA_EM_NENHUM
b9154c88-56f8-4709-b4aa-0d9ff74c754f,Carmenlis Bizzi,,5553999714584,rainhadoouro@gmail.com,PHARUS,,NAO_ENCONTRADO,-,,NAO_ENCONTRADO,-,,NAO_ESTA_EM_NENHUM
665b6a3e-947d-4137-bbcb-13e185360677,Carolina Almeida de Sousa,26793974874,5511981475000,carolina.sousa163@gmail.com,PHARUS,Hendrick Dorner,NAO_ENCONTRADO,-,,NAO_ENCONTRADO,-,,NAO_ESTA_EM_NENHUM
dcfac87c-72c1-4d6f-b423-38edcef736fd,Carolina Stedile,00758782080,54999240407,carostedile@gmail.com,PHARUS,Tales Salinas Rozo,ENCONTRADO_EXATO,QV_ID+CPF+EMAIL+TELEFONE,072ac881-dd3c-49fb-a0a5-a7febc62a90e,NAO_ENCONTRADO,-,,ESTA_NO_ANCHOR
38576ead-b67c-4685-937f-99dbb3684263,Caroline Leite de Souza Bento,,5521998746289,carolinelsbento@gmail.com,PHARUS,Cleuber Anicesio,NAO_ENCONTRADO,-,,NAO_ENCONTRADO,-,,NAO_ESTA_EM_NENHUM
dc8f921f-b763-4ed8-8c85-983053a64523,Caroline Nappi Chaves,69365741149,5511994208820,carolinenappi@yahoo.com.br,PHARUS,Cleuber Anicesio,NAO_ENCONTRADO,-,,NAO_ENCONTRADO,-,,NAO_ESTA_EM_NENHUM
0dc49d65-73a3-474d-bd5f-e6e6ea142961,Caroline Spósito Brito Germano,,5577998014050,carolinesbgermano@gmail.com,PHARUS,Cleuber Anicesio,NAO_ENCONTRADO,-,,NAO_ENCONTRADO,-,,NAO_ESTA_EM_NENHUM
3d77ec53-1565-4cb6-b58b-a5811393ae64,Cassiane Borges da Silva,,5554999272109,cassianeborges1984@gmail.com,PHARUS,Tiago Junior,NAO_ENCONTRADO,-,,NAO_ENCONTRADO,-,,NAO_ESTA_EM_NENHUM
6411f3f3-6272-4d23-90fe-dc09435c59d1,Cassio Luiz Kienen,,554198418520,cassiokienen@gmail.com,PHARUS,Cleuber Anicesio,NAO_ENCONTRADO,-,,NAO_ENCONTRADO,-,,NAO_ESTA_EM_NENHUM
2f98ee34-40d4-4386-8055-395f16cbe043,Cecília Lopes,,5571993053989,cicalvs@gmail.com,PHARUS,João Aliceda,NAO_ENCONTRADO,-,,NAO_ENCONTRADO,-,,NAO_ESTA_EM_NENHUM
7d056cf2-5430-4f4f-9688-b6b4d432348b,Celso Aparecido de Souza,27215619877,5515974005289,celso@avenis.com.br,PHARUS,Cleuber Anicesio,NAO_ENCONTRADO,-,,NAO_ENCONTRADO,-,,NAO_ESTA_EM_NENHUM
e15a6c93-fe8b-49d8-9678-1d5cfe957ba7,Cesar Cedenir Sarturi,,+55 47 99241-9235,cesar@solturi.com.br,PHARUS,Willian Sobral,NAO_ENCONTRADO,-,,NAO_ENCONTRADO,-,,NAO_ESTA_EM_NENHUM
f9af2e5e-20e6-4728-b822-0a24fb0ebb1b,Cezar Augusto Hernández Kouyomdjian,37049519863,5511986091506,cezar_djian@hotmail.com,PHARUS,Gabriel Oliveira,NAO_ENCONTRADO,-,,NAO_ENCONTRADO,-,,NAO_ESTA_EM_NENHUM
219cfba0-da6e-4854-8e1d-43c0444c5126,Charles André Carazzo,76681513034,5554999742221,cacarazzo@hotmail.com,PHARUS,Gabriel Oliveira,NAO_ENCONTRADO,-,,NAO_ENCONTRADO,-,,NAO_ESTA_EM_NENHUM
bf17c33e-16c8-4afa-a7bf-f15ab63604e8,Charles Pires de França,,5519971457874,charles.supera@gmail.com,PHARUS,Cleuber Anicesio,NAO_ENCONTRADO,-,,NAO_ENCONTRADO,-,,NAO_ESTA_EM_NENHUM
78935d4e-7762-48c4-8903-b8e4e7c739cf,Christian Carlos de Araújo Nogueira,63410176187,62981385679,drchristiann@terra.com.br,PHARUS,Gabriel Oliveira,ENCONTRADO_EXATO,QV_ID+CPF+EMAIL+TELEFONE,88078ed1-edec-4c11-acf3-c11e6daa3619,NAO_ENCONTRADO,-,,ESTA_NO_ANCHOR
cea3eb8b-0336-430e-8d12-8069fef5399c,Christian Debus,,,chrisdebus8581@gmail.com,PHARUS,Carlos Serafim,NAO_ENCONTRADO,-,,NAO_ENCONTRADO,-,,NAO_ESTA_EM_NENHUM
99ca986a-5462-4bb7-a39e-9577c651b411,Christianne Guilhon Martelotta Amalfi,93954131749,5519996083338,chamalfi@terra.com.br,PHARUS,Tiago Junior,NAO_ENCONTRADO,-,,NAO_ENCONTRADO,-,,NAO_ESTA_EM_NENHUM
44385269-743f-4ebc-9aa6-812fb10feb3a,Cibele Alves de Carvalho,68010508691,5531999516065,cibeleradiologia@gmail.com,DAVOS,Eduardo Peroni,NAO_ENCONTRADO,-,,NAO_ENCONTRADO,-,,NAO_ESTA_EM_NENHUM
03556ec7-39da-47cf-acb7-54e040c964b5,Cibele Magalhães Itapary,64491960330,5598981111919,,DAVOS,Eduardo Peroni,NAO_ENCONTRADO,-,,NAO_ENCONTRADO,-,,NAO_ESTA_EM_NENHUM
001c4726-0f49-446e-8f81-8802a4628717,Cicero Anderson Palacio de Carvalho,,88999613030,palacioanderson@hotmail.com,PHARUS,Junior Teixeira,NAO_ENCONTRADO,-,,NAO_ENCONTRADO,-,,NAO_ESTA_EM_NENHUM
92e3c234-2ed6-4303-a239-92a973a347f4,Cícero Bahia Teixeira,81466250534,5521982251774,cicerobteixeira@gmail.com,PHARUS,Willian Oliveira Schimidt,NAO_ENCONTRADO,-,,NAO_ENCONTRADO,-,,NAO_ESTA_EM_NENHUM
b532a6ff-5070-4f5c-9679-6fe0166df9d3,Cícero João de Carvalho Júnior,,5566999766665,cicerojjr@hotmail.com,PHARUS,Carlos Serafim,NAO_ENCONTRADO,-,,NAO_ENCONTRADO,-,,NAO_ESTA_EM_NENHUM
197b6099-6efd-4872-a921-d46e03416151,Cinara Mauad,65514440249,5594991152122,,DAVOS,Eduardo Peroni,NAO_ENCONTRADO,-,,NAO_ENCONTRADO,-,,NAO_ESTA_EM_NENHUM
399a67f9-6971-464c-a147-838272fa35f7,Cindy Camargo Ferreira,38267627898,5512988040202,cf.cindy@hotmail.com,PHARUS,Samuel Araújo,NAO_ENCONTRADO,-,,NAO_ENCONTRADO,-,,NAO_ESTA_EM_NENHUM
fe3f5b1f-361d-46e7-9e5f-956607842a4b,Cindy Tápia,31645132838,5519974047076,cindy@pratikadistribuidora.com.br,PHARUS,Hendrick Dorner,NAO_ENCONTRADO,-,,NAO_ENCONTRADO,-,,NAO_ESTA_EM_NENHUM
f2434b38-d975-450a-93d7-e036dbdf51de,Cinthia Sant Anna Almeida,82456240553,5571987554838,cinthiabord@hotmail.com,PHARUS,Cleuber Anicesio,NAO_ENCONTRADO,-,,NAO_ENCONTRADO,-,,NAO_ESTA_EM_NENHUM
7958bbf4-4a3a-4208-a67f-c47619976b4a,Cíntia Aparecida Prestes de Barros,,5515996995054,dracintiapbarros@gmail.com,PHARUS,André Rockenbach,NAO_ENCONTRADO,-,,NAO_ENCONTRADO,-,,NAO_ESTA_EM_NENHUM
b803d653-1ae0-4ea6-a6af-dd13617bec1b,Clara de Siqueira Campos,30833306855,5511992627847,clascampos@yahoo.com.br,PHARUS,Tiago Junior,NAO_ENCONTRADO,-,,NAO_ENCONTRADO,-,,NAO_ESTA_EM_NENHUM
2a9f2560-8c72-4b91-b73c-3d28a061d79a,Claudemiro de Castro Meira Neto,80678580553,5582982002313,claudemironeto2@yahoo.com,DAVOS,Eduardo Peroni,NAO_ENCONTRADO,-,,NAO_ENCONTRADO,-,,NAO_ESTA_EM_NENHUM
eb2affa0-19be-4238-badf-e73ae7000632,Claudia Ciarlini Martins,98382659349,5585999279991,claudiaciarlini@hotmail.com,PHARUS,Tales Salinas Rozo,NAO_ENCONTRADO,-,,NAO_ENCONTRADO,-,,NAO_ESTA_EM_NENHUM
4d626cab-56d8-4d95-9076-f026752ec8ea,Claudia Lopes da Costa de Góes Nogueira,50945203004,5561993113007,clcgnogueira@gmail.com,PHARUS,Tales Salinas Rozo,NAO_ENCONTRADO,-,,NAO_ENCONTRADO,-,,NAO_ESTA_EM_NENHUM
37f15e2e-53c9-449f-bbbd-122aa1e6f6f5,Claudia Maria de Medeiros Câmara,,5532984026475,c.68camara@gmail.com,PHARUS,Rodrigo Amorim,NAO_ENCONTRADO,-,,AMBIGUO,NOME_APENAS,,AMBIGUO
7272248a-83bd-4601-b0c4-cc42888a6f12,Claudia Maria Osorio Chaves,55988318215,559281120519,claudiamachaves@gmail.com,DAVOS,Lucas Barrientos,NAO_ENCONTRADO,-,,NAO_ENCONTRADO,-,,NAO_ESTA_EM_NENHUM
8f6506ea-8540-40b6-a4e6-ca20460d17a0,Claudia Patzlaff,52924017149,5511992669806,claudia@p4mobile.com.br,PHARUS,Abner Braga,NAO_ENCONTRADO,-,,NAO_ENCONTRADO,-,,NAO_ESTA_EM_NENHUM
c3ea37fd-6985-41dd-b26a-237052d88a9e,Cláudia Regina Vianna Ledur Jampaulo,50650297091,11996272481,ledur@hotmail.com,PHARUS,Gustavo Papeschi Mariano,NAO_ENCONTRADO,-,,NAO_ENCONTRADO,-,,NAO_ESTA_EM_NENHUM
0ba407f8-0bb1-4ef5-a5d2-ac69e5850797,Claudia Renata Prestes de Toledo,,5519982361118,claudyatoledo@icloud.com,PHARUS,Willian Sobral,NAO_ENCONTRADO,-,,NAO_ENCONTRADO,-,,NAO_ESTA_EM_NENHUM
d05d7dfa-0438-4c58-8495-56ba4a615b49,Cláudia Teixeira,,5521993998397,claudiateixeira2020@yahoo.com,PHARUS,Cleuber Anicesio,NAO_ENCONTRADO,-,,NAO_ENCONTRADO,-,,NAO_ESTA_EM_NENHUM
7b9ba3d6-c6d1-41fd-8070-959e8082fb90,Claudinei Pereira da Costa,,,claudinei.costa@barukseguros.com.br,PHARUS,Carlos Serafim,NAO_ENCONTRADO,-,,NAO_ENCONTRADO,-,,NAO_ESTA_EM_NENHUM
f600a085-58b2-4ed1-89c1-9cf5ed6b4533,Cláudio Aldilá Oliveira da Costa,,5593991838505,claudio11aldila@gmail.com,PHARUS,Hendrick Dorner,NAO_ENCONTRADO,-,,NAO_ENCONTRADO,-,,NAO_ESTA_EM_NENHUM
02db9c9d-bb55-4f4f-aa51-9aa27ebbb816,Claudio de Lima Vidal,,+55 17 99726-7999,c.vidal1967@gmail.com,PHARUS,Willian Sobral,NAO_ENCONTRADO,-,,NAO_ENCONTRADO,-,,NAO_ESTA_EM_NENHUM
cf4b979a-e4b8-453a-a2da-c49ee91779a0,Cláudio Eduardo Alves Soares,,5511986440575,claudio_soares_eng@yahoo.com.br,PHARUS,Abner Braga,NAO_ENCONTRADO,-,,NAO_ENCONTRADO,-,,NAO_ESTA_EM_NENHUM
32100e5d-3445-49bb-95ca-9cdff92ce4fb,Claudio Sergio Rogerio Teixeira,,,sergioteixeirar@hotmail.com,PHARUS,Cleuber Anicesio,NAO_ENCONTRADO,-,,NAO_ENCONTRADO,-,,NAO_ESTA_EM_NENHUM
7c34f2ae-204c-41ec-88c8-771b0dfdf4ab,Cledir da Silva Justo,33235906860,5511997712022,cledir.justo@gmail.com,PHARUS,Hendrick Dorner,NAO_ENCONTRADO,-,,NAO_ENCONTRADO,-,,NAO_ESTA_EM_NENHUM
a2fba0ea-e258-4a89-885d-7d1881a120b0,Cleiton Luiz de Andrade,,5547988798000,andrade.cleiton82@gmail.com,DAVOS,Lucas Barrientos,NAO_ENCONTRADO,-,,NAO_ENCONTRADO,-,,NAO_ESTA_EM_NENHUM
b9019b7d-c93e-444f-a935-70e1c5850a73,Cleiton Rodrigo Muller,,,cleitonrodrigomuller@gmail.com,PHARUS,Carlos Serafim,NAO_ENCONTRADO,-,,NAO_ENCONTRADO,-,,NAO_ESTA_EM_NENHUM
3d046297-08fe-4e00-abac-bcd45f851df1,Clênio André Jaques,,558299294606,,DAVOS,Daniel Fentanes,NAO_ENCONTRADO,-,,NAO_ENCONTRADO,-,,NAO_ESTA_EM_NENHUM
3534a952-0ddd-4937-b85e-3f3b25d43649,Clovis Caldeira de Souza,28709770852,5511983433612,souza.caldeira@gmail.com,PHARUS,Junior Teixeira,NAO_ENCONTRADO,-,,NAO_ENCONTRADO,-,,NAO_ESTA_EM_NENHUM
c1ffe9e8-caba-4f94-b6b4-b436047cc8fe,Concetta Esposito,64337936904,5548999604323,concetta.possi@icloud.com,PHARUS,Samuel Araújo,NAO_ENCONTRADO,-,,NAO_ENCONTRADO,-,,NAO_ESTA_EM_NENHUM
b44f805c-c36c-4185-9b6e-b0c64efa6624,Cristian Pedro Boesing,29888928813,+5566999185740,cristianboesing@yahoo.com,PHARUS,,NAO_ENCONTRADO,-,,NAO_ENCONTRADO,-,,NAO_ESTA_EM_NENHUM
f6c066cf-93c4-415a-815b-421aff926f8c,Cristiana María da Conceição,,5515981163336,,PHARUS,Willian Oliveira Schimidt,NAO_ENCONTRADO,-,,NAO_ENCONTRADO,-,,NAO_ESTA_EM_NENHUM
2df67cfa-b001-42fc-b185-9b3597f82537,Cristiane Fernandes Dias Moreira Caetano,51313294268,5517991142725,dra.cristiane@institutoidepe.com.br,PHARUS,Abner Braga,NAO_ENCONTRADO,-,,NAO_ENCONTRADO,-,,NAO_ESTA_EM_NENHUM
f967ffdb-de22-40e9-85be-c6f4dc8b27cc,Cristiane Leal de Morais e Silva Ferraz,80229042104,5562994024080,ferraz.cris@gmail.com,PHARUS,Cleuber Anicesio,NAO_ENCONTRADO,-,,NAO_ENCONTRADO,-,,NAO_ESTA_EM_NENHUM
d3427e35-1d9d-44cd-9d8f-8b2ebb8b73b6,Cristiane Pereira dos Santos Lima,,5562985648141,financeiro@legitimaempilhadeiras.com.br,PHARUS,Abner Braga,NAO_ENCONTRADO,-,,NAO_ENCONTRADO,-,,NAO_ESTA_EM_NENHUM
08f3dbe8-c693-4df7-ace6-9066164b9f1e,Cristiano Castilho Anschau,81089830025,5555996251190,acccastilho@hotmail.com,PHARUS,Junior Teixeira,NAO_ENCONTRADO,-,,NAO_ENCONTRADO,-,,NAO_ESTA_EM_NENHUM
145f8964-4ef7-4c15-8eff-0dff32d2405e,Cristiano Lima,27336321836,5511986042061,cristianoaalima@gmail.com,DAVOS,Daniel Fentanes,NAO_ENCONTRADO,-,,NAO_ENCONTRADO,-,,NAO_ESTA_EM_NENHUM
71d353c4-fb27-4d9f-869e-2ed33b4b0d79,Cristiano Moraes da Silva,13374066860,5513997813993,alals@ig.com.br,PHARUS,Tiago Junior,NAO_ENCONTRADO,-,,NAO_ENCONTRADO,-,,NAO_ESTA_EM_NENHUM
29d98234-86e9-4ece-933f-4c237016a350,Cristiano Ribeiro Rocha,98896334187,5561996135520,cristianoufg@yahoo.com.br,PHARUS,João Aliceda,NAO_ENCONTRADO,-,,NAO_ENCONTRADO,-,,NAO_ESTA_EM_NENHUM
346ca68a-6652-43bf-93ed-cd7ac0a16969,Cristina Borges Horta Barbosa da Silva,,62991945123,crisborgess@gmail.com,PHARUS,Hendrick Dorner,NAO_ENCONTRADO,-,,NAO_ENCONTRADO,-,,NAO_ESTA_EM_NENHUM
eea30d37-d13f-4b2e-9624-680a640ae865,Cristina Marli Villas Bôas Barbosa,66284562934,+55 13 99712-5708,crismarlibarbosa@gmail.com,PHARUS,Tiago Junior,NAO_ENCONTRADO,-,,NAO_ENCONTRADO,-,,NAO_ESTA_EM_NENHUM
a4e4cc6e-6d5f-4639-8111-c227d4de7478,Cynthia de Abreu Diniz Lacerda,85967947191,5562981030607,cynthiabreu@hotmail.com,PHARUS,Junior Teixeira,NAO_ENCONTRADO,-,,NAO_ENCONTRADO,-,,NAO_ESTA_EM_NENHUM
09b7db3c-e1bf-4dcc-aaef-bce1917b6d3d,Dagoberto Malatesta Freitas,14433336890,5511981113811,dagobert@uol.com.br,PHARUS,Hendrick Dorner,NAO_ENCONTRADO,-,,NAO_ENCONTRADO,-,,NAO_ESTA_EM_NENHUM
8a319e1d-0759-4fdb-894f-be4bc52f4aa9,Dalter Oliveira,26001847835,5511983818585,daltermallet@gmail.com,PHARUS,Gabriel Oliveira,NAO_ENCONTRADO,-,,NAO_ENCONTRADO,-,,NAO_ESTA_EM_NENHUM
0899e909-4949-4cfc-9f76-6ebb2bf62a81,Daniel Antonio de Aquino Neto,60194340287,95991525950,danielaquinobusiness@gmail.com,PHARUS,Gabriel Oliveira,ENCONTRADO_EXATO,QV_ID+CPF+EMAIL+TELEFONE,c725d0b6-38f2-4774-96ab-6791f8309467,NAO_ENCONTRADO,-,,ESTA_NO_ANCHOR
5f2eba0e-d08b-49de-8ac4-812083156078,Daniel Arruda Celidonio,,5519991354270,arruda.celidonio@gmail.com,PHARUS,Cleuber Anicesio,NAO_ENCONTRADO,-,,NAO_ENCONTRADO,-,,NAO_ESTA_EM_NENHUM
85534ef1-4678-4d7a-af69-61c11d2d1eaf,Daniel Augusto Gazzolo Durand,51343843200,5592993914321,danielgazzolo859@gmail.com,PHARUS,João Aliceda,NAO_ENCONTRADO,-,,NAO_ENCONTRADO,-,,NAO_ESTA_EM_NENHUM
2de29c68-0a58-4349-a5fd-2ce93831746f,Daniel Borges Marras,94108846168,5566999093090,danielmarras@hotmail.com,PHARUS,Hendrick Dorner,NAO_ENCONTRADO,-,,NAO_ENCONTRADO,-,,NAO_ESTA_EM_NENHUM
d91ac942-44df-4eb5-90f6-f9f304248653,Daniel Braga Linhares Garcia,,5588999680082,daniel.linhares@hotmail.com,DAVOS,Lucas Barrientos,NAO_ENCONTRADO,-,,NAO_ENCONTRADO,-,,NAO_ESTA_EM_NENHUM
0d93f7f7-0026-4781-a2c7-3ce94435881a,Daniel Carlos da Silva Ribeiro,10098059750,5524974024509,danielcarlos2008@yahoo.com.br,PHARUS,Hendrick Dorner,NAO_ENCONTRADO,-,,NAO_ENCONTRADO,-,,NAO_ESTA_EM_NENHUM
e7dd9345-fbb5-4ad1-b5fd-e51d3683193c,Daniel Carlos de Souza Silva,91324599391,5521995242208,danielc2on@gmail.com,DAVOS,Lucas Barrientos,NAO_ENCONTRADO,-,,NAO_ENCONTRADO,-,,NAO_ESTA_EM_NENHUM
3fc53e8d-72d5-4749-9d53-ad7b4e38bd62,Daniel Daher Junior,28377835878,5562981031991,ddaher@uol.com.br,PHARUS,João Aliceda,NAO_ENCONTRADO,-,,NAO_ENCONTRADO,-,,NAO_ESTA_EM_NENHUM
cf4b99ed-71da-4b53-b3cb-fc965b74537f,Daniel Dorta,38151104830,5511999586364,,PHARUS,Rodrigo Lunardi,NAO_ENCONTRADO,-,,NAO_ENCONTRADO,-,,NAO_ESTA_EM_NENHUM
3824bc7a-e0f5-46e7-a56e-1a4116e54d79,Daniel Durante,82180075049,5554999123719,danieldurante-eng@hotmail.com,PHARUS,Hendrick Dorner,NAO_ENCONTRADO,-,,NAO_ENCONTRADO,-,,NAO_ESTA_EM_NENHUM
0818317b-659b-412d-bd67-d549d68c0085,Daniel Fabiano dos Santos,97244449020,1198753048,eusoudanielfabiano@gmail.com,PHARUS,,NAO_ENCONTRADO,-,,NAO_ENCONTRADO,-,,NAO_ESTA_EM_NENHUM
a1fb276d-e5ce-44c1-92d8-ec9ed97dbd1a,Daniel Felice Guerreiro Nascimento,,5534991380006,frustula@yahoo.com.br,PHARUS,Abner Braga,NAO_ENCONTRADO,-,,NAO_ENCONTRADO,-,,NAO_ESTA_EM_NENHUM
22364268-86b8-4d72-9ea9-7683c49483d2,Daniel Fridman,34973931004,5551998089332,danivision26@gmail.com,PHARUS,Cleuber Anicesio,NAO_ENCONTRADO,-,,NAO_ENCONTRADO,-,,NAO_ESTA_EM_NENHUM
a07be6c2-15db-4f42-a9cb-561bdb464555,Daniel Jacintho de Toledo Cesar,08039403863,+5518997161616,danjacintho@uol.com.br,PHARUS,,NAO_ENCONTRADO,-,,NAO_ENCONTRADO,-,,NAO_ESTA_EM_NENHUM
016e4182-664b-4fda-989e-2d2759d872ff,Daniel Lin Santos,,5531982999168,daniellinsantos@yahoo.com.br,DAVOS,Cleuber Anicesio,NAO_ENCONTRADO,-,,NAO_ENCONTRADO,-,,NAO_ESTA_EM_NENHUM
9918860d-e08b-4701-9da2-38af5c8efc18,Daniel Machado Ferreira Costa,,5571999865288,danmfcosta@gmail.com,PHARUS,,NAO_ENCONTRADO,-,,NAO_ENCONTRADO,-,,NAO_ESTA_EM_NENHUM
5e53c2dd-92b5-46cd-a398-bcf38f618739,Daniel Oliveira Ribeiro,,,danieloribeiro@gmail.com,PHARUS,Carlos Serafim,NAO_ENCONTRADO,-,,NAO_ENCONTRADO,-,,NAO_ESTA_EM_NENHUM
4e29ffa1-cc79-42f5-b6f2-328abeb55a63,Daniel Paludo Bruneto,,5541991314550,daniel_brunetto@hotmail.com,DAVOS,Daniel Fentanes,NAO_ENCONTRADO,-,,NAO_ENCONTRADO,-,,NAO_ESTA_EM_NENHUM
509f250a-26a0-4263-a04c-71fdcf048268,Daniel Pereira da Silva / Aline de S. R. da Silva,62837109304,5599991204848,drdanielfiim@uol.com.br,PHARUS,João Aliceda,NAO_ENCONTRADO,-,,NAO_ENCONTRADO,-,,NAO_ESTA_EM_NENHUM
37166bd9-7b3a-48bd-9898-383ba8afe976,Daniel Pereira de Andrade,,553788160489,danielp@cardiol.br,DAVOS,Lucas Barrientos,NAO_ENCONTRADO,-,,NAO_ENCONTRADO,-,,NAO_ESTA_EM_NENHUM
d99e44ff-8629-4bf9-9e5e-367b436c7451,Daniel Porto,,5571987906899,,DAVOS,Lucas Barrientos,NAO_ENCONTRADO,-,,NAO_ENCONTRADO,-,,NAO_ESTA_EM_NENHUM
8e1b5fac-4ea1-453d-b83d-b306d27c6207,Daniel Raspante Marmora,28198981810,5511930027357,danrasp79@gmail.com,PHARUS,Junior Teixeira,NAO_ENCONTRADO,-,,NAO_ENCONTRADO,-,,NAO_ESTA_EM_NENHUM
e175ea41-3ef2-487a-a64c-3a9f3215275f,Daniel Ribeiro de Moura,94491780110,5562992392484,danielrmoura@gmail.com,PHARUS,Hendrick Dorner,NAO_ENCONTRADO,-,,NAO_ENCONTRADO,-,,NAO_ESTA_EM_NENHUM
d87a283c-03f5-4c76-91c5-c3b0de736842,Daniel Schneider Ibanez,31370583842,5561999249477,drdanielsi@hotmail.com,PHARUS,Gustavo Papeschi Mariano,NAO_ENCONTRADO,-,,NAO_ENCONTRADO,-,,NAO_ESTA_EM_NENHUM
bdbcf1c6-cd8a-455b-8bdc-0139a456deba,Daniel Ulian Gianisella,,5551998362875,daniel.gianisella@gmail.com,PHARUS,Cleuber Anicesio,NAO_ENCONTRADO,-,,NAO_ENCONTRADO,-,,NAO_ESTA_EM_NENHUM
91257ce9-3d49-4ed2-b07e-9b744c905c86,Daniel Vasconcelos e Beatriz,26841281896,5522997476171,danielcvasconcelos@yahoo.com.br,PHARUS,Tales Salinas Rozo,NAO_ENCONTRADO,-,,NAO_ENCONTRADO,-,,NAO_ESTA_EM_NENHUM
a36fdd6e-01b4-42bf-8bc7-d0cc541c7318,Daniel Yoshio Kawahara,,5541997583228,dankwhr@gmail.com,PHARUS,Abner Braga,NAO_ENCONTRADO,-,,NAO_ENCONTRADO,-,,NAO_ESTA_EM_NENHUM
938e322a-d4ee-4321-a698-f607d3b29bb6,Daniela Adriana Jaldin Ortuño,13599463735,21996917905,dra.danijaldin@gmail.com,PHARUS,Tales Salinas Rozo,ENCONTRADO_EXATO,QV_ID+CPF+EMAIL+TELEFONE,77268120-e227-4cd6-9c6e-87842789560c,NAO_ENCONTRADO,-,,ESTA_NO_ANCHOR
72766dc2-24c5-41c4-a197-877c87cfc39c,Daniela Berardo,,5581992620650,danibcc@hotmail.com,PHARUS,Gustavo Papeschi Mariano,NAO_ENCONTRADO,-,,NAO_ENCONTRADO,-,,NAO_ESTA_EM_NENHUM
849a29c6-f5bb-4e29-ae50-b42ef8571143,Daniela Campos,41300066814,5515992605225,dani_campos@live.com,PHARUS,Gabriel Oliveira,NAO_ENCONTRADO,-,,NAO_ENCONTRADO,-,,NAO_ESTA_EM_NENHUM
31aea149-865f-40f7-81f3-731bace46a47,Daniela de Almeida Ochoa Cruz,,5531988316881,danielaochoacruz@gmail.com,PHARUS,Hendrick Dorner,NAO_ENCONTRADO,-,,NAO_ENCONTRADO,-,,NAO_ESTA_EM_NENHUM
0379459a-680b-4ba8-977c-da1d55b04635,Daniela Delai Rufato,,5583988432000,danielarufato21@gmail.com,PHARUS,Abner Braga,NAO_ENCONTRADO,-,,NAO_ENCONTRADO,-,,NAO_ESTA_EM_NENHUM
5a8cb429-e641-4c80-9b91-0054e7ee7404,Daniele Paschotto,,5512991382863,danielerpaschotto@gmail.com,PHARUS,Gabriel Oliveira,NAO_ENCONTRADO,-,,NAO_ENCONTRADO,-,,NAO_ESTA_EM_NENHUM
609b9259-c2bf-4022-b0c1-5c323a190335,Daniele Tramontina,,5511997077784,danitramontinamed@gmail.com,PHARUS,Tales Salinas Rozo,NAO_ENCONTRADO,-,,NAO_ENCONTRADO,-,,NAO_ESTA_EM_NENHUM
a35edbd9-9d61-44f0-8905-66f81333d3e1,Daniella Barreto de Melo,28729697808,5511992668194,daniella_b_melo@hotmail.com,PHARUS,Gabriel Oliveira,NAO_ENCONTRADO,-,,NAO_ENCONTRADO,-,,NAO_ESTA_EM_NENHUM
d0cba886-39c6-42aa-aee3-581efa05893d,Daniella Cembranelli Viana da Silva,33876329833,5516996229990,danycembranelly@gmail.com,PHARUS,Samuel Araújo,NAO_ENCONTRADO,-,,NAO_ENCONTRADO,-,,NAO_ESTA_EM_NENHUM
0be14937-3859-4e13-84b0-b2bc66f9aad6,Daniella Stuart Coelho Passos,23013741813,5511992592659,daniellastuart@msn.com,PHARUS,Carlos Serafim,NAO_ENCONTRADO,-,,NAO_ENCONTRADO,-,,NAO_ESTA_EM_NENHUM
65e1bbbd-4f8d-41f5-b69f-98b51307aea2,Danielle Castilho Ferreira Bastos,,+5521985337881,Danibastos39@gmail.com,PHARUS,Hendrick Dorner,NAO_ENCONTRADO,-,,NAO_ENCONTRADO,-,,NAO_ESTA_EM_NENHUM
55ab4b8d-bc65-47b4-96e3-6da64e5b6582,Danielle Giorgenon Di Bonifácio,29599317858,558391067939,danybonifacio@gmail.com,PHARUS,Abner Braga,NAO_ENCONTRADO,-,,NAO_ENCONTRADO,-,,NAO_ESTA_EM_NENHUM
dc3fac49-2a72-49d1-bdbc-b95942776193,Danielle Kuhn,92084540020,5551993754430,danielle.kuhn@hotmail.com,PHARUS,Willian Oliveira Schimidt,NAO_ENCONTRADO,-,,NAO_ENCONTRADO,-,,NAO_ESTA_EM_NENHUM
174c418d-6c1d-439c-a0e2-a7a3825793d7,Danielle Mondek de Miranda Stawinski,,,danimdk30@gmail.com,PHARUS,Carlos Serafim,NAO_ENCONTRADO,-,,NAO_ENCONTRADO,-,,NAO_ESTA_EM_NENHUM
34a3aede-572f-418a-9c49-7f077f85d30e,Danielli Bastiani Rodrigues,93310455149,67992348768,daniellibr@gmail.com,PHARUS,Gabriel Oliveira,ENCONTRADO_EXATO,QV_ID+CPF+EMAIL+TELEFONE,8f75f7ee-1f2f-4405-9917-1518f28e0834,NAO_ENCONTRADO,-,,ESTA_NO_ANCHOR
f2f0fd74-319e-408d-b11a-816c60a2110e,Danilo de Melis,,5588981187700,danilomelispuc@hotmail.com,PHARUS,Willian Oliveira Schimidt,NAO_ENCONTRADO,-,,NAO_ENCONTRADO,-,,NAO_ESTA_EM_NENHUM
e3c7e87d-2271-43b3-981b-1eaf27c10654,Danilo Marques Brasileiro Castro,01203249543,5571999737463,danilombc@hotmail.com,PHARUS,Hendrick Dorner,NAO_ENCONTRADO,-,,NAO_ENCONTRADO,-,,NAO_ESTA_EM_NENHUM
af38f499-c31d-402b-82b4-7cc2297a1dde,Danilo Miguel de Mendonça,34872423895,5514981300008,danilomend86@gmail.com,PHARUS,Samuel Araújo,NAO_ENCONTRADO,-,,NAO_ENCONTRADO,-,,NAO_ESTA_EM_NENHUM
2b71db3d-1e6d-4f86-99ad-d0171d3891f2,Danilo Moura,28581535828,5511976934300,danilo.moura@repdigital.com.br,PHARUS,Gabriel Oliveira,NAO_ENCONTRADO,-,,NAO_ENCONTRADO,-,,NAO_ESTA_EM_NENHUM
09ed4608-b617-40ce-b43a-88b99043e3b3,Danilo Soares Santana,79030270500,71991844813,dansosan@gmail.com,PHARUS,Cleuber Anicesio,ENCONTRADO_EXATO,QV_ID+CPF+EMAIL+TELEFONE,5d0d15a1-ff5e-41c8-b7f7-bd4fa6334409,NAO_ENCONTRADO,-,,ESTA_NO_ANCHOR
768cec05-a6c4-4f99-9d55-bfcbc9f65d4e,Danniel Sann Dias da Silva*,,5571991692793,danielsandias@hotmail.com,PHARUS,Junior Teixeira,NAO_ENCONTRADO,-,,NAO_ENCONTRADO,-,,NAO_ESTA_EM_NENHUM
bf65d767-736f-4aad-b510-f7c272fca362,Daves Ueda,27536118821,5514996510001,davesueda@gmail.com,PHARUS,Gabriel Oliveira,NAO_ENCONTRADO,-,,NAO_ENCONTRADO,-,,NAO_ESTA_EM_NENHUM
bf9a3e1c-d8c4-4372-80b2-9f0c9c9a4e3b,Davi Pedro Bauer,82350760049,5551992942765,davibauer@gmail.com,PHARUS,Tiago Junior,NAO_ENCONTRADO,-,,NAO_ENCONTRADO,-,,NAO_ESTA_EM_NENHUM
4386d1f5-511e-468e-9afd-f13789e2bfdb,David Manzini,60030166047,5554999285174,david@manzinigroup.com,DAVOS,Eduardo Peroni,NAO_ENCONTRADO,-,,NAO_ENCONTRADO,-,,NAO_ESTA_EM_NENHUM
06cb94e5-f5d1-4737-aa4d-428fa482615b,David Pessoa Morano,95770577304,5583999819812,moranodavid@yahoo.com.br,PHARUS,João Gonçalves,NAO_ENCONTRADO,-,,NAO_ENCONTRADO,-,,NAO_ESTA_EM_NENHUM
012c9339-9218-46dc-91fe-569820b60eb0,David Sosa Dias,,5521997810749,davidsosadias@hotmail.com,PHARUS,André Rockenbach,NAO_ENCONTRADO,-,,NAO_ENCONTRADO,-,,NAO_ESTA_EM_NENHUM
cdf5cc2b-7a2d-410c-9edc-d728f2c78c9c,Daviston Clayton Machado,34294222808,5519991667573,daviston.machado@gmail.com,PHARUS,Hendrick Dorner,NAO_ENCONTRADO,-,,NAO_ENCONTRADO,-,,NAO_ESTA_EM_NENHUM
45dd0b60-fc9a-4481-803e-538943508158,Dayane da Silva Chamarelli,38049067882,5519992791451,day.chamarelli@hotmail.com,PHARUS,Tiago Junior,NAO_ENCONTRADO,-,,NAO_ENCONTRADO,-,,NAO_ESTA_EM_NENHUM
940e0244-2f4a-42f8-900c-6a93da550727,Debora Galvão,42464129100,5511999548167,debora@deboragalvao.com.br,DAVOS,Lucas Barrientos,NAO_ENCONTRADO,-,,NAO_ENCONTRADO,-,,NAO_ESTA_EM_NENHUM
4ecea1fc-1a33-407f-a754-18a001c6687d,Debora Veridiana Brier Leite,06638442660,5531983317457,deboravbrier@gmail.com,PHARUS,Pedro Goulart,NAO_ENCONTRADO,-,,NAO_ENCONTRADO,-,,NAO_ESTA_EM_NENHUM
9bac8b24-2b64-43ce-b752-83959b71676a,Deborah Grisolia Fuzina,,51991353849,deborah_fuzina@yahoo.com.br,PHARUS,Willian Oliveira Schimidt,NAO_ENCONTRADO,-,,NAO_ENCONTRADO,-,,NAO_ESTA_EM_NENHUM
3ee60823-79d6-48f6-b1d8-ee44886c2de7,Deborah Ribeiro Petronilho,07385410600,+55 11 98105-8386,debi_sg@hotmail.com,PHARUS,Tiago Junior,NAO_ENCONTRADO,-,,NAO_ENCONTRADO,-,,NAO_ESTA_EM_NENHUM
c950753f-03a0-48cc-ade1-adf380016df5,Deise Anjous Jouber Grupo,,5571991189306,jouber3d@hotmail.com,PHARUS,Gabriel Oliveira,NAO_ENCONTRADO,-,,NAO_ENCONTRADO,-,,NAO_ESTA_EM_NENHUM
1150a15a-9f5e-48bd-8610-b500cc50cf5a,Deize Marchiori,04933294984,47999964580,deizemarchiori@hotmail.com,PHARUS,Gabriel Oliveira,ENCONTRADO_EXATO,QV_ID+CPF+EMAIL+TELEFONE,379d07f8-1976-4302-b9b1-40c070527aa6,NAO_ENCONTRADO,-,,ESTA_NO_ANCHOR
49dfdcf0-5e6e-4200-9fe5-8bb410a36d01,Demerson Dal Berto,,5546991076218,demerson1108@gmail.com,PHARUS,Samuel Araújo,NAO_ENCONTRADO,-,,NAO_ENCONTRADO,-,,NAO_ESTA_EM_NENHUM
cf09409b-bae0-48db-b374-65e817f31c70,Denis Heringer Pereira,36821203865,550852609004,denisheringer@gmail.com,PHARUS,Abner Braga,NAO_ENCONTRADO,-,,NAO_ENCONTRADO,-,,NAO_ESTA_EM_NENHUM
50f71a4c-9a6f-4f9c-913f-2ccf7eb0bb9d,Denis Rocha Meirelles,,5524993016060,calhameirelles@gmail.com,PHARUS,Tiago Junior,NAO_ENCONTRADO,-,,NAO_ENCONTRADO,-,,NAO_ESTA_EM_NENHUM
cca1d777-936b-48e4-a9f3-68a7af8adcf8,Denise Vieira de Moura,,+554191121291,denise.arq@gmail.com,PHARUS,Hendrick Dorner,NAO_ENCONTRADO,-,,NAO_ENCONTRADO,-,,NAO_ESTA_EM_NENHUM
d8b5fa68-0402-426b-8fc6-38925cdd8a36,Denisson Luiz Vieira Macedo,,5581988379035,denomacedo@hotmail.com,PHARUS,Willian Oliveira Schimidt,NAO_ENCONTRADO,-,,NAO_ENCONTRADO,-,,NAO_ESTA_EM_NENHUM
e4b4028c-6d8b-4b84-bc0b-b17b3d66fd18,Denivaldo Muniz Lopes Júnior (júnior Muniz),,5571999103131,junior31leiloes@gmail.com,PHARUS,Hendrick Dorner,NAO_ENCONTRADO,-,,NAO_ENCONTRADO,-,,NAO_ESTA_EM_NENHUM
dd5691ed-c57c-4912-8d21-716c81e356fe,Denylson Sanches Fernandes,,5516997197945,denylsonsfernandes@gmail.com,PHARUS,João Aliceda,NAO_ENCONTRADO,-,,NAO_ENCONTRADO,-,,NAO_ESTA_EM_NENHUM
af05f049-d47c-4f01-a1d7-4eb9afeef314,Deusiene de Brito Mendes,61843440300,+55 82 9627-4494,deusienemendes82@gmail.com,PHARUS,Tiago Junior,NAO_ENCONTRADO,-,,NAO_ENCONTRADO,-,,NAO_ESTA_EM_NENHUM
5dd2f720-54d1-4ffe-b28d-44f35f2d2fde,Diana Marçal Marques Gouvea,31186420847,5521996580011,diana.marcal@hotmail.com,PHARUS,João Aliceda,NAO_ENCONTRADO,-,,NAO_ENCONTRADO,-,,NAO_ESTA_EM_NENHUM
81530aaf-cbfd-4f9a-b90c-5f8601c064de,Diana Rita,,5546988015374,dianaritacantora@hotmail.com,PHARUS,João Aliceda,NAO_ENCONTRADO,-,,NAO_ENCONTRADO,-,,NAO_ESTA_EM_NENHUM
e1a987e7-48dd-4fc0-a51a-6ae632c5c853,Diane Furtado dos Santos,,+55 48 99806-5625,dianeshow7@hotmail.com,PHARUS,Tiago Junior,NAO_ENCONTRADO,-,,NAO_ENCONTRADO,-,,NAO_ESTA_EM_NENHUM
f9d655be-5738-4797-85e3-e03d96f1eefc,Dídimo Dinis Maltezo,58782524220,5569992467802,didimodinis9@hotmail.com,PHARUS,Tales Salinas Rozo,NAO_ENCONTRADO,-,,NAO_ENCONTRADO,-,,NAO_ESTA_EM_NENHUM
e2a65897-6489-4935-8535-7c3a3963c793,Diego Alexandre Fávero e Maria Isabel Nezi Favarim,07095092940,+34 613 983 761,diegofavero11@hotmail.com,PHARUS,João Gonçalves,NAO_ENCONTRADO,-,,NAO_ENCONTRADO,-,,NAO_ESTA_EM_NENHUM
ac79d042-3eb1-4a31-9168-0e00551c3c4f,Diego Almeida Carneiro,,5585996150199,diegokarneiro@gmail.com,PHARUS,Tales Salinas Rozo,NAO_ENCONTRADO,-,,NAO_ENCONTRADO,-,,NAO_ESTA_EM_NENHUM
8ef663f0-b22d-4471-9039-dd19a52ef9f2,Diego Henrique de Freitas e Dias,,5585988425197,diegodias86@gmail.com,PHARUS,Gabriel Oliveira,NAO_ENCONTRADO,-,,NAO_ENCONTRADO,-,,NAO_ESTA_EM_NENHUM
fcc2da86-5701-4863-a321-6dd1ef63811a,Diego Mota Fernandes,06054011600,16994244716,diegomotafer@hotmail.com,PHARUS,João Aliceda,ENCONTRADO_EXATO,QV_ID+CPF+EMAIL+TELEFONE,7cc4dde2-cb55-473a-8eb8-0b2f6a3c7283,NAO_ENCONTRADO,-,,ESTA_NO_ANCHOR
52e0297f-6660-4e20-9bd6-f25ae17f63bf,Diego Santa Rosa Santos,11211391752,24981256144,diegosr.med@hotmail.com,PHARUS,João Aliceda,NAO_ENCONTRADO,-,,NAO_ENCONTRADO,-,,NAO_ESTA_EM_NENHUM
59ce2870-b874-4a4b-b2a2-3b693ada912d,Diego Tinoco Farias,,5521965367096,tinocofarias100@gmail.com,PHARUS,Abner Braga,NAO_ENCONTRADO,-,,NAO_ENCONTRADO,-,,NAO_ESTA_EM_NENHUM
9fb5d0be-1db9-4764-9cc9-ea6043b92bbd,Dimas da Silva,73335134320,5592981335943,dimasa12@terra.com.br,PHARUS,Junior Teixeira,NAO_ENCONTRADO,-,,NAO_ENCONTRADO,-,,NAO_ESTA_EM_NENHUM
b3d0b126-bb01-4745-9cce-899a182559e8,Dimitrius Nikolaos Jacobi Stamoulis,,5534992030000,dimitriusss@hotmail.com,PHARUS,Rodrigo Lunardi,NAO_ENCONTRADO,-,,NAO_ENCONTRADO,-,,NAO_ESTA_EM_NENHUM
c6a0b5e4-46e9-4919-98a4-80c30fbfc209,Diogo Haruo Kogiso*,32028731800,5511989115283,dihkogiso@gmail.com,PHARUS,Hendrick Dorner,NAO_ENCONTRADO,-,,NAO_ENCONTRADO,-,,NAO_ESTA_EM_NENHUM
d4e1c4e7-a8a6-45e6-b611-62002bbd4395,Diogo Luiz Herde,,5562994492441,diogoherde@hotmail.com,PHARUS,Gabriel Oliveira,NAO_ENCONTRADO,-,,NAO_ENCONTRADO,-,,NAO_ESTA_EM_NENHUM
1b50b603-3456-4fe6-9702-0d838b25250b,Diogo Sousa Ramalho,,5561996949077,diogor@yahoo.com,PHARUS,Hendrick Dorner,NAO_ENCONTRADO,-,,NAO_ENCONTRADO,-,,NAO_ESTA_EM_NENHUM
7420d962-18af-47b5-848d-2291cba4650a,Dioney do Nascimento Barros,96332565268,559281442180,dioneynb@gmail.com,PHARUS,Hendrick Dorner,NAO_ENCONTRADO,-,,NAO_ENCONTRADO,-,,NAO_ESTA_EM_NENHUM
418d9183-eac4-45c0-aa9e-565378fdb931,Divangela Précoma Moreira Kuligowski,,5546991031280,divangela2005@hotmail.com,PHARUS,Hendrick Dorner,NAO_ENCONTRADO,-,,NAO_ENCONTRADO,-,,NAO_ESTA_EM_NENHUM
7b1fdb70-c458-473e-a23e-68266d62f406,Djin Augusto Caetano Rebouças,76929450120,5562985149930,djinaugusto@gmail.com,PHARUS,Tiago Junior,NAO_ENCONTRADO,-,,NAO_ENCONTRADO,-,,NAO_ESTA_EM_NENHUM
54e64cdb-597e-44a9-8f52-742c5596edfe,Doralice Rodrigues Oliveira,33833389400,5583988293012,doralicedeoliveira@uol.com.br,PHARUS,Cleuber Anicesio,NAO_ENCONTRADO,-,,NAO_ENCONTRADO,-,,NAO_ESTA_EM_NENHUM
bd026812-6d0e-4697-af2b-12b2034c4044,Douglas Almeida,,5582996210082,douglas.diplo@gmail.com,PHARUS,Junior Teixeira,NAO_ENCONTRADO,-,,NAO_ENCONTRADO,-,,NAO_ESTA_EM_NENHUM
c640c1c1-d7d7-4bd3-94d7-1d011eedbd3c,Douglas Claudio Monaco,94358710891,5511991138238,douglasmonaco19@gmail.com,PHARUS,João Aliceda,NAO_ENCONTRADO,-,,NAO_ENCONTRADO,-,,NAO_ESTA_EM_NENHUM
77296983-4392-4de6-85c4-3579d974f571,Douglas Covre,12083482727,27 99842-0664,douglastocco@gmail.com,PHARUS,João Aliceda,NAO_ENCONTRADO,-,,NAO_ENCONTRADO,-,,NAO_ESTA_EM_NENHUM
176f5abb-a8b7-47bf-8d93-70717112e304,Douglas Hebert Coutinho Januário,82695342268,5569984893045,douglashcj@msn.com,PHARUS,Thiago Freire,NAO_ENCONTRADO,-,,NAO_ENCONTRADO,-,,NAO_ESTA_EM_NENHUM
d86caf9a-5dd7-4526-95c7-326f1c3e82f5,Douglas Jeferson de Freitas,03057185681,5521982575012,douglasjefersonfreitas@yahoo.com.br,PHARUS,Tales Salinas Rozo,NAO_ENCONTRADO,-,,NAO_ENCONTRADO,-,,NAO_ESTA_EM_NENHUM
b2cd1417-062a-4387-9f2f-84ae108ad8f6,Douglas Lopes Branco,,5547999297703,douglaslbranco@gmail.com,PHARUS,Rodrigo Lunardi,NAO_ENCONTRADO,-,,NAO_ENCONTRADO,-,,NAO_ESTA_EM_NENHUM
db98ce22-d979-44b1-823a-ec251751dcc5,Douglas Soster,,5549999851706,douglassoster@yahoo.com.br,PHARUS,Willian Oliveira Schimidt,NAO_ENCONTRADO,-,,NAO_ENCONTRADO,-,,NAO_ESTA_EM_NENHUM
52b94eea-a93b-4dde-b1e6-6ad8220ed2a5,Dryelli de Angeli Dondoni,13505142760,5527997053480,dryellideangelid@gmail.com,DAVOS,Lucas Barrientos,NAO_ENCONTRADO,-,,NAO_ENCONTRADO,-,,NAO_ESTA_EM_NENHUM
ee8a1060-7e4c-4bf2-bcf6-d654c423c1bd,Ebe Ernani Pedrosa Neto,,5582993166715,ebe.ernani@armazemxml.com.br,PHARUS,,NAO_ENCONTRADO,-,,NAO_ENCONTRADO,-,,NAO_ESTA_EM_NENHUM
89c74a2a-cc1f-4716-93b4-62b68463764c,Eber Miravere,35185048867,5511992270488,eberfrancis@yahoo.com.br,PHARUS,João Aliceda,NAO_ENCONTRADO,-,,NAO_ENCONTRADO,-,,NAO_ESTA_EM_NENHUM
f53bc71c-83a6-4af6-8d54-36171277bbe2,Ed Lozi Rodrigues,,5534988224410,edlozi@hotmail.com,PHARUS,,NAO_ENCONTRADO,-,,NAO_ENCONTRADO,-,,NAO_ESTA_EM_NENHUM
c4b22eff-1150-467b-bcc8-359f4ac1bdfd,Edberto Araújo,,85 996671188,edberto.neto@hotmail.com,PHARUS,Rodrigo Lunardi,NAO_ENCONTRADO,-,,NAO_ENCONTRADO,-,,NAO_ESTA_EM_NENHUM
89aef1bc-23c0-4807-8819-909988f8ee05,Edemir Santana Barros,61858196272,5513991856111,ederbarros78@hotmail.com,PHARUS,Junior Teixeira,NAO_ENCONTRADO,-,,NAO_ENCONTRADO,-,,NAO_ESTA_EM_NENHUM
aaafa1dd-521b-4595-950c-61781e9b5307,Eder Dias Resende,,5511999571886,ederdiasresende@gmail.com,PHARUS,Junior Teixeira,NAO_ENCONTRADO,-,,NAO_ENCONTRADO,-,,NAO_ESTA_EM_NENHUM
f83bfa9d-7b61-4988-bd55-950656892298,Eder Paulo Belato Alves,92914098987,5544999197135,ederpaulo.uem@gmail.com,PHARUS,Hendrick Dorner,NAO_ENCONTRADO,-,,NAO_ENCONTRADO,-,,NAO_ESTA_EM_NENHUM
683547d0-b770-44b9-ae8c-84153a270451,Eder Wisniewski,63547511020,5551993172669,ederw2015@gmail.com,PHARUS,Gabriel Oliveira,NAO_ENCONTRADO,-,,NAO_ENCONTRADO,-,,NAO_ESTA_EM_NENHUM
db771f30-03ce-44bf-a4d8-3492cb83dc09,Edinei Grazziotin de Oliveira*,82524327000,5547999108200,edinei@edineigrazziotin.com.br,PHARUS,Hendrick Dorner,NAO_ENCONTRADO,-,,NAO_ENCONTRADO,-,,NAO_ESTA_EM_NENHUM
7f9f44f1-d6d1-49c0-99b1-a4c6166e108e,Edith Maria Couto Perret,,+55 22 99939-4188,ditaperret@gmail.com,PHARUS,Tiago Junior,NAO_ENCONTRADO,-,,NAO_ENCONTRADO,-,,NAO_ESTA_EM_NENHUM
8625a526-69ae-46a4-9997-48979c5f67fd,Edma Aparecida Rodrigues,37160958187,61996459255,rafael.rr82@yahoo.com.br,PHARUS,Abner Braga,ENCONTRADO_EXATO,QV_ID+CPF+EMAIL+TELEFONE,edf5eaf9-1b80-46e7-9196-619d1685aafe,NAO_ENCONTRADO,-,,ESTA_NO_ANCHOR
2339c80f-eaf2-4d31-a80c-28346bd67d58,Edmilson de Oliveira Lima,,5511982776696,edmilsonolima@gmail.com,PHARUS,Tiago Junior,NAO_ENCONTRADO,-,,NAO_ENCONTRADO,-,,NAO_ESTA_EM_NENHUM
11780985-9538-401d-bf48-d18ce202b723,Edmilson Gomes de Oliveira Filho,,5583991219261,edgof@yahoo.com.br,PHARUS,Cleuber Anicesio,NAO_ENCONTRADO,-,,NAO_ENCONTRADO,-,,NAO_ESTA_EM_NENHUM
49959f5c-042c-4026-965c-4f9247ecd687,Edson da Conceição Rodrigues,,5524988383126,edson.rodrigues@gmail.com,PHARUS,João Aliceda,NAO_ENCONTRADO,-,,NAO_ENCONTRADO,-,,NAO_ESTA_EM_NENHUM
7f723e1c-29dd-4ac8-a9c8-a96cc395d8b3,Edson Luis Gomes,,,neco@lekemeias.com.br,PHARUS,Carlos Serafim,NAO_ENCONTRADO,-,,NAO_ENCONTRADO,-,,NAO_ESTA_EM_NENHUM
2d4af4f9-e0d1-4fad-a743-d71195781eca,Edson Mitsuo Nishida,26005228838,5511971492223,edmitho@hotmail.com,PHARUS,Cleuber Anicesio,NAO_ENCONTRADO,-,,NAO_ENCONTRADO,-,,NAO_ESTA_EM_NENHUM
6706b88f-a1a3-4c4c-8f08-64c21ef0515c,Edson Neto,,5586999940450,dr.edsonneto@gmail.com,PHARUS,Tiago Junior,NAO_ENCONTRADO,-,,NAO_ENCONTRADO,-,,NAO_ESTA_EM_NENHUM
39ce79fe-f22f-45a1-a27b-dd6bcb1a844f,Edson Santos Barcellos,,5516991149508,barcellosedson@gmail.com,PHARUS,André Rockenbach,NAO_ENCONTRADO,-,,NAO_ENCONTRADO,-,,NAO_ESTA_EM_NENHUM
5463e28d-a73b-4c5c-8490-9eb396d766a6,Edson Sarkis Junior,44556870259,5592999859983,edsonsarkisjunior@gmail.com,PHARUS,João Aliceda,NAO_ENCONTRADO,-,,NAO_ENCONTRADO,-,,NAO_ESTA_EM_NENHUM
4cdce096-2d8d-4df0-9be6-22c51551ba61,Edson Troia,,5547999543444,edsontroia@gmail.com,PHARUS,,NAO_ENCONTRADO,-,,NAO_ENCONTRADO,-,,NAO_ESTA_EM_NENHUM
ebaf6c41-6b9f-4e64-9155-4144a6ec2325,Eduardo Araújo Salgado,11909135771,5524981276161,eduardo.salgado@outlook.com,PHARUS,Gabriel Oliveira,NAO_ENCONTRADO,-,,NAO_ENCONTRADO,-,,NAO_ESTA_EM_NENHUM
a87c4812-3404-4858-a16d-c928223a5fa6,Eduardo Augusto Rorato,22046745833,5514997925486,eduardororato@uol.com.br,PHARUS,João Aliceda,NAO_ENCONTRADO,-,,NAO_ENCONTRADO,-,,NAO_ESTA_EM_NENHUM
2e7e54a9-d7c2-4772-963b-3eace9d95b1b,Eduardo Chianca Monteiro de Medeiros,,5581994062799,eduardo_chianca@hotmail.com,PHARUS,Junior Teixeira,NAO_ENCONTRADO,-,,NAO_ENCONTRADO,-,,NAO_ESTA_EM_NENHUM
881ddf19-5141-4429-b873-54cd60aa8bae,Eduardo Cortat de Carvalho,,5521999749449,eduardo.cortat@gmail.com,PHARUS,Cleuber Anicesio,NAO_ENCONTRADO,-,,NAO_ENCONTRADO,-,,NAO_ESTA_EM_NENHUM
a4fe2910-b942-41cf-bde3-262bf4f683fe,Eduardo Cristian de Mendonca Rodrigues,38545772300,5581996321888,eduardo.ainsf@hotmail.com,PHARUS,Abner Braga,NAO_ENCONTRADO,-,,NAO_ENCONTRADO,-,,NAO_ESTA_EM_NENHUM
08b6a8e4-4820-4526-9578-22021cfd33ee,Eduardo de Carlo,,,,PHARUS,,NAO_ENCONTRADO,-,,NAO_ENCONTRADO,-,,NAO_ESTA_EM_NENHUM
4b158af8-bf5e-4e12-8675-2c2c56940e20,Eduardo Filipe Mazzarolo Marques,,5541996611401,eduardo@icities.com.br,PHARUS,Hendrick Dorner,NAO_ENCONTRADO,-,,NAO_ENCONTRADO,-,,NAO_ESTA_EM_NENHUM
88b27857-7b64-4744-b1ca-9eeb205ee34a,Eduardo Jorge Jeronymo,27398697899,5521979582504,jotajeronymo@yahoo.com.br,PHARUS,Gabriel Oliveira,NAO_ENCONTRADO,-,,NAO_ENCONTRADO,-,,NAO_ESTA_EM_NENHUM
9ac127a6-5b68-4f1b-9f0c-28f1142a3cce,Eduardo Jorio Machado,,5533999716989,dr.eduardojorio@hotmail.com,DAVOS,Eduardo Peroni,NAO_ENCONTRADO,-,,NAO_ENCONTRADO,-,,NAO_ESTA_EM_NENHUM
c598db1e-e314-49eb-a8ce-84d096bc7f5c,Eduardo Luis Sielski,,5554991056554,sielskie@yahoo.com.br,PHARUS,Gabriel Oliveira,NAO_ENCONTRADO,-,,NAO_ENCONTRADO,-,,NAO_ESTA_EM_NENHUM
46061ad8-a1c5-4fd7-915c-b6ac01a5e5c6,Eduardo Luiz Bittencourt,,5548996173500,eduardo@equipekaizen.com.br,PHARUS,Cleuber Anicesio,NAO_ENCONTRADO,-,,NAO_ENCONTRADO,-,,NAO_ESTA_EM_NENHUM
d1b08cbc-54a3-4909-ac20-0e343b7a6a61,Eduardo Magrin Barros,,5541996869659,eduardombarros@ibol.com.br,PHARUS,Rodrigo Lunardi,NAO_ENCONTRADO,-,,NAO_ENCONTRADO,-,,NAO_ESTA_EM_NENHUM
12dac61b-a8b1-4188-b9fc-d74872f0896d,Eduardo Matias dos Santos,70768804159,63992419059,Edumatias_santos@hotmail.com,PHARUS,João Aliceda,NAO_ENCONTRADO,-,,NAO_ENCONTRADO,-,,NAO_ESTA_EM_NENHUM
c0f37948-df5d-4332-a51d-9677647a1b63,Eduardo Merino Chiquito,22386469816,5511974761564,eduuumerino@gmail.com,PHARUS,Willian Sobral,NAO_ENCONTRADO,-,,NAO_ENCONTRADO,-,,NAO_ESTA_EM_NENHUM
b0226c67-824e-4c96-8f39-6e96791eaefe,Eduardo Meyron,73025429615,5521994165818,eduardomeyron@hotmail.com,DAVOS,Lucas Barrientos,NAO_ENCONTRADO,-,,NAO_ENCONTRADO,-,,NAO_ESTA_EM_NENHUM
29b5d2b2-d013-420a-9320-3c333e4e9187,Eduardo Mota de Oliveira,29344128812,5519988708646,duardomota@hotmail.com,PHARUS,Tiago Junior,NAO_ENCONTRADO,-,,NAO_ENCONTRADO,-,,NAO_ESTA_EM_NENHUM
3a5cb457-21c6-47e2-b604-164cb7f138ff,Eduardo Oliveira Gomes,,5527999416508,eduardo.clivix@gmail.com,PHARUS,Tiago Junior,NAO_ENCONTRADO,-,,NAO_ENCONTRADO,-,,NAO_ESTA_EM_NENHUM
9a879876-3a20-4e47-9eea-bdf3065746b7,Eduardo Paim Teixeira,11239860706,5521997174711,edupaim86@gmail.com,PHARUS,Junior Teixeira,NAO_ENCONTRADO,-,,NAO_ENCONTRADO,-,,NAO_ESTA_EM_NENHUM
112e2ae3-85a2-4649-8ad9-9671a013183d,Eduardo Pereira de Souza,,,edupereira23@gmail.com,PHARUS,Carlos Serafim,NAO_ENCONTRADO,-,,NAO_ENCONTRADO,-,,NAO_ESTA_EM_NENHUM
d5c0b035-7f6f-4af8-ab9f-e040f12b9d09,Eduardo Polizini Faludi,36981872803,5511940667458,eduardofaludi@gmail.com,PHARUS,Tales Salinas Rozo,NAO_ENCONTRADO,-,,NAO_ENCONTRADO,-,,NAO_ESTA_EM_NENHUM
f6ec1d5a-0856-4ba0-8ca5-90776bfde7ca,Eduardo R. Pereira,,5535999896929,edurp75@gmail.com,PHARUS,Tiago Junior,NAO_ENCONTRADO,-,,NAO_ENCONTRADO,-,,NAO_ESTA_EM_NENHUM
d90a783f-20dd-4abf-b6bd-1bed83e01cc1,Eduardo Torres Simão,11240187785,5521981731002,eduardotsimao@gmail.com,PHARUS,Rodrigo Lunardi,NAO_ENCONTRADO,-,,NAO_ENCONTRADO,-,,NAO_ESTA_EM_NENHUM
0735d2a1-ed62-43fb-8870-04dadf6f628a,Eduardo William Mendes da Silva,97332828200,5591982632070,eduardowms@gmail.com,PHARUS,Abner Braga,NAO_ENCONTRADO,-,,NAO_ENCONTRADO,-,,NAO_ESTA_EM_NENHUM
79d4cd04-7725-44aa-a800-09d546805410,Eduardo Yassuji Tsuchida,34944205805,5511941323112,eduardoytsuchida@gmail.com,PHARUS,Cleuber Anicesio,NAO_ENCONTRADO,-,,NAO_ENCONTRADO,-,,NAO_ESTA_EM_NENHUM
1485bc02-cb92-4cb6-a120-7ca1c9228b7f,Edvania Maria da Silva Oliveira,28591286898,5511947682552,vaniamsoliveira23@gmail.com,PHARUS,Pedro Goulart,NAO_ENCONTRADO,-,,NAO_ENCONTRADO,-,,NAO_ESTA_EM_NENHUM
90116d64-2fd3-4594-954a-f9f472ea6565,Edwin Ricardo Noli Lazo,52678660249,5592991463682,erinolabr@me.com,PHARUS,Junior Teixeira,NAO_ENCONTRADO,-,,NAO_ENCONTRADO,-,,NAO_ESTA_EM_NENHUM
ae46a2b8-525f-42de-84a8-3fb786747cab,Elaine Regina Valentini,,5516999984543,elaine.r.valentini@gmail.com,DAVOS,Eduardo Peroni,NAO_ENCONTRADO,-,,NAO_ENCONTRADO,-,,NAO_ESTA_EM_NENHUM
363db400-80e4-4ed5-b511-756382b4d799,Elane Bemergui Cordovil,71759174220,5592992209174,elane.bemergui@hotmail.com,PHARUS,Cleuber Anicesio,NAO_ENCONTRADO,-,,NAO_ENCONTRADO,-,,NAO_ESTA_EM_NENHUM
5c8a3293-3729-4517-a841-1022461a85d4,Elber Barbosa Bezerra de Menezes Junior,,+558588998113,ebbm.jr@gmail.com,PHARUS,Junior Teixeira,NAO_ENCONTRADO,-,,NAO_ENCONTRADO,-,,NAO_ESTA_EM_NENHUM
4e9dc789-03b3-40ae-9ec8-56b69d965d40,Elcia Maria da Silva Silva,52225941653,5531990761606,mariaelcia@hotmail.com,PHARUS,Hendrick Dorner,NAO_ENCONTRADO,-,,NAO_ENCONTRADO,-,,NAO_ESTA_EM_NENHUM
784d3c57-a328-4362-b034-4ef7d87a789a,Elcy Carlos Sant'ana Junior,,5527981559149,elcycsjunior@gmail.com,PHARUS,Hendrick Dorner,NAO_ENCONTRADO,-,,NAO_ENCONTRADO,-,,NAO_ESTA_EM_NENHUM
335dea30-c4d6-43e0-ac78-161221eb689e,Elena Graciela Vismara,35810408753,5532999277801,gracielavismara@hotmail.com,PHARUS,Gabriel Oliveira,NAO_ENCONTRADO,-,,NAO_ENCONTRADO,-,,NAO_ESTA_EM_NENHUM
a641a2b6-9a3d-4f73-ac84-5f346aee7ff7,Eliana Suhet Carneiro Ventorin,,5528998869225,elianaventorin@gmail.com,PHARUS,Abner Braga,NAO_ENCONTRADO,-,,NAO_ENCONTRADO,-,,NAO_ESTA_EM_NENHUM
12cf3ca9-bd11-466d-b036-12db7f2a66ca,Eliana Tiemi Maekawa Rodrigues,35197672870,5511971632080,elianamaekawa@gmail.com,PHARUS,Abner Braga,NAO_ENCONTRADO,-,,NAO_ENCONTRADO,-,,NAO_ESTA_EM_NENHUM
6456d99a-33e2-453b-90d1-bb72da185c96,Eliandra Machado da Silva,,5541992337033,eliandra.med@gmail.com,DAVOS,Eduardo Peroni,NAO_ENCONTRADO,-,,NAO_ENCONTRADO,-,,NAO_ESTA_EM_NENHUM
e77726df-dac4-46eb-8d5b-389115467126,Eliane Mara Gadelha,42649048387,5585991041766,elianemarag@hotmail.com,PHARUS,Tales Salinas Rozo,NAO_ENCONTRADO,-,,NAO_ENCONTRADO,-,,NAO_ESTA_EM_NENHUM
88742e3a-b697-470a-b8e6-a72ce34e61b9,Eliane Rodrigues Pereira,,5515991034470,eliane351@gmail.com,PHARUS,Tiago Junior,NAO_ENCONTRADO,-,,NAO_ENCONTRADO,-,,NAO_ESTA_EM_NENHUM
3fb19ba9-79c9-4977-94a8-d1c90d32f8e4,Eliane Solange de Souza Pires,53636732153,5565992211628,dra.elianepires@gmail.com,PHARUS,Abner Braga,NAO_ENCONTRADO,-,,NAO_ENCONTRADO,-,,NAO_ESTA_EM_NENHUM
0c4b71a1-4ede-4c4c-87e5-ad7be2a473e8,Elias Eulosio Dalla Corte*,,5545999534175,eliasdallacorte@gmail.com,PHARUS,Hendrick Dorner,NAO_ENCONTRADO,-,,NAO_ENCONTRADO,-,,NAO_ESTA_EM_NENHUM
b18e987a-c8ec-4ed6-a37d-371960ef3b63,Elias Varela Bechara,,5531999748649,eliasvbxp@mail.com,PHARUS,Samuel Araújo,NAO_ENCONTRADO,-,,NAO_ENCONTRADO,-,,NAO_ESTA_EM_NENHUM
ed6777d4-406a-424d-b869-d0aa652d1336,Eliezer Marques Faria,64884465172,5562984094391,eliezerfaria@gmail.com,PHARUS,Cleuber Anicesio,NAO_ENCONTRADO,-,,NAO_ENCONTRADO,-,,NAO_ESTA_EM_NENHUM
e8ba0ac6-2385-44e7-b3a1-aab6317d469d,Elinara Maria Waldemarca,43307884034,+5551996276767,palladioarquitetura@gmail.com,PHARUS,,NAO_ENCONTRADO,-,,NAO_ENCONTRADO,-,,NAO_ESTA_EM_NENHUM
b92da2e6-3e6a-483c-be75-c600bb595d26,Eliphas Levi,11893528693,5531999545224,dreliphas@gmail.com,PHARUS,Samuel Araújo,NAO_ENCONTRADO,-,,NAO_ENCONTRADO,-,,NAO_ESTA_EM_NENHUM
49b8aad1-0893-4071-aec4-92d9275001e3,Elisabete dos Reis Carneiro,,551698162444,efcarneiro1@hotmail.com,PHARUS,Abner Braga,NAO_ENCONTRADO,-,,NAO_ENCONTRADO,-,,NAO_ESTA_EM_NENHUM
2ba108f7-a28b-47f2-814a-40721b083163,Elisandra Patrícia Scariot Martins,,5546999380668,elisandra.p.s.martins@gmail.com,PHARUS,Cleuber Anicesio,NAO_ENCONTRADO,-,,NAO_ENCONTRADO,-,,NAO_ESTA_EM_NENHUM
ed588809-7e67-466c-8033-ee93a69e0f39,Elisangela Bueno Pollini,30404381820,5511971208212,djlisabueno@gmail.com,PHARUS,Hendrick Dorner,NAO_ENCONTRADO,-,,NAO_ENCONTRADO,-,,NAO_ESTA_EM_NENHUM
7f1513e4-a50e-497c-b1b1-7ead28d1e9c4,Elisangela Reges de Medeiros Miranda,68304374315,+5586981169101,elirmedeiros@hotmail.com,PHARUS,,NAO_ENCONTRADO,-,,NAO_ENCONTRADO,-,,NAO_ESTA_EM_NENHUM
886dfe23-867d-478f-85c8-bf0507c0a5ac,Elizabeth Borges Dias,37899317649,5531986280216,beth-bdias@outlook.com,PHARUS,Cleuber Anicesio,NAO_ENCONTRADO,-,,NAO_ENCONTRADO,-,,NAO_ESTA_EM_NENHUM
fd1ed348-f5a3-46a6-8a00-f42bd05ca6d3,Eloir Cândido Leite,,5541991232711,eloir@equimex.com.br,PHARUS,João Gonçalves,NAO_ENCONTRADO,-,,NAO_ENCONTRADO,-,,NAO_ESTA_EM_NENHUM
5e4d93da-1c58-4b5a-b974-e6cc9974208e,Elson Julius Shockness Julien,80443257272,5548999337322,elsonjulius@gmail.com,PHARUS,Rodrigo Lunardi,NAO_ENCONTRADO,-,,NAO_ENCONTRADO,-,,NAO_ESTA_EM_NENHUM
8f18c700-f0b1-4844-8b0e-b7b0d201080a,Elton Bruno Nunes Feitosa,87363313253,5595981298633,elton.brunoo@hotmail.com,PHARUS,Willian Sobral,NAO_ENCONTRADO,-,,NAO_ENCONTRADO,-,,NAO_ESTA_EM_NENHUM
c4ec3ee6-32eb-4ea9-926f-e06a70d87e63,Emília Eugênia Silva,65235487672,5534988421014,emiliaaxa@hotmail.com,DAVOS,Lucas Barrientos,NAO_ENCONTRADO,-,,NAO_ENCONTRADO,-,,NAO_ESTA_EM_NENHUM
9553d3f4-7b28-4518-b872-c6a63326130a,Emmanuel Machado de Marins,10638033730,5511983148907,emmanuel.vascular@gmail.com,PHARUS,Hendrick Dorner,NAO_ENCONTRADO,-,,NAO_ENCONTRADO,-,,NAO_ESTA_EM_NENHUM
183b6263-9a00-409b-a4a3-dd977c011a49,Emmanuel Pereira das Neves Neto,,5567981236988,dr.emmanuel@arkhos.com.br,PHARUS,Willian Oliveira Schimidt,NAO_ENCONTRADO,-,,NAO_ENCONTRADO,-,,NAO_ESTA_EM_NENHUM
13c18bcb-6004-4b73-bb65-c32a9213bcd2,Enio Eduardo Lage,88373720600,+55 31 98865-3704,enio@engecal.com,PHARUS,Tiago Junior,NAO_ENCONTRADO,-,,NAO_ENCONTRADO,-,,NAO_ESTA_EM_NENHUM
debfb4e5-0292-4db3-a438-bed5f29876e6,Epitacio Marcelo Almeida de Oliveira,53516940506,+55 75 98881-4775,epmarcelo@uol.com.br,PHARUS,Tiago Junior,NAO_ENCONTRADO,-,,NAO_ENCONTRADO,-,,NAO_ESTA_EM_NENHUM
08442216-389b-4ef6-bccf-eb08988e3d71,Erhard Harry Fischer,,5512991598876,erharryfischer@hotmail.com,PHARUS,Gabriel Oliveira,NAO_ENCONTRADO,-,,NAO_ENCONTRADO,-,,NAO_ESTA_EM_NENHUM
f8b3fa6a-7ee7-450e-8f7d-b4f6304340ea,Eric Lacerda de Schueler,,5522996055008,cmtericls@gmail.com,PHARUS,Junior Teixeira,NAO_ENCONTRADO,-,,NAO_ENCONTRADO,-,,NAO_ESTA_EM_NENHUM
d76bb3b0-1370-4646-a816-2ca2a9423aba,Eric Thompson,72361514672,5548991290763,citruslounge@mac.com,PHARUS,Carlos Serafim,NAO_ENCONTRADO,-,,NAO_ENCONTRADO,-,,NAO_ESTA_EM_NENHUM
6bb68cc8-52fe-4317-bba6-df19e596d5e5,Erick Ikson,,5582999628482,familiaikson@gmail.com,PHARUS,Thiago Freire,NAO_ENCONTRADO,-,,NAO_ENCONTRADO,-,,NAO_ESTA_EM_NENHUM
5395e557-a26e-43b8-98a9-4360efc22f8e,Érika Roselaine Navarro Figaro,15378248809,5511992409395,erika.navarro@scopo.digital,PHARUS,Thiago Freire,NAO_ENCONTRADO,-,,NAO_ENCONTRADO,-,,NAO_ESTA_EM_NENHUM
b060b2f7-2ba5-4075-be23-b03f0633b77a,Erika Scofano Ebecken,,5521999848632,erikaebecken@gmail.com,PHARUS,Gabriel Oliveira,NAO_ENCONTRADO,-,,NAO_ENCONTRADO,-,,NAO_ESTA_EM_NENHUM
8c4b5b1d-dc5c-4fd6-99a2-fa4cdb7d6b84,Erika Teixeira Rodrigues,,5519993156348,erika.rodrigues9996@gmail.com,PHARUS,Gabriel Oliveira,NAO_ENCONTRADO,-,,NAO_ENCONTRADO,-,,NAO_ESTA_EM_NENHUM
88633a79-2d52-49ca-a97b-fa28e502fbf2,Erivelto Leal de Oliveira,19366620272,92981231731,eriveltoleal@gmail.com,PHARUS,Pedro Goulart,NAO_ENCONTRADO,-,,NAO_ENCONTRADO,-,,NAO_ESTA_EM_NENHUM
15df488b-8d2e-4e7f-8b09-ff6c967c95c2,Ernesto Aparecido Alarcon,30156739801,5511992669806,ernestoalarcon@hotmail.com,PHARUS,João Gonçalves,NAO_ENCONTRADO,-,,NAO_ENCONTRADO,-,,NAO_ESTA_EM_NENHUM
563e469b-8800-4e49-a93b-1aba28076cf6,Éryka Alessandra Oliveira Silveira,,5565992899146,eryka.alessandra@gmail.com,PHARUS,,NAO_ENCONTRADO,-,,NAO_ENCONTRADO,-,,NAO_ESTA_EM_NENHUM
517399b5-e85d-4e6e-8dbe-2512becc2048,Ethienne Gaiao de Souza Paulo,79317219187,5565999734047,ethien@hotmail.com,PHARUS,Tiago Junior,NAO_ENCONTRADO,-,,NAO_ENCONTRADO,-,,NAO_ESTA_EM_NENHUM
fa67bb9b-56da-4b0e-b401-2339f1710c6f,Etienne Avelina Mayrinck Cortizo Luna,,+55 81 98611-0245,etiennemay@hotmail.com,PHARUS,Willian Sobral,NAO_ENCONTRADO,-,,NAO_ENCONTRADO,-,,NAO_ESTA_EM_NENHUM
9023f837-9a5a-4e8a-a35a-77d69dde5e28,Euglena Lessa Bezerra,,5584999880008,euglenalessa@gmail.com,PHARUS,Rodrigo Lunardi,NAO_ENCONTRADO,-,,NAO_ENCONTRADO,-,,NAO_ESTA_EM_NENHUM
aaf4a87f-1860-4c90-8294-7b5f5881bf61,Eurico Fiame Rodrigues,37652256810,5512997083592,euricofiame@hotmail.com,PHARUS,Tales Salinas Rozo,NAO_ENCONTRADO,-,,NAO_ENCONTRADO,-,,NAO_ESTA_EM_NENHUM
0b57df7f-e214-49fa-b5bf-bfc92ffd0fd9,Euzebio Pereira Batista,,5511930012273,Euzebio_jus@hotmail.com,PHARUS,João Aliceda,NAO_ENCONTRADO,-,,NAO_ENCONTRADO,-,,NAO_ESTA_EM_NENHUM
0f172342-6482-4012-b2e1-023b61910b4d,Evandro Amorim Barbosa,,5535991985250,evandrobarbosa92@gmail.com,PHARUS,Andrieli Campesato,NAO_ENCONTRADO,-,,NAO_ENCONTRADO,-,,NAO_ESTA_EM_NENHUM
40119b37-d469-4e48-b3e9-df1949c2fa82,Evandro da Silva Guedes,,6984926860,evandro.s.g1618@gmail.com,PHARUS,Willian Oliveira Schimidt,NAO_ENCONTRADO,-,,NAO_ENCONTRADO,-,,NAO_ESTA_EM_NENHUM
c368020f-a65c-4f0a-872b-2cdd0569480e,Evandro Eckile Rodrigues,,5547999109000,evandroeckile@hotmail.com,PHARUS,Rodrigo Lunardi,NAO_ENCONTRADO,-,,NAO_ENCONTRADO,-,,NAO_ESTA_EM_NENHUM
4f26d26b-76d2-4d96-b19a-4d2a4a10480d,Evandro Garcia,26008846885,5566999278863,garciaevandro5811@gmail.com,PHARUS,Junior Teixeira,NAO_ENCONTRADO,-,,NAO_ENCONTRADO,-,,NAO_ESTA_EM_NENHUM
4f6189e5-7829-478e-8ff9-32a09d88e4ab,Evandro Moreira da Silva,,5561996447744,evandroms7744@gmail.com,PHARUS,Hendrick Dorner,NAO_ENCONTRADO,-,,NAO_ENCONTRADO,-,,NAO_ESTA_EM_NENHUM
06fa5954-1d14-4f57-a353-a0a16aff8506,Evelyn Rebelo dos Santos Figueira,81375433253,5592981825638,evelyn_rebelo@hotmail.com,PHARUS,Thiago Freire,NAO_ENCONTRADO,-,,NAO_ENCONTRADO,-,,NAO_ESTA_EM_NENHUM
19e10bd6-6417-474c-b89a-7c714fb470d7,Everton Junio Magalhães,,,everton.spdnet@gmail.com,PHARUS,Carlos Serafim,NAO_ENCONTRADO,-,,NAO_ENCONTRADO,-,,NAO_ESTA_EM_NENHUM
97d7189a-6f92-45db-affc-b667a64c1e61,Evilásio Leobino da Silva Júnior,,5585992194421,evilasioleobino@hotmail.com,PHARUS,,NAO_ENCONTRADO,-,,AMBIGUO,NOME_APENAS,,AMBIGUO
b84e85d3-ce5d-4755-a175-0ef78199e7bd,Ezequiel Luis Castro Fabião,82772975053,5553999485151,ezequielcf@gmail.com,PHARUS,Carlos Serafim,NAO_ENCONTRADO,-,,NAO_ENCONTRADO,-,,NAO_ESTA_EM_NENHUM
a7e96a3c-9de2-4485-a5bd-85758011ebec,Ezequiel Ribeiro da Silva,78116120115,5531997226917,ezequiel@infoarena.com.br,PHARUS,Cleuber Anicesio,NAO_ENCONTRADO,-,,NAO_ENCONTRADO,-,,NAO_ESTA_EM_NENHUM
2df39a82-7edc-4b93-9ee2-2eb5d77e80d1,Fabiano Alves de Oliveira,,5551996262955,fabianooliveir@hotmail.com,PHARUS,Junior Teixeira,NAO_ENCONTRADO,-,,NAO_ENCONTRADO,-,,NAO_ESTA_EM_NENHUM
07535127-73ed-4130-a91b-39d5953496b1,Fabiano Boa Sorte,61341673553,5515981163336,fabianoboasorte@gmail.com,PHARUS,Rodrigo Lunardi,NAO_ENCONTRADO,-,,NAO_ENCONTRADO,-,,NAO_ESTA_EM_NENHUM
e1b802ad-3278-4d6e-932e-cdefb67ef531,Fabiano de Campos,61800007000,5554991910930,decampos1971@gmail.com,DAVOS,Daniel Fentanes,NAO_ENCONTRADO,-,,NAO_ENCONTRADO,-,,NAO_ESTA_EM_NENHUM
f7be8a19-41ce-4ffb-b70b-c018a9d56286,Fabiano de Moraes Alvarenga,21680897870,5512982243400,fabiano@rbasolucoes.com.br,PHARUS,Gabriel Oliveira,NAO_ENCONTRADO,-,,NAO_ENCONTRADO,-,,NAO_ESTA_EM_NENHUM
0db4d3ec-b274-4eef-b46c-b62d2decbaf2,Fabiano Gradela Leone,18446242850,5517991142725,fgleone@hotmail.com,DAVOS,Julio Cienkonog,NAO_ENCONTRADO,-,,NAO_ENCONTRADO,-,,NAO_ESTA_EM_NENHUM
16d8793d-40da-4697-8e25-d4b81d585de8,Fabiano Perondi,75317818915,5549999647350,fabiano@perondi.net,PHARUS,Junior Teixeira,NAO_ENCONTRADO,-,,NAO_ENCONTRADO,-,,NAO_ESTA_EM_NENHUM
2d5ade9e-db97-42ac-ab79-38815f581f31,Fabio Arasanz,14052514840,+5541999840150,fabio@arasanz.com.br,PHARUS,,NAO_ENCONTRADO,-,,NAO_ENCONTRADO,-,,NAO_ESTA_EM_NENHUM
b4b8010b-2c23-4117-824b-1c1aacd1bed1,Fabio Augusto de Carvalho,87642255934,554491084949,drfac@hotmail.com,DAVOS,Lucas Barrientos,NAO_ENCONTRADO,-,,NAO_ENCONTRADO,-,,NAO_ESTA_EM_NENHUM
9758e798-9b7e-4bb5-a013-7a1486bd253b,Fabio Bellizzi Ferreira,,5542999388877,fabiobellizzi@yahoo.com,PHARUS,João Gonçalves,NAO_ENCONTRADO,-,,NAO_ENCONTRADO,-,,NAO_ESTA_EM_NENHUM
7a026402-3d28-4d0e-8b80-6fe0a400a30c,Fabio Caracho Batista,21681693810,5511971492746,fabiocaracho@gmail.com,PHARUS,Tales Salinas Rozo,NAO_ENCONTRADO,-,,NAO_ENCONTRADO,-,,NAO_ESTA_EM_NENHUM
d73cf8f2-b131-42f2-bcd5-05014a601d08,Fábio Celestino de Almeida Dranka,,5541988122333,fabiocelestinoad@outlook.com,PHARUS,Junior Teixeira,NAO_ENCONTRADO,-,,NAO_ENCONTRADO,-,,NAO_ESTA_EM_NENHUM
94ab8361-4cc4-424c-8add-1fe40c923a22,Fabio da Silva Cunha,,5553984034217,fsc.pqdt2015@gmail.com,PHARUS,Cleuber Anicesio,NAO_ENCONTRADO,-,,NAO_ENCONTRADO,-,,NAO_ESTA_EM_NENHUM
6cb5f1f9-28d1-46b7-be2c-848e175a1469,Fabio da Silva Rodrigues,21672996805,5512981412638,ffcieco@hotmail.com,PHARUS,Cleuber Anicesio,NAO_ENCONTRADO,-,,NAO_ENCONTRADO,-,,NAO_ESTA_EM_NENHUM
839cb308-7098-4baa-aeca-142466c93f96,Fabio de Oliveira Inez,05382591679,,,PHARUS,,NAO_ENCONTRADO,-,,NAO_ENCONTRADO,-,,NAO_ESTA_EM_NENHUM
5e7ad75d-ea01-40f8-bd87-5f6f84b886f7,Fabio de Souza Dias,74632558915,5544991741042,Sd.fabio@gmail.com,PHARUS,Hendrick Dorner,NAO_ENCONTRADO,-,,NAO_ENCONTRADO,-,,NAO_ESTA_EM_NENHUM
4d81c146-3c93-4d95-a947-5c162fd6e950,Fabio dos Santos Crispim,31629134899,5511971429605,fabiosantoscrispim@gmail.com,PHARUS,Junior Teixeira,NAO_ENCONTRADO,-,,NAO_ENCONTRADO,-,,NAO_ESTA_EM_NENHUM
6e36352a-6ebd-4004-848a-de35e6d4e6ef,Fabio Eduardo Scarabelot,98326392987,5541999915347,fabiosca60@gmail.com,PHARUS,Tiago Junior,NAO_ENCONTRADO,-,,NAO_ENCONTRADO,-,,NAO_ESTA_EM_NENHUM
ea7aa8e5-d3fd-4c83-b44d-4c62a4c03713,Fabio Figueiredo,,5535999861515,fabiogfigueiredo@yahoo.com.br,DAVOS,Eduardo Peroni,NAO_ENCONTRADO,-,,NAO_ENCONTRADO,-,,NAO_ESTA_EM_NENHUM
7446c6b4-19f6-4b91-914c-5c1ce1fbb91e,Fábio Luis Andrade Rocha,,5535984739119,fabioluisandrade@gmail.com,PHARUS,Gabriel Oliveira,NAO_ENCONTRADO,-,,NAO_ENCONTRADO,-,,NAO_ESTA_EM_NENHUM
0df37902-0dc1-4ead-864e-1e6423efb24e,Fabio Nobrega Jurema,,5581995038000,fdanobrega@gmail.com,PHARUS,Gabriel Oliveira,NAO_ENCONTRADO,-,,NAO_ENCONTRADO,-,,NAO_ESTA_EM_NENHUM
c81a9d89-4b97-4d11-8bc0-299af86de485,Fabio Nocera,29330710883,5541991441152,,DAVOS,Lucas Barrientos,NAO_ENCONTRADO,-,,NAO_ENCONTRADO,-,,NAO_ESTA_EM_NENHUM
5fbeff11-11be-40d2-9170-3298f11f1c56,Fabio Oliveira,,5567992929345,fao5564@gmail.com,PHARUS,Samuel Araújo,NAO_ENCONTRADO,-,,NAO_ENCONTRADO,-,,NAO_ESTA_EM_NENHUM
ec9756db-c8ae-41a1-8209-db1dbd16c441,Fábio Rebelo Britto,22186724804,5511985999512,fabbritto@hotmail.com,PHARUS,Cleuber Anicesio,NAO_ENCONTRADO,-,,NAO_ENCONTRADO,-,,NAO_ESTA_EM_NENHUM
25839f5f-1567-43c3-b22d-bcc0a8727c34,Fábio Rigueto,29773763803,5511981278008,fabiorigueto@gmail.com,PHARUS,Andrieli Campesato,NAO_ENCONTRADO,-,,NAO_ENCONTRADO,-,,NAO_ESTA_EM_NENHUM
05003c26-b524-4d06-b829-89b2654838b4,Fábio Serfaty Ferreira,60250712253,5591981166750,fabiorauland@gmail.com,PHARUS,Thiago Freire,NAO_ENCONTRADO,-,,NAO_ENCONTRADO,-,,NAO_ESTA_EM_NENHUM
96d54b72-d452-48b8-b345-23262977fe64,Fabio Stenico,,5519992229895,fabio.st14@outlook.com,PHARUS,Hendrick Dorner,NAO_ENCONTRADO,-,,NAO_ENCONTRADO,-,,NAO_ESTA_EM_NENHUM
30d26e6e-9997-4447-84fe-5c6781e6a69e,Fabricio Aulo Ogliari,,5553984475787,ogliari@gmail.com,PHARUS,Gabriel Oliveira,NAO_ENCONTRADO,-,,NAO_ENCONTRADO,-,,NAO_ESTA_EM_NENHUM
0007eb62-0ead-4f1f-8f70-c1685b739094,Fabricio Batista de Souza,01529906903,+5541991904142,fabriciobatistamais@gmail.com,PHARUS,,NAO_ENCONTRADO,-,,NAO_ENCONTRADO,-,,NAO_ESTA_EM_NENHUM
a73f51c2-1391-4ced-ab85-897b7e9aafb0,Fabricio Rampinelli Zanella,,5548996335550,fabriciorz@hotmail.com,PHARUS,Samuel Araújo,NAO_ENCONTRADO,-,,NAO_ENCONTRADO,-,,NAO_ESTA_EM_NENHUM
00964dc3-c017-4536-9e71-f5784380e7de,Fabrício Rebello Lignani Siqueira,,5532988692310,farlsiqueira23@gmail.com,PHARUS,Carlos Serafim,NAO_ENCONTRADO,-,,NAO_ENCONTRADO,-,,NAO_ESTA_EM_NENHUM
165a807b-faa6-4f35-8cbb-ab9823e2bdca,Fabricio Santos,,5562981439000,,DAVOS,Eduardo Peroni,NAO_ENCONTRADO,-,,NAO_ENCONTRADO,-,,NAO_ESTA_EM_NENHUM
6357d049-32e9-441a-949c-be8e51b6ed6c,Fabrício Zandoná,,5554991396641,contato@zandonaconsultoria.com,PHARUS,Gabriel Oliveira,NAO_ENCONTRADO,-,,NAO_ENCONTRADO,-,,NAO_ESTA_EM_NENHUM
2d77aef7-6c30-4ee5-a1ea-72374597c8ed,Faustino Peron Filho,32872754881,5511941126760,fausperon@hotmail.com,DAVOS,Julio Cienkonog,NAO_ENCONTRADO,-,,NAO_ENCONTRADO,-,,NAO_ESTA_EM_NENHUM
639b38d0-6b7f-44d1-9fa0-6f4331ad038c,Felipe Auday Brito,,5567998454426,felipe_abrito@hotmail.com,PHARUS,João Gonçalves,NAO_ENCONTRADO,-,,NAO_ENCONTRADO,-,,NAO_ESTA_EM_NENHUM
97617dbd-f1e7-4dab-8322-254ca7bfa1e4,Felipe Bellard Guimarães,10179067770,5521990951234,felipebellard@gmail.com,PHARUS,Rodrigo Lunardi,NAO_ENCONTRADO,-,,NAO_ENCONTRADO,-,,NAO_ESTA_EM_NENHUM
c9e5774d-e3a9-4bc8-b005-ca87ca8c3953,Felipe Borba Calixto dos Santos,,5519999013034,felipe_med34@yahoo.com.br,PHARUS,Junior Teixeira,NAO_ENCONTRADO,-,,NAO_ENCONTRADO,-,,NAO_ESTA_EM_NENHUM
35ca4c02-15a8-4b9b-a718-c17a91f51af2,Felipe Dias Martins,10217341799,5522997476171,drmartinsfd@hotmail.com,PHARUS,Abner Braga,NAO_ENCONTRADO,-,,NAO_ENCONTRADO,-,,NAO_ESTA_EM_NENHUM
e8c52128-1e3a-4bc4-a044-51160f7e6a90,Felipe Gun Kim,40249122839,5511999999489,kim.fgk@gmail.com,PHARUS,Willian Oliveira Schimidt,NAO_ENCONTRADO,-,,NAO_ENCONTRADO,-,,NAO_ESTA_EM_NENHUM
f553cca3-d3fc-47c0-bf5e-d196ca92a76a,Felipe Gurgel do Amaral Mota,,5585991010193,felipegurgelmota@hotmail.com,PHARUS,Tales Salinas Rozo,NAO_ENCONTRADO,-,,NAO_ENCONTRADO,-,,NAO_ESTA_EM_NENHUM
3f54bddb-f6b6-4220-a9c2-45c1d0972e4b,Felipe Henrique Soares,,5582999680056,felipehseng@icloud.com,PHARUS,Abner Braga,NAO_ENCONTRADO,-,,NAO_ENCONTRADO,-,,NAO_ESTA_EM_NENHUM
67d5a4b1-7797-4a69-8abf-4d59bfcde139,Felipe Hurtado,39723767821,5511967100969,,DAVOS,Lucas Barrientos,NAO_ENCONTRADO,-,,NAO_ENCONTRADO,-,,NAO_ESTA_EM_NENHUM
d38311ae-45a0-4aba-9eeb-b7957d529222,Felipe Lima Marujo,35744271821,5516981288883,felipemarujo@yahoo.com.br,PHARUS,Willian Sobral,NAO_ENCONTRADO,-,,NAO_ENCONTRADO,-,,NAO_ESTA_EM_NENHUM
6d06d64a-a072-4c6d-a922-8bec2fe05f16,Felipe Magno,11422582701,5521992929425,wmplastica@gmail.com,DAVOS,Lucas Barrientos,NAO_ENCONTRADO,-,,NAO_ENCONTRADO,-,,NAO_ESTA_EM_NENHUM
0bdcb1b5-bd91-4100-b93e-06fe51b99e22,Felipe Mesquita,10838061737,5521996954044,,DAVOS,Eduardo Peroni,NAO_ENCONTRADO,-,,NAO_ENCONTRADO,-,,NAO_ESTA_EM_NENHUM
ad2e909c-0d76-4453-bbeb-7bdc4481966c,Felipe Millen Azevedo,,5532999579923,millen_azevedo@yahoo.com.br,DAVOS,Lucas Barrientos,NAO_ENCONTRADO,-,,NAO_ENCONTRADO,-,,NAO_ESTA_EM_NENHUM
fbea39fb-07c9-4e4c-a50a-0c7189515789,Felipe Penna Silva Baltazar,34530997880,5519998729887,pennafelipe11@gmail.com,PHARUS,Junior Teixeira,NAO_ENCONTRADO,-,,NAO_ENCONTRADO,-,,NAO_ESTA_EM_NENHUM
6c9cce4b-afe0-4c44-a272-aeb513d9e0a1,Felipe Roth,81265620059,5567984882228,feliperoth@yahoo.com.br,PHARUS,Samuel Araújo,NAO_ENCONTRADO,-,,NAO_ENCONTRADO,-,,NAO_ESTA_EM_NENHUM
e1a09044-313c-47fb-8d26-7a067e003316,Felipe Santi Quadros,,5541998151043,felipesquadros@gmail.com,PHARUS,Hendrick Dorner,NAO_ENCONTRADO,-,,NAO_ENCONTRADO,-,,NAO_ESTA_EM_NENHUM
fe125fa0-4510-493f-bf3e-6b55cb682382,Felipe Santos Carmo,11074089707,27981438801,Felipecarmo@hotmail.com,DAVOS,Lucas Barrientos,NAO_ENCONTRADO,-,,NAO_ENCONTRADO,-,,NAO_ESTA_EM_NENHUM
ce5062fe-6a7f-4940-bcd3-2b73b3fab3ac,Felipe Tavares Sena,,5583991067939,senafelipe@yahoo.com.br,PHARUS,Willian Sobral,NAO_ENCONTRADO,-,,NAO_ENCONTRADO,-,,NAO_ESTA_EM_NENHUM
c1b744df-5dad-475a-8930-a40f421fc512,Felix Augusto dos Santos Júnior,,5581996647828,sgtfelixaugusto@hotmail.com,DAVOS,Eduardo Peroni,NAO_ENCONTRADO,-,,NAO_ENCONTRADO,-,,NAO_ESTA_EM_NENHUM
f1455164-abba-486e-9b20-6e0b68c49e40,Fernanda Aparecida Magron,,5511964221828,fermedicina15@gmail.com,PHARUS,Samuel Araújo,NAO_ENCONTRADO,-,,NAO_ENCONTRADO,-,,NAO_ESTA_EM_NENHUM
2df4299b-d3b6-4f5c-9931-b29e7a7afa99,Fernanda Goulart Martins,,5551993241969,fernanda@fernandamartins.com.br,PHARUS,Hendrick Dorner,NAO_ENCONTRADO,-,,NAO_ENCONTRADO,-,,NAO_ESTA_EM_NENHUM
d7a24f7d-c7c0-41dc-8381-e3d093748196,Fernanda Josye de Souza Feitosa,,5581998316832,trust@trustcontabilidade.com.br,PHARUS,Tiago Junior,NAO_ENCONTRADO,-,,NAO_ENCONTRADO,-,,NAO_ESTA_EM_NENHUM
2e1e78be-86bb-4291-b943-d66f001d2264,Fernanda Lavagnoli Barcelos Dorsch,,5527999132888,Fe_lb@hotmail.com,PHARUS,Gabriel Oliveira,NAO_ENCONTRADO,-,,NAO_ENCONTRADO,-,,NAO_ESTA_EM_NENHUM
5734eedc-a83c-401c-9dc2-1f73fa200814,Fernanda Piske,,5548999140183,fernandapiske@gmail.com,PHARUS,,NAO_ENCONTRADO,-,,NAO_ENCONTRADO,-,,NAO_ESTA_EM_NENHUM
0d341d4c-d60e-4e6a-acaa-68b714af03e9,Fernanda Reis Gomes,,5541997829894,fernandarg.cirurgia@yahoo.com.br,PHARUS,João Aliceda,NAO_ENCONTRADO,-,,NAO_ENCONTRADO,-,,NAO_ESTA_EM_NENHUM
27456787-3840-433a-a86d-2f790dfb5c9a,Fernanda Rocha Lima de Hollanda,,5567984232449,dt.fernanda@gmail.com,PHARUS,Samuel Araújo,NAO_ENCONTRADO,-,,NAO_ENCONTRADO,-,,NAO_ESTA_EM_NENHUM
5668d1d1-92dc-45a1-93db-bc4612e26c61,Fernanda Satie Ikeda,,66996557860,fernanda.satie.ikeda@gmail.com,PHARUS,Samuel Araújo,NAO_ENCONTRADO,-,,NAO_ENCONTRADO,-,,NAO_ESTA_EM_NENHUM
bac26879-9bb4-42a8-acd5-c29fc4f3ad51,Fernando Alves Dias,,5562985211793,fernandodias.prof@gmail.com,PHARUS,Samuel Araújo,NAO_ENCONTRADO,-,,NAO_ENCONTRADO,-,,NAO_ESTA_EM_NENHUM
778e3b70-905e-4af9-b613-2e6cadb68e7d,Fernando Aparecido Sanches,18464275846,5511995502814,fsanches290706@gmail.com,PHARUS,Hendrick Dorner,NAO_ENCONTRADO,-,,NAO_ENCONTRADO,-,,NAO_ESTA_EM_NENHUM
21dc60f5-871b-451a-831b-13fe0877b02c,Fernando Armani Picetti,56691262034,5551998084884,fernandopicetti@gmail.com,PHARUS,Hendrick Dorner,NAO_ENCONTRADO,-,,NAO_ENCONTRADO,-,,NAO_ESTA_EM_NENHUM
6fd7b6b5-0485-4896-8e41-35dccedc7093,Fernando Azevedo Medrado Junior,,5511947420990,fmedradojr@gmail.com,PHARUS,Hendrick Dorner,NAO_ENCONTRADO,-,,NAO_ENCONTRADO,-,,NAO_ESTA_EM_NENHUM
7141888f-ec88-40e6-b1f6-33aca7e168d1,Fernando B Colombo,22453686810,5519992889148,nando.colombo@gmail.com,PHARUS,Junior Teixeira,NAO_ENCONTRADO,-,,NAO_ENCONTRADO,-,,NAO_ESTA_EM_NENHUM
d830892c-4099-4391-bd12-57357b6c22e3,Fernando Carvalho Pedroso,,5541984077717,fcpedroso@uol.com.br,PHARUS,Hendrick Dorner,NAO_ENCONTRADO,-,,NAO_ENCONTRADO,-,,NAO_ESTA_EM_NENHUM
a7586bac-295a-4f2c-835a-623266f908c2,Fernando Martins,,5564981230870,fms.sba@gmail.com,PHARUS,Tales Salinas Rozo,NAO_ENCONTRADO,-,,NAO_ENCONTRADO,-,,NAO_ESTA_EM_NENHUM
c46ef465-337b-4c15-8417-7f235b7f0d50,Fernando Narche Jabur Maluf,,+55 11 99101-6874,fernandomaluf@terra.com.br,PHARUS,Tiago Junior,NAO_ENCONTRADO,-,,NAO_ENCONTRADO,-,,NAO_ESTA_EM_NENHUM
20eb028f-373f-4a63-a468-57fe9544f214,Fernando Paranaiba Filgueira,98955292104,5564999279779,fpfilgueira@yahoo.com.br,PHARUS,Willian Oliveira Schimidt,NAO_ENCONTRADO,-,,NAO_ENCONTRADO,-,,NAO_ESTA_EM_NENHUM
6643d666-ab68-4ea4-acd8-4d13c700f149,Fernando Pavei Netto,,5548991198337,marpavei@terra.com.br,PHARUS,Hendrick Dorner,NAO_ENCONTRADO,-,,NAO_ENCONTRADO,-,,NAO_ESTA_EM_NENHUM
056ac7c2-ba1e-44e0-8ed1-a5a9c1062876,Fernando Silva Santos,,5598984325571,drfernando.ss@outlook.com,PHARUS,Abner Braga,NAO_ENCONTRADO,-,,NAO_ENCONTRADO,-,,NAO_ESTA_EM_NENHUM
199f22af-88ea-4333-9990-433c0b9a4203,Fernando Silveira e Silva,,5531988027212,fernandosilveiraesilva@hotmail.com,PHARUS,Abner Braga,NAO_ENCONTRADO,-,,NAO_ENCONTRADO,-,,NAO_ESTA_EM_NENHUM
cf48e686-c79c-439d-8ed1-b2d34b9d3dbf,Fernando Victor Santos Santana,,5571996946973,fernando.victor.adm@gmail.com,PHARUS,Gabriel Oliveira,NAO_ENCONTRADO,-,,NAO_ENCONTRADO,-,,NAO_ESTA_EM_NENHUM
5d3e7bb6-9239-4948-9008-7a232eb01042,Filipe Barbosa Braga,93344180282,5542999768704,filipe1589@gmail.com,PHARUS,Tales Salinas Rozo,NAO_ENCONTRADO,-,,NAO_ENCONTRADO,-,,NAO_ESTA_EM_NENHUM
73dae25d-d5f3-454d-ab04-db228234718b,Filipe Polcaro Faria,,5535988350800,fpolcaro@gmail.com,PHARUS,Abner Braga,NAO_ENCONTRADO,-,,NAO_ENCONTRADO,-,,NAO_ESTA_EM_NENHUM
9936340f-9dc6-458b-9061-fa43078f1dbf,Firmino Rodrigues Dias Neto,,5531993559123,firminordn@hotmail.com,PHARUS,Willian Oliveira Schimidt,NAO_ENCONTRADO,-,,NAO_ENCONTRADO,-,,NAO_ESTA_EM_NENHUM
30bd6480-f469-4259-a663-bfcffe92a736,Flavia Carolina Marchini Caneva Lemos,82872082115,5567992075951,flacanevatl@hotmail.com,PHARUS,Hendrick Dorner,NAO_ENCONTRADO,-,,NAO_ENCONTRADO,-,,NAO_ESTA_EM_NENHUM
56c0964d-2b30-4f0a-9a52-72b693bb2d2c,Flávia da Cunha Monteiro de Barros,,5565996320857,dra_flaviamonteiro@hotmail.com,PHARUS,Hendrick Dorner,NAO_ENCONTRADO,-,,NAO_ENCONTRADO,-,,NAO_ESTA_EM_NENHUM
98ba1c1a-0e83-4d1c-a7ee-4a150f7820db,Flávia Motta Bernache,26522786818,5516997083478,fbsmotta@gmail.com,PHARUS,Cleuber Anicesio,NAO_ENCONTRADO,-,,NAO_ENCONTRADO,-,,NAO_ESTA_EM_NENHUM
b539ebf0-87af-4a21-a1a3-61e0989a658a,Flávia Regina Nápoles Fonseca,,5531997814259,flavianapolesadv@gmail.com,PHARUS,,NAO_ENCONTRADO,-,,NAO_ENCONTRADO,-,,NAO_ESTA_EM_NENHUM
1ef5f74e-53c7-4d58-8c29-11b94e251850,Flávia Rossato,74284878034,5551991148040,f.rossato@gmail.com,PHARUS,Cleuber Anicesio,NAO_ENCONTRADO,-,,NAO_ENCONTRADO,-,,NAO_ESTA_EM_NENHUM
22489e3e-3257-4167-b00f-63e38fa77f03,Flavia Vieira Brandão de Oliveira,,556198445544,flaviavieirabrandao@yahoo.com.br,PHARUS,Abner Braga,NAO_ENCONTRADO,-,,NAO_ENCONTRADO,-,,NAO_ESTA_EM_NENHUM
50f39a30-542d-4b1a-b6cb-f6c0fe3c9b3f,Flavio de Souza Faria Resendes da Fonseca,05246086798,5561981885047,flavioresendesf@gmail.com,PHARUS,Gabriel Oliveira,NAO_ENCONTRADO,-,,NAO_ENCONTRADO,-,,NAO_ESTA_EM_NENHUM
2311c482-a99d-4916-8c6e-e48c97d24962,Flávio Dias,06885848611,31992907152,flavioribeiro10@gmail.com,PHARUS,Cleuber Anicesio,NAO_ENCONTRADO,-,,NAO_ENCONTRADO,-,,NAO_ESTA_EM_NENHUM
89b3a87b-1570-4de6-b541-f5b8c129a783,Flávio Foguel,,5565993091313,flavio.foguel@gmail.com,PHARUS,Gabriel Oliveira,NAO_ENCONTRADO,-,,NAO_ENCONTRADO,-,,NAO_ESTA_EM_NENHUM
aa0a8403-8f69-4cea-a876-257d7ba1f57c,Flavio Okida,,5511996091794,flaviookida@hotmail.com,PHARUS,,NAO_ENCONTRADO,-,,NAO_ENCONTRADO,-,,NAO_ESTA_EM_NENHUM
16282d10-33a9-489f-aeba-04b22c96caa1,Flávio Picciani,,5521967647413,flaspi@gmail.com,PHARUS,Carlos Serafim,NAO_ENCONTRADO,-,,NAO_ENCONTRADO,-,,NAO_ESTA_EM_NENHUM
e0ca7787-b7c6-4ce8-9914-bd9a68cde44d,Flavio Rocha Gil,80658083600,5534999750925,flaviorochagil@gmail.com,PHARUS,Rodrigo Lunardi,NAO_ENCONTRADO,-,,NAO_ENCONTRADO,-,,NAO_ESTA_EM_NENHUM
22c60ad8-fef2-4951-b258-0a0394e26685,Flavio Tadeu Lopes do Nascimento,15104289842,5511954477777,flaspi@gmail.com,PHARUS,Junior Teixeira,NAO_ENCONTRADO,-,,NAO_ENCONTRADO,-,,NAO_ESTA_EM_NENHUM
2c80c3f0-136e-4ddb-87e2-dbda82021be9,Francisca Sonaria Rodrigues da Silva,87805375372,5511968900016,sonaria_rodrigues@hotmail.com,PHARUS,Hendrick Dorner,NAO_ENCONTRADO,-,,NAO_ENCONTRADO,-,,NAO_ESTA_EM_NENHUM
fde91114-bf59-409c-b6de-ee06993e0807,Francisco Augusto Santos Souza,,5571981250825,francisco@marecheiaconstrutora.com.br,PHARUS,Ana Ávalos,NAO_ENCONTRADO,-,,NAO_ENCONTRADO,-,,NAO_ESTA_EM_NENHUM
bce8f655-3dec-41d1-8c4a-262bf5cf75cb,Francisco Cleones Matias,,5511995666189,cleonesmatias1@gmail.com,PHARUS,Gabriel Oliveira,NAO_ENCONTRADO,-,,NAO_ENCONTRADO,-,,NAO_ESTA_EM_NENHUM
5ed1dcb4-779e-4cc9-9099-07de019575e6,Francisco das Chagas Farias da Rocha,32736746368,5586999863434,ffarias.rocha@gmail.com,PHARUS,Cleuber Anicesio,NAO_ENCONTRADO,-,,NAO_ENCONTRADO,-,,NAO_ESTA_EM_NENHUM
b3005d0b-4658-4e65-83c0-904d0ab97c73,Francisco de Carvalho Dantas Terceiro,,5586981448585,dr.francisco_iii@icloud.com,DAVOS,Julio Cienkonog,NAO_ENCONTRADO,-,,NAO_ENCONTRADO,-,,NAO_ESTA_EM_NENHUM
14059d92-c88f-432a-bc14-9e1d64ad78c4,Francisco Gutiery Guilherme Barros,98504541304,5585992720900,gutierygb@gmail.com,PHARUS,Cleuber Anicesio,NAO_ENCONTRADO,-,,NAO_ENCONTRADO,-,,NAO_ESTA_EM_NENHUM
6a461b71-845e-4015-8048-a2281c2be32d,Francisco Jarbas Vieira de Souza,89098099815,5515981199313,fsouzanet@gmail.com,PHARUS,Rodrigo Lunardi,NAO_ENCONTRADO,-,,NAO_ENCONTRADO,-,,NAO_ESTA_EM_NENHUM
98e509d5-1799-4d13-a008-d27d460eb989,Francisco José Guedes Pimentel,,5548999832908,franciscojgpimentel@gmail.com,PHARUS,,NAO_ENCONTRADO,-,,NAO_ENCONTRADO,-,,NAO_ESTA_EM_NENHUM
c90e039c-956d-43ae-b378-9eea47197241,Francisco Lopes de Faria,95212701104,5561998087004,karnagge@gmail.com,PHARUS,Abner Braga,NAO_ENCONTRADO,-,,NAO_ENCONTRADO,-,,NAO_ESTA_EM_NENHUM
da428043-eff1-4acc-ad62-7e5788135872,Francisco Martins,,5511977795517,fhlmartins40@gmail.com,DAVOS,Eduardo Peroni,NAO_ENCONTRADO,-,,NAO_ENCONTRADO,-,,NAO_ESTA_EM_NENHUM
eb1838ce-7147-4ba7-912b-cf9f7a657fd1,Francisco Neves,,5521988030197,franciscopontesneves@gmail.com,PHARUS,Carlos Serafim,NAO_ENCONTRADO,-,,NAO_ENCONTRADO,-,,NAO_ESTA_EM_NENHUM
f68b08e7-fa01-4f88-8323-ad4acdfc0946,Francisco Tocantins Lobato Júnior,39958698404,5581999765228,ftlobatojr@gmail.com,PHARUS,João Gonçalves,NAO_ENCONTRADO,-,,NAO_ENCONTRADO,-,,NAO_ESTA_EM_NENHUM
50863dcc-4b12-4db0-8d95-4224f583a679,Franklin Costa Mônaco Filho,,71999200312,drfranklinmonaco@gmail.com,PHARUS,Rodrigo Lunardi,NAO_ENCONTRADO,-,,NAO_ENCONTRADO,-,,NAO_ESTA_EM_NENHUM
163ff8a0-826d-4e18-ba87-9abd2be0c2ef,Frederico Carrizo Defaveri,,5594991051112,fredericocd@gmail.com,PHARUS,Tales Salinas Rozo,NAO_ENCONTRADO,-,,NAO_ENCONTRADO,-,,NAO_ESTA_EM_NENHUM
c5d01610-694d-4180-8b17-682e2d4e0bd6,Frederico Fonseca Schuabb,,21964961990,Fredericofschuabb@gmail.com,PHARUS,Junior Teixeira,NAO_ENCONTRADO,-,,NAO_ENCONTRADO,-,,NAO_ESTA_EM_NENHUM
83b85007-e680-4887-ba75-55163f6f1090,Frederico Thomaz Ultramari,75800608920,5541988191832,fredultra27@gmail.com,PHARUS,Tales Salinas Rozo,NAO_ENCONTRADO,-,,NAO_ENCONTRADO,-,,NAO_ESTA_EM_NENHUM
a019647c-6489-41a9-aedb-d8d50f445a50,Gabriel Angelo Luvison,,5545991140111,gabrielluvison@gmail.com,PHARUS,Willian Oliveira Schimidt,NAO_ENCONTRADO,-,,NAO_ENCONTRADO,-,,NAO_ESTA_EM_NENHUM
1d58fedb-0adb-4b47-ad3a-116d771d09ac,Gabriel Dias,,13981331234,ggd1218@gmail.com,PHARUS,Tales Salinas Rozo,NAO_ENCONTRADO,-,,NAO_ENCONTRADO,-,,NAO_ESTA_EM_NENHUM
ada03ca0-ef97-4cfc-8662-1b3d493a3e45,Gabriel Magalhães Bezerra Lima,,85999921515,gabrielmblima@hotmail.com,PHARUS,Carlos Serafim,NAO_ENCONTRADO,-,,NAO_ENCONTRADO,-,,NAO_ESTA_EM_NENHUM
21aaa5d1-e6c7-40be-b5c8-f68ad0db7c5b,Gabriel Nocera,12693101786,5511942112555,gabrielssnocera@gmail.com,PHARUS,Carlos Serafim,NAO_ENCONTRADO,-,,NAO_ENCONTRADO,-,,NAO_ESTA_EM_NENHUM
982c0319-e135-43a7-afbc-da582fe281b9,Gabriel Santos,,5527999223724,gfdsantos@hotmail.com,PHARUS,Hendrick Dorner,NAO_ENCONTRADO,-,,NAO_ENCONTRADO,-,,NAO_ESTA_EM_NENHUM
edb661be-bbda-4a24-ba9d-7c251cb18f69,Gabriel Scarabôtolo Gattás,12908176858,5511996498505,,DAVOS,Lucas Barrientos,NAO_ENCONTRADO,-,,NAO_ENCONTRADO,-,,NAO_ESTA_EM_NENHUM
8105c92e-1522-4ee5-a70b-129295e559f8,Gabriel Terra,,5562999181988,gabrielterragts@hotmail.com,PHARUS,Abner Braga,NAO_ENCONTRADO,-,,NAO_ENCONTRADO,-,,NAO_ESTA_EM_NENHUM
9ef61901-3555-412a-8c65-1543214ec50a,Gabriela de Menezes Gusmão,,5531971434019,gabrielamg01@yahoo.com.br,PHARUS,Gabriel Oliveira,NAO_ENCONTRADO,-,,NAO_ENCONTRADO,-,,NAO_ESTA_EM_NENHUM
ac9a3994-b8a6-41fe-ba6b-23a5cc6c37f5,Gabriela Hatum Marun,34647177807,5517991820074,gabrielahmarun@gmail.com,PHARUS,Gabriel Oliveira,NAO_ENCONTRADO,-,,NAO_ENCONTRADO,-,,NAO_ESTA_EM_NENHUM
e634fed3-dc0a-4b02-83b7-91ddd2bae131,Gabriela Lopes,,5517997665637,gabrielalopest7@gmail.com,PHARUS,André Rockenbach,NAO_ENCONTRADO,-,,NAO_ENCONTRADO,-,,NAO_ESTA_EM_NENHUM
a4611ec0-e9a6-43ff-84fe-f253e54df6c5,Gabriela Rodrigues Marciano,,5561999986233,marciano.gabi@gmail.com,PHARUS,,NAO_ENCONTRADO,-,,NAO_ENCONTRADO,-,,NAO_ESTA_EM_NENHUM
8ee1be43-1999-4c4d-b3ac-366fb1a66a1e,Gabriela Vieira Cavalcanti Carvalho,,5564996523152,gabriela.vcc@gmail.com,PHARUS,Gabriel Oliveira,NAO_ENCONTRADO,-,,NAO_ENCONTRADO,-,,NAO_ESTA_EM_NENHUM
f508c765-ad53-4971-b976-9954b156e596,Gabriella Moraes,,5574988177187,gabriella.cads@gmail.com,PHARUS,João Aliceda,NAO_ENCONTRADO,-,,NAO_ENCONTRADO,-,,NAO_ESTA_EM_NENHUM
7cae6fc6-53e9-43c9-a810-2c8b64f01429,Gédersson Rosato,58561404000,5569981114339,gederson@gmail.com,PHARUS,Cleuber Anicesio,NAO_ENCONTRADO,-,,NAO_ENCONTRADO,-,,NAO_ESTA_EM_NENHUM
c85d8f5c-27e8-4ece-a74f-1f0d960699df,Gediel Palmeira,,,tatianepalmeira@gmail.com,PHARUS,Carlos Serafim,NAO_ENCONTRADO,-,,NAO_ENCONTRADO,-,,NAO_ESTA_EM_NENHUM
35dd36f5-7c4d-45ce-a3c5-6632ff829ca8,Geovana Paula Braga,,5531988646122,geovanabraga@hotmail.com,PHARUS,Cleuber Anicesio,NAO_ENCONTRADO,-,,NAO_ENCONTRADO,-,,NAO_ESTA_EM_NENHUM
cf266018-91bd-4256-af9a-188132f0194a,Geovane Araújo dos Santos,06046823528,71 981167797,geovane.engmec@gmail.com,PHARUS,Rodrigo Lunardi,NAO_ENCONTRADO,-,,NAO_ENCONTRADO,-,,NAO_ESTA_EM_NENHUM
dc2e1ab9-f694-4919-bf66-4442390cfd29,Geraldo Eugenio Richard Carvalhaes,,5531999810511,clidor@terra.com.br,PHARUS,Abner Braga,NAO_ENCONTRADO,-,,NAO_ENCONTRADO,-,,NAO_ESTA_EM_NENHUM
a4e555a9-55a2-4634-afbd-319fb0500dc9,Geraldo Mariano Moraes de Macedo,80466265204,91981569596,macedogmmm@gmail.com,PHARUS,João Aliceda,NAO_ENCONTRADO,-,,NAO_ENCONTRADO,-,,NAO_ESTA_EM_NENHUM
7237db3d-3be7-484a-9250-4729d37bf7c1,Geraldo Romera Portela Silva Gomes,28461035852,5569999995899,40geraldogomes@gmail.com,PHARUS,Hendrick Dorner,NAO_ENCONTRADO,-,,NAO_ENCONTRADO,-,,NAO_ESTA_EM_NENHUM
aed062aa-6859-4878-a150-2ed69622de82,Gerusa Carla Bacelar da Silva,,5527981512354,gerusacarlar@hotmail.com,PHARUS,Junior Teixeira,NAO_ENCONTRADO,-,,NAO_ENCONTRADO,-,,NAO_ESTA_EM_NENHUM
da2fa121-d9db-48db-a1df-36fe457aca43,Gessiara Brito dos Santos,,5513996465692,gessiarabrito@gmail.com,PHARUS,Abner Braga,NAO_ENCONTRADO,-,,NAO_ENCONTRADO,-,,NAO_ESTA_EM_NENHUM
59d886ba-392a-4056-b0b6-7f1cfc55044d,Getúlio Santana dos Santos,,5515991469748,getuliounit@hotmail.com,PHARUS,Hendrick Dorner,NAO_ENCONTRADO,-,,NAO_ENCONTRADO,-,,NAO_ESTA_EM_NENHUM
d0a2e798-aa81-445d-acdf-02d518c46de0,Ghisa Benchimol,,5592984338386,ghisa.benchimol@gmail.com,PHARUS,Carlos Serafim,NAO_ENCONTRADO,-,,NAO_ENCONTRADO,-,,NAO_ESTA_EM_NENHUM
4f6ac0b0-259e-4708-8d52-5ace58e14632,Giácomo Grandi Bombonato,,5571999745885,giacomo.ufu@gmail.com,PHARUS,Carlos Serafim,NAO_ENCONTRADO,-,,NAO_ENCONTRADO,-,,NAO_ESTA_EM_NENHUM
592b949d-62eb-444b-847a-a2d0a29a73df,Gian Carlo Sirena Lisboa,94871361004,51992168202,gian.lisboagut@gmail.com,PHARUS,João Aliceda,NAO_ENCONTRADO,-,,NAO_ENCONTRADO,-,,NAO_ESTA_EM_NENHUM
5f2105f5-cec1-4cc9-9197-141b3a7221fc,Gielle Karen Betezek Rodrigues,,5541995760347,gicabetezek1@gmail.com,PHARUS,Tales Salinas Rozo,NAO_ENCONTRADO,-,,NAO_ENCONTRADO,-,,NAO_ESTA_EM_NENHUM
18bea100-0898-448f-9ba9-54b4a708ee6e,Gilvan Soeiro de Souza,,5573999859009,gilvansoeiro@gmail.com,PHARUS,João Aliceda,NAO_ENCONTRADO,-,,NAO_ENCONTRADO,-,,NAO_ESTA_EM_NENHUM
0d3658c5-3717-4b0b-9e7c-23e63584a66f,Gilvania de Souza Gomes,,5534988050803,gigilvania@yahoo.com.br,PHARUS,Gabriel Oliveira,NAO_ENCONTRADO,-,,NAO_ENCONTRADO,-,,NAO_ESTA_EM_NENHUM
45c0f473-8d6a-4de7-b292-6538c307b5aa,Giovana Domingues Flores,,5511950231485,giovanadflores@hotmail.com,PHARUS,Willian Sobral,NAO_ENCONTRADO,-,,NAO_ENCONTRADO,-,,NAO_ESTA_EM_NENHUM
95b2dd2e-4a12-43f0-a495-9205ecb2fd2f,Giovani Alberto Bacin,53935764049,5554984066379,giovaniquimico@gmail.com,PHARUS,Cleuber Anicesio,NAO_ENCONTRADO,-,,NAO_ENCONTRADO,-,,NAO_ESTA_EM_NENHUM
a8867b48-f9a9-4483-ba41-b1556d630e7e,Gisela Trovo,78214831920,5541998236301,trovohidalgo@hotmail.com,PHARUS,Samuel Araújo,NAO_ENCONTRADO,-,,NAO_ENCONTRADO,-,,NAO_ESTA_EM_NENHUM
2901b873-16ea-4e40-b975-1f90b36ee950,Giselle Acácia Canto Reis,89509412287,5591984379009,gisellecanto@gmail.com,PHARUS,Hendrick Dorner,NAO_ENCONTRADO,-,,NAO_ENCONTRADO,-,,NAO_ESTA_EM_NENHUM
4e8b2db2-2591-4f83-8049-c48d1cb1d6a7,Giselly Wasti Adasz Bovolini,31987510801,5514988128812,giselly@adasz.com.br,PHARUS,Cleuber Anicesio,NAO_ENCONTRADO,-,,NAO_ENCONTRADO,-,,NAO_ESTA_EM_NENHUM
34da4030-97c9-4152-bbbf-58e43253bc7e,Gislaine Karla Luiz,,+55 62 9686-9888,gikaluiz@hotmail.com,PHARUS,Willian Sobral,NAO_ENCONTRADO,-,,NAO_ENCONTRADO,-,,NAO_ESTA_EM_NENHUM
36c186c3-050f-498a-8487-5897e91dbba7,Gislene Rodrigues Menezes,,5569993708367,gislenemenezes.bb@gmail.com,PHARUS,Hendrick Dorner,NAO_ENCONTRADO,-,,NAO_ENCONTRADO,-,,NAO_ESTA_EM_NENHUM
2bb325dc-2f1d-412c-b2fe-38de65f0b010,Gismael Jaques Brandalise,,+55 54 99139-6606,Brandaliseadvocacia@gmail.com,PHARUS,Willian Sobral,NAO_ENCONTRADO,-,,NAO_ENCONTRADO,-,,NAO_ESTA_EM_NENHUM
56866d7e-57fb-44f6-8eb5-4ceea84b73ab,Giuliano Borlenghi,,5511948207949,borlenghi@icloud.com,PHARUS,Gabriel Oliveira,NAO_ENCONTRADO,-,,NAO_ENCONTRADO,-,,NAO_ESTA_EM_NENHUM
784971fb-854d-457c-a95f-b19fd6915b87,Glaucio Tabalipa,,5547984241896,glauciopva@hotmail.com,PHARUS,Gabriel Oliveira,NAO_ENCONTRADO,-,,NAO_ENCONTRADO,-,,NAO_ESTA_EM_NENHUM
993de336-45ee-436b-8fe9-ee4a09eb0abf,Glaucy Dias & Rui Cabral,47440317220,5592996040937,glaudias76@outlook.com,PHARUS,Cleuber Anicesio,NAO_ENCONTRADO,-,,NAO_ENCONTRADO,-,,NAO_ESTA_EM_NENHUM
8afdee80-0172-490f-b43c-f556174e36c8,Gleicy Pires,61634930282,5545991559111,gleicyraquel@gmail.com,PHARUS,Abner Braga,NAO_ENCONTRADO,-,,NAO_ENCONTRADO,-,,NAO_ESTA_EM_NENHUM
2b4e3fbe-f37e-4e34-a96b-33dc190673eb,Gleydson Maykel Silva Araújo,72345365234,5599991791184,maykelmed@gmail.com,PHARUS,Willian Oliveira Schimidt,NAO_ENCONTRADO,-,,NAO_ENCONTRADO,-,,NAO_ESTA_EM_NENHUM
4907afcc-e21d-498a-a208-751b24ac0f4b,Glysse de Moura Sousa,,5581991047153,glyssekenede@hotmail.com,PHARUS,Tales Salinas Rozo,NAO_ENCONTRADO,-,,NAO_ENCONTRADO,-,,NAO_ESTA_EM_NENHUM
5566a401-b4e4-44f4-8d22-23d15f466803,Grasiela Pacheco Damaso Cavatti da Silva,,21 964689508,grasielacavatti@hotmail.com,PHARUS,Willian Oliveira Schimidt,NAO_ENCONTRADO,-,,NAO_ENCONTRADO,-,,NAO_ESTA_EM_NENHUM
fdf61355-88f7-45e5-b3b1-b68292508dfd,Graziella Marinho,23425325986,5585997504181,graziequeirozmarinho@gmail.com,PHARUS,Junior Teixeira,NAO_ENCONTRADO,-,,NAO_ENCONTRADO,-,,NAO_ESTA_EM_NENHUM
cd2ba781-0b6a-4d86-a12e-179664e86a6b,Gregori Alexandre Carniel,,54996125101,gregoriacarniel@gmail.com,PHARUS,Tiago Junior,NAO_ENCONTRADO,-,,NAO_ENCONTRADO,-,,NAO_ESTA_EM_NENHUM
b20557d2-aa88-4a5f-9178-580525dac756,Guilherme Almeida Francisco,00932375760,+5561996490436,guilhemem.almeida@icloud.com,PHARUS,Samuel Araújo,NAO_ENCONTRADO,-,,AMBIGUO,NOME_APENAS,,AMBIGUO
d686cdb0-d7b2-455d-8716-2ec2184a701a,Guilherme Andreis Bortolon,33353882839,559591628484,gbortolon@hotmail.com.br,PHARUS,Willian Oliveira Schimidt,NAO_ENCONTRADO,-,,NAO_ENCONTRADO,-,,NAO_ESTA_EM_NENHUM
c08534b0-7703-4ee1-96aa-35ce16c6bebf,Guilherme Corrêa Nascimento,,5565996431240,guilhermecn12@hotmail.com,PHARUS,Gabriel Oliveira,NAO_ENCONTRADO,-,,NAO_ENCONTRADO,-,,NAO_ESTA_EM_NENHUM
5c04406b-9e9d-48ae-ac3b-a4215d56768b,Guilherme da Cunha Galvani,,47 9292-5060,guigalvani@gmail.com,PHARUS,João Aliceda,NAO_ENCONTRADO,-,,NAO_ENCONTRADO,-,,NAO_ESTA_EM_NENHUM
9177ebcb-9643-4ede-9614-d9840253362a,Guilherme de Albuquerque Souza Maia,,5584988993615,Guilhermeasmaia@gmail.com,PHARUS,Samuel Araújo,NAO_ENCONTRADO,-,,NAO_ENCONTRADO,-,,NAO_ESTA_EM_NENHUM
913fbeb8-02b2-4dd9-b722-9badb40ec6b5,Guilherme de Rezende Dalul,11274363764,5549991155688,guilhermedalul@yahoo.com.br,PHARUS,Tales Salinas Rozo,NAO_ENCONTRADO,-,,NAO_ENCONTRADO,-,,NAO_ESTA_EM_NENHUM
11934e8d-af9e-4dc3-a43b-71131aa12883,Guilherme Deboni,43066103811,5511981954800,guideboni@hotmail.com,PHARUS,Samuel Araújo,NAO_ENCONTRADO,-,,NAO_ENCONTRADO,-,,NAO_ESTA_EM_NENHUM
c072642c-2201-4ab9-a8f4-01f080c464ae,Guilherme Ferreira de Almeida,,5511932924187,guilhermefa10@hotmail.com,DAVOS,Julio Cienkonog,NAO_ENCONTRADO,-,,NAO_ENCONTRADO,-,,NAO_ESTA_EM_NENHUM
0d0397be-4fc2-4c00-a84b-ae374a91dd9e,Guilherme Gouveia de Freitas,,5562999752120,ggf.gouveia@outlook.com,PHARUS,Hendrick Dorner,NAO_ENCONTRADO,-,,NAO_ENCONTRADO,-,,NAO_ESTA_EM_NENHUM
bffebebb-dcd5-4da3-ae60-5e4c0a3abcb9,Guilherme Hainfellner,,,,PHARUS,,NAO_ENCONTRADO,-,,NAO_ENCONTRADO,-,,NAO_ESTA_EM_NENHUM
01d1bd22-c704-47ac-b7ab-7beec727dbae,Guilherme Lima Amaral,,5531997331212,glimadoamaral@yahoo.com.br,PHARUS,Junior Teixeira,NAO_ENCONTRADO,-,,NAO_ENCONTRADO,-,,NAO_ESTA_EM_NENHUM
70980b87-b78a-4287-8d13-c87c2a504b10,Guilherme Marostegan e Carneiro,21549183877,5519974038868,guilhermemcarneiro@hotmail.com,PHARUS,Tiago Junior,NAO_ENCONTRADO,-,,NAO_ENCONTRADO,-,,NAO_ESTA_EM_NENHUM
39448b5c-084b-4b57-a8db-aa86f872dfb4,Guilherme Martinelli,26698134880,5519992931677,gui@oculos.com.br,PHARUS,Samuel Araújo,NAO_ENCONTRADO,-,,NAO_ENCONTRADO,-,,NAO_ESTA_EM_NENHUM
9c3c3248-6acf-4687-9ef3-8abfa1e7cbc7,Guilherme Mercante Amaral,39597337800,5511981157576,guilhermemercante@gmail.com,PHARUS,Gabriel Oliveira,NAO_ENCONTRADO,-,,NAO_ENCONTRADO,-,,NAO_ESTA_EM_NENHUM
2f26a129-1224-421a-9850-340d53830b3f,Guilherme Nunes,32843199808,5516997592396,guilherme_nunes@hotmail.com,PHARUS,Hendrick Dorner,NAO_ENCONTRADO,-,,NAO_ENCONTRADO,-,,NAO_ESTA_EM_NENHUM
96e22e88-a56f-4ee8-b24a-104e72ab019c,Guilherme Romano,61013854187,5521971291974,,DAVOS,Lucas Barrientos,NAO_ENCONTRADO,-,,NAO_ENCONTRADO,-,,NAO_ESTA_EM_NENHUM
3112e36e-b4c2-4d4f-850b-0f3e4997fb77,Guilherme Soares Soldateli,,5551997411499,guilhermesoldateli@gmail.com,PHARUS,Gabriel Oliveira,NAO_ENCONTRADO,-,,NAO_ENCONTRADO,-,,NAO_ESTA_EM_NENHUM
bb47392f-aeb2-46df-a826-de9e977fb598,Guilherme Tostes,10199924767,5524999091993,agrotostes@yahoo.com.br,PHARUS,Cleuber Anicesio,NAO_ENCONTRADO,-,,NAO_ENCONTRADO,-,,NAO_ESTA_EM_NENHUM
d49f3592-e11a-4f6a-b2d7-7c51efb5ea38,Guilherme Vieira Wilhelms,,5551992881186,guilhermegvw@gmail.com,PHARUS,Cleuber Anicesio,NAO_ENCONTRADO,-,,NAO_ENCONTRADO,-,,NAO_ESTA_EM_NENHUM
85b1b36e-5fcb-4de9-ba1b-3fd4585ed51d,Gustavo Antônio Giolo,97252255034,5545991557565,gustavogiolo@hotmail.com,DAVOS,Eduardo Peroni,NAO_ENCONTRADO,-,,NAO_ENCONTRADO,-,,NAO_ESTA_EM_NENHUM
251d0e69-230d-4a80-a988-e00ef03091a4,Gustavo Antunes França,,5527996446409,gustavoafranca@yahoo.com.br,DAVOS,Daniel Fentanes,NAO_ENCONTRADO,-,,NAO_ENCONTRADO,-,,NAO_ESTA_EM_NENHUM
e5bfdd4f-86bd-4804-bcd8-2f846c70f26b,Gustavo Aurelio Basso,21638290814,5511988399995,gustavoparana10@gmail.com,PHARUS,Abner Braga,NAO_ENCONTRADO,-,,NAO_ENCONTRADO,-,,NAO_ESTA_EM_NENHUM
84f0d379-237a-4729-9bdb-a9633dac5cc6,Gustavo Carvalho e Silva,67270140278,+5551981115065,gucarsil@gmail.com,PHARUS,,NAO_ENCONTRADO,-,,NAO_ENCONTRADO,-,,NAO_ESTA_EM_NENHUM
45ba3695-04f0-4981-b579-aba1726eeb94,Gustavo Cherubini,39336721801,5517991452810,gustavo.cherubini.lima@gmail.com,DAVOS,Eduardo Peroni,NAO_ENCONTRADO,-,,NAO_ENCONTRADO,-,,NAO_ESTA_EM_NENHUM
38278bd4-716b-45aa-919b-6118014655d3,Gustavo Coelho Navarro,,,drgustavonavarro@hotmail.com,PHARUS,Carlos Serafim,NAO_ENCONTRADO,-,,NAO_ENCONTRADO,-,,NAO_ESTA_EM_NENHUM
d2104781-7494-4d9b-b454-83f9c304d1a6,Gustavo de Andrade Dias,16664793814,5511998217919,gustadias74@gmail.com,PHARUS,Tales Salinas Rozo,NAO_ENCONTRADO,-,,NAO_ENCONTRADO,-,,NAO_ESTA_EM_NENHUM
742acf01-d37f-47c6-8e4e-eb6ed0fd504d,Gustavo de Oliveira Silva,,5548999310777,guga.salphsilva@gmail.com,PHARUS,Willian Oliveira Schimidt,NAO_ENCONTRADO,-,,NAO_ENCONTRADO,-,,NAO_ESTA_EM_NENHUM
56703a07-0220-40c0-82a5-fd317860a325,Gustavo Duarte,,5532998018855,gustavobduarte0@gmail.com,PHARUS,,NAO_ENCONTRADO,-,,NAO_ENCONTRADO,-,,NAO_ESTA_EM_NENHUM
8d69f937-dc4c-4028-9487-b1f40a140a11,Gustavo Henrique Nunes Damiati,19536855879,5514991843459,gdamiati@gmail.com,PHARUS,Hendrick Dorner,NAO_ENCONTRADO,-,,NAO_ENCONTRADO,-,,NAO_ESTA_EM_NENHUM
fae1d886-b8a6-4890-b1e3-e928aca47be0,Gustavo Henrique Trombim,35130058810,5519992157490,gustavo@lgsautomacao.com.br,DAVOS,Lucas Barrientos,NAO_ENCONTRADO,-,,NAO_ENCONTRADO,-,,NAO_ESTA_EM_NENHUM
0916b852-c9ce-4881-926d-3c5888abbbb8,Gustavo Junges Filiú,,5511991856630,gustavofiliu@gmail.com,PHARUS,Tales Salinas Rozo,NAO_ENCONTRADO,-,,NAO_ENCONTRADO,-,,NAO_ESTA_EM_NENHUM
ffb42124-9465-4b47-85a4-d18dec8167d3,Gustavo Junqueira do Amaral,29150729810,5511999833530,gustavo.j.amaral@gmail.com,PHARUS,Gabriel Oliveira,NAO_ENCONTRADO,-,,NAO_ENCONTRADO,-,,NAO_ESTA_EM_NENHUM
403d84aa-9033-4ef2-9c40-a61315e335f4,Gustavo Luiz Souza da Conceição,,+55 31 9203-0123,gustavoconverse@gmail.com,PHARUS,Cleuber Anicesio,NAO_ENCONTRADO,-,,NAO_ENCONTRADO,-,,NAO_ESTA_EM_NENHUM
ea416a5d-daa0-43be-99ca-1f369170ee62,Gustavo Melo,,5521981017981,,DAVOS,Lucas Barrientos,NAO_ENCONTRADO,-,,NAO_ENCONTRADO,-,,NAO_ESTA_EM_NENHUM
0459f931-cdf0-4909-b28e-35b7857eb381,Gustavo Meneses de Barros,,5531983017164,barrosgm02@gmail.com,PHARUS,Willian Oliveira Schimidt,NAO_ENCONTRADO,-,,NAO_ENCONTRADO,-,,NAO_ESTA_EM_NENHUM
afbc93f2-ea37-4447-b1ee-2a6c82ff9845,Gustavo Mourão Isolani,,,gmisolani@gmail.com,DAVOS,,NAO_ENCONTRADO,-,,NAO_ENCONTRADO,-,,NAO_ESTA_EM_NENHUM
2c7240c5-eaa3-4690-b428-58d884036519,Gustavo Reis de Oliveira,29806665805,5522999685165,gustavo.reoli@hotmail.com,PHARUS,Gabriel Oliveira,NAO_ENCONTRADO,-,,NAO_ENCONTRADO,-,,NAO_ESTA_EM_NENHUM
b16c3da1-88ad-4da0-b5e9-4659e95a01e0,Gustavo Ribolli,22573874818,5551997157007,gr@fiere.com.br,PHARUS,Samuel Araújo,NAO_ENCONTRADO,-,,NAO_ENCONTRADO,-,,NAO_ESTA_EM_NENHUM
71833361-9e1a-4f23-946e-73368443a50e,Gustavo Santana Rodrigues,,5527997878226,gustavorodrigues50@gmail.com,PHARUS,Gabriel Oliveira,NAO_ENCONTRADO,-,,NAO_ENCONTRADO,-,,NAO_ESTA_EM_NENHUM
b9214f22-b880-4dfb-894c-49fe893f07e1,Gustavo Santos Costa,,5534998883104,gsantosaero@gmail.com,PHARUS,João Gonçalves,NAO_ENCONTRADO,-,,NAO_ENCONTRADO,-,,NAO_ESTA_EM_NENHUM
993f4c5a-235f-48cf-988c-3274636f0e7c,Gustavo Schorr Guarienti,,5547999230325,gustavobnu@gmail.com,PHARUS,Samuel Araújo,NAO_ENCONTRADO,-,,NAO_ENCONTRADO,-,,NAO_ESTA_EM_NENHUM
cdbfb54a-9fa1-4421-8f9b-9eecd468d4d1,Gustavo Seithy Katayama,,5541999436931,gustavoskatayama@gmail.com,PHARUS,Cleuber Anicesio,NAO_ENCONTRADO,-,,NAO_ENCONTRADO,-,,NAO_ESTA_EM_NENHUM
0545b9b0-aad9-4c5c-bcb5-31357154bd9a,Gustavo Silva Cunha,,5561998121543,,PHARUS,Hendrick Dorner,NAO_ENCONTRADO,-,,NAO_ENCONTRADO,-,,NAO_ESTA_EM_NENHUM
ec8bf8df-c7e6-49f4-8507-63f9b8395e8a,Gustavo Silva Ladeira,89865260697,5511965543256,gustavo.ladeira@hotmail.com,PHARUS,Junior Teixeira,NAO_ENCONTRADO,-,,NAO_ENCONTRADO,-,,NAO_ESTA_EM_NENHUM
7bc4b65c-447f-4bc4-bda9-3b8bef87f839,Gustavo Silva Nery,,5531988402809,gustavo.silva.nery@gmail.com,PHARUS,Samuel Araújo,NAO_ENCONTRADO,-,,NAO_ENCONTRADO,-,,NAO_ESTA_EM_NENHUM
9f86ccd6-7a3a-42d5-b6f5-67f34f1e692b,Gustavo Soares de Queiroz Lima,,5581991133013,gustavosqlima@hotmail.com,PHARUS,Abner Braga,NAO_ENCONTRADO,-,,NAO_ENCONTRADO,-,,NAO_ESTA_EM_NENHUM
dce76e10-2765-4c06-894b-a97daee0efaa,Gustavo Varela Delgado,,5531988737441,gutovarela@gmail.com,PHARUS,Samuel Araújo,NAO_ENCONTRADO,-,,NAO_ENCONTRADO,-,,NAO_ESTA_EM_NENHUM
61970905-b254-4d5a-bf3c-28f76965897b,Hadady Wirla Pereira da Costa,,5541988334334,hadadywirla@gmail.com,PHARUS,Willian Oliveira Schimidt,NAO_ENCONTRADO,-,,NAO_ENCONTRADO,-,,NAO_ESTA_EM_NENHUM
a9128d14-e269-46e8-beb5-8166939935b9,Hálamo Figueiredo Lima Abrantes,,558399039893,halamoabrantes@hotmail.com,DAVOS,Eduardo Peroni,NAO_ENCONTRADO,-,,NAO_ENCONTRADO,-,,NAO_ESTA_EM_NENHUM
7ed81ef2-8eb6-410a-9abe-387190b6c6f0,Haroldo Isaak,,5541999724068,haroldo@isaak.com.br,PHARUS,Gabriel Oliveira,NAO_ENCONTRADO,-,,NAO_ENCONTRADO,-,,NAO_ESTA_EM_NENHUM
4c3e378e-ab16-412d-a3b4-36410a2ef267,Hayvolla Leite,,5583988732029,hayvollaleite@hotmail.com,PHARUS,João Aliceda,NAO_ENCONTRADO,-,,NAO_ENCONTRADO,-,,NAO_ESTA_EM_NENHUM
58c20112-1865-4f7a-b423-fe5e8208071f,Heber Augusto Lara Cunha,,5531984758837,augustolara2012@gmail.com,PHARUS,Tales Salinas Rozo,NAO_ENCONTRADO,-,,AMBIGUO,NOME_APENAS,,AMBIGUO
2a54b9a5-7322-45bb-870b-b888a720d2df,Hebert Domingues de Azevedo,13511770874,5567984481240,hebert.domingues@gmail.com,PHARUS,Junior Teixeira,NAO_ENCONTRADO,-,,NAO_ENCONTRADO,-,,NAO_ESTA_EM_NENHUM
e8f30ae9-365a-45c2-bc4d-b240f4b1030a,Heitor Parenti Junior,,+55 35 99765-1984,heitorpjr@yahoo.com.br,PHARUS,Tiago Junior,NAO_ENCONTRADO,-,,NAO_ENCONTRADO,-,,NAO_ESTA_EM_NENHUM
d13785ac-aa9e-45b1-9318-1d2fba798d2d,Helder Claret Losso Polido,,5516991724626,dr.helder.polido@hotmail.com,PHARUS,Abner Braga,NAO_ENCONTRADO,-,,NAO_ENCONTRADO,-,,NAO_ESTA_EM_NENHUM
1947820d-ba71-4d25-a274-e73c68daf11e,Heloisa da Silva Simões,,5521971753670,heloss10@yahoo.com.br,PHARUS,Cleuber Anicesio,NAO_ENCONTRADO,-,,NAO_ENCONTRADO,-,,NAO_ESTA_EM_NENHUM
b3d0e573-e4f7-401a-affa-323cfff8a81b,Heloisa Helena Franco de Camargo,86735926820,5519981218800,helofcamargo@gmail.com,DAVOS,Eduardo Peroni,NAO_ENCONTRADO,-,,NAO_ENCONTRADO,-,,NAO_ESTA_EM_NENHUM
f62adb1a-ea64-4635-98b7-71752b8437ce,Helyon Vasconcelos,,5521981080314,helyon81@gmail.com,DAVOS,Eduardo Peroni,NAO_ENCONTRADO,-,,NAO_ENCONTRADO,-,,NAO_ESTA_EM_NENHUM
100b3a19-ab07-45a9-bfc2-cc2463707e26,Henrique Holz de Castro,10415916755,5527996323824,henriqueholz@live.com,PHARUS,Tales Salinas Rozo,NAO_ENCONTRADO,-,,NAO_ENCONTRADO,-,,NAO_ESTA_EM_NENHUM
419bff42-e772-4dfb-b4a4-cb37a6b44cea,Henrique José Moreira Barbosa,10753340470,84991358950,henriquejmbarbosa@gmail.com,PHARUS,Rodrigo Lunardi,NAO_ENCONTRADO,-,,NAO_ENCONTRADO,-,,NAO_ESTA_EM_NENHUM
f87ef1ad-5171-408a-a749-2ef97d76ee6d,Henrique Kefler Ferreira,27825769848,5565999884445,henriquekefler@hotmail.com,PHARUS,Abner Braga,NAO_ENCONTRADO,-,,NAO_ENCONTRADO,-,,NAO_ESTA_EM_NENHUM
fc7b6652-dba4-40fd-9c24-cd520c618bcd,Henrique Lara de Morais Matos,10371228603,5531999496464,henriquewake@hotmail.com,PHARUS,Cleuber Anicesio,NAO_ENCONTRADO,-,,NAO_ENCONTRADO,-,,NAO_ESTA_EM_NENHUM
4c95b4f8-54dc-422d-8b40-7abae07a418d,Henrique Marinho,11455286435,5581981312717,henrique@henriquemarinhohm.com.br,DAVOS,Daniel Fentanes,NAO_ENCONTRADO,-,,NAO_ENCONTRADO,-,,NAO_ESTA_EM_NENHUM
2d170899-fe32-47e9-9ac3-e39abcbebf63,Henrique Miranda da Silva,,5562996114445,enghenriquemsilva@gmail.com,PHARUS,Willian Sobral,NAO_ENCONTRADO,-,,NAO_ENCONTRADO,-,,NAO_ESTA_EM_NENHUM
975c37ce-91d3-4427-85bf-3be74b62c117,Henrique Mota Welter,,5551991072032,centralredesul@gmail.com,PHARUS,Tiago Junior,NAO_ENCONTRADO,-,,NAO_ENCONTRADO,-,,NAO_ESTA_EM_NENHUM
91ef8559-a0f5-4bb3-8db9-fd003238a039,Henrique Rodrigues Scherer Coelho,,5567992929345,henriquercoelho@yahoo.com.br,PHARUS,André Rockenbach,NAO_ENCONTRADO,-,,NAO_ENCONTRADO,-,,NAO_ESTA_EM_NENHUM
9dc9ec40-3034-459c-9a6c-e41334ee6428,Henrique Sillman,36546944898,5519991929339,henrique.sillmann@prometal.com.br,PHARUS,Ana Ávalos,NAO_ENCONTRADO,-,,NAO_ENCONTRADO,-,,NAO_ESTA_EM_NENHUM
2d056994-e6f1-4c18-a64c-ec0e15c5e2ad,Henrique Vergueiro,,5547992409903,henriquevcm@gmail.com,PHARUS,Tales Salinas Rozo,NAO_ENCONTRADO,-,,NAO_ENCONTRADO,-,,NAO_ESTA_EM_NENHUM
44a7b0e8-5abe-4407-8a1a-c61c19f4072b,Heráclito Dantas de Miranda Neto,00959307524,94991398911,heraclito.dantas@apextecnologia.com.br,PHARUS,Abner Braga,ENCONTRADO_EXATO,QV_ID+CPF+EMAIL+TELEFONE,fc956154-36e1-45e5-8d40-fffb5dca5004,NAO_ENCONTRADO,-,,ESTA_NO_ANCHOR
2efd49fa-bf9f-49ea-b2ec-b993ee2b726b,Hermes Nojosa de Lavor,,5585997070026,hermeslavor000@gmail.com,PHARUS,Hendrick Dorner,NAO_ENCONTRADO,-,,NAO_ENCONTRADO,-,,NAO_ESTA_EM_NENHUM
012009ec-95ab-44de-8531-7daaa146b300,Hevandro Vaz Ricardo,,5512981971234,hevandrovaz@yahoo.com.br,PHARUS,Samuel Araújo,NAO_ENCONTRADO,-,,NAO_ENCONTRADO,-,,NAO_ESTA_EM_NENHUM
d991f140-8325-4a55-ba4e-3283cce013f6,Higo Ribeiro Araújo,,5591993530304,hgribeiro13@gmail.com,DAVOS,Julio Cienkonog,NAO_ENCONTRADO,-,,NAO_ENCONTRADO,-,,NAO_ESTA_EM_NENHUM
8f3e2441-144d-4c69-b306-0a4b99a8200c,Hilário Bacchini,,5511998052994,hgbaquini@uol.com.br,PHARUS,Rodrigo Lunardi,NAO_ENCONTRADO,-,,NAO_ENCONTRADO,-,,NAO_ESTA_EM_NENHUM
a4ddeb74-0f05-4f9a-8b0e-362b0382825f,Hildeice Aguiar de Sousa,76989526300,5598982336677,hildeice@gmail.com,PHARUS,Gabriel Oliveira,NAO_ENCONTRADO,-,,NAO_ENCONTRADO,-,,NAO_ESTA_EM_NENHUM
ef19f6a5-5f42-48f4-ad7a-457e9a1b40ec,Hildenê de Jesus P S Bastos,19856091349,+5598984138400,hildene@clinicapersonalitte.com.br,PHARUS,,NAO_ENCONTRADO,-,,NAO_ENCONTRADO,-,,NAO_ESTA_EM_NENHUM
bfe47411-e730-46e2-8104-071937521244,Hugo Alexandre Ramos de Araujo,,5581997856256,hug_ara@yahoo.com.br,PHARUS,Tales Salinas Rozo,NAO_ENCONTRADO,-,,NAO_ENCONTRADO,-,,NAO_ESTA_EM_NENHUM
9dc65816-942f-48ed-a489-1d5590fc6858,Hugo Barros dos Santos,92436854149,5562981282523,hugobarsantos@gmail.com,PHARUS,Gabriel Oliveira,NAO_ENCONTRADO,-,,NAO_ENCONTRADO,-,,NAO_ESTA_EM_NENHUM
89ddebf3-c902-4fc4-8e0b-78d0e0f0c43a,Hugo Samir Bechara Arrero Lima,,5591981446524,samirarero@gmail.com,PHARUS,Tales Salinas Rozo,NAO_ENCONTRADO,-,,NAO_ENCONTRADO,-,,NAO_ESTA_EM_NENHUM
44947cf6-d2a9-4746-a864-c4e257dd7428,Icaro Lopes de Freitas,39121276897,5511989040656,icarolp.freitas@gmail.com,PHARUS,Gabriel Oliveira,NAO_ENCONTRADO,-,,NAO_ENCONTRADO,-,,NAO_ESTA_EM_NENHUM
ca0f4a69-5a42-4006-841f-c125d6b79da9,Idelfonso e Sionara,51490153349,5588988228111,idelfonsomastologia@gmail.com,PHARUS,João Aliceda,NAO_ENCONTRADO,-,,NAO_ENCONTRADO,-,,NAO_ESTA_EM_NENHUM
c3293cc3-2b01-4bca-ac31-0497b1a40838,Idior Saulo Zanoni,,5541991875955,izanoni@hotmail.com,PHARUS,Junior Teixeira,NAO_ENCONTRADO,-,,NAO_ENCONTRADO,-,,NAO_ESTA_EM_NENHUM
bcb585d0-c381-4fdc-903a-4bfd307ec263,Ieda Maria Brito Ferreira,,5535998504884,iedavilasboas26@gmail.com,PHARUS,,NAO_ENCONTRADO,-,,NAO_ENCONTRADO,-,,NAO_ESTA_EM_NENHUM
fd3c03d6-4cc8-4807-b2d0-995759034961,Igor Carvalho Vasconcelos,,5581994281081,vasconcelosic2@gmail.com,DAVOS,Eduardo Peroni,NAO_ENCONTRADO,-,,NAO_ENCONTRADO,-,,NAO_ESTA_EM_NENHUM
34b86fb5-65de-460d-a03f-8f9b86f2d675,Igor Emanuel Vasconcelos e Martins Gomes,,5585996319559,billiejoece@yahoo.com.br,PHARUS,João Aliceda,NAO_ENCONTRADO,-,,NAO_ENCONTRADO,-,,NAO_ESTA_EM_NENHUM
dffa590e-9f40-419e-9763-1ca4d5d2de47,Igor Francielly de Medeiros Dantas,,5587996638338,igorfmdantas@yahoo.com.br,PHARUS,Junior Teixeira,NAO_ENCONTRADO,-,,NAO_ENCONTRADO,-,,NAO_ESTA_EM_NENHUM
30bc3c14-cedf-416a-854e-1c8f089f522f,Igor Steinmeyer,21937246876,5513997252006,igorsteinmeyer@yahoo.com.br,PHARUS,Tales Salinas Rozo,NAO_ENCONTRADO,-,,NAO_ENCONTRADO,-,,NAO_ESTA_EM_NENHUM
4de6ecc6-3a7c-4664-8d47-b0ebdf97d736,Igor Val de Assis,01101696540,557181121366,igorvassis@yahoo.com.br,DAVOS,Eduardo Peroni,NAO_ENCONTRADO,-,,NAO_ENCONTRADO,-,,NAO_ESTA_EM_NENHUM
e5bf3b61-80e7-464e-bff2-35e753edfb63,Igor Vilas Boas,08128698850,556184591515,igorvilasboas72@gmail.com,DAVOS,Lucas Barrientos,NAO_ENCONTRADO,-,,NAO_ENCONTRADO,-,,NAO_ESTA_EM_NENHUM
8a656d59-bd07-47b0-bbd0-7d72a251f234,Ildemberg de Oliveira,52740331304,5595981177677,,DAVOS,Lucas Barrientos,NAO_ENCONTRADO,-,,NAO_ENCONTRADO,-,,NAO_ESTA_EM_NENHUM
991b75d2-649f-474a-a299-155086e2c32b,Inês Cristina Brito da Costa,97984019215,5594992001920,inesbritocosta@hotmail.com,PHARUS,Samuel Araújo,NAO_ENCONTRADO,-,,NAO_ENCONTRADO,-,,NAO_ESTA_EM_NENHUM
546b8ade-a3d5-44c1-beb9-e1b098578924,Inês Fernandes,,5511980252099,ines_fernandes@terra.com.br,PHARUS,Hendrick Dorner,NAO_ENCONTRADO,-,,NAO_ENCONTRADO,-,,NAO_ESTA_EM_NENHUM
3d21db47-0bf5-4199-b9b4-59061432cd3c,Ingobert Piske,,5547999889135,piske@comnpetitiva.com.br,PHARUS,Tales Salinas Rozo,NAO_ENCONTRADO,-,,NAO_ENCONTRADO,-,,NAO_ESTA_EM_NENHUM
03895e05-e38e-4b25-9b06-059cdca4a6a3,Ingrid Luna Hoerner e Silva,13633873759,+55 51 98928-8336,ingridl.hoerner@gmail.com,PHARUS,Tiago Junior,NAO_ENCONTRADO,-,,NAO_ENCONTRADO,-,,NAO_ESTA_EM_NENHUM
a31d6e56-2045-43d0-9ea9-18e6b7b4ac7e,Iona Maria Vasconcelos,23419474334,5585988989978,ionafor@hotmail.com,PHARUS,Tales Salinas Rozo,NAO_ENCONTRADO,-,,NAO_ENCONTRADO,-,,NAO_ESTA_EM_NENHUM
52c58559-5019-4285-8540-4886ec41102c,Isabel de Mattos Marcondes,28702827883,5548991252425,belmattos@hotmail.com,PHARUS,Willian Sobral,NAO_ENCONTRADO,-,,NAO_ENCONTRADO,-,,NAO_ESTA_EM_NENHUM
167c0999-fe4b-46c2-8b7d-4dbdfca059ee,Isabela Cristina Canavez,22629135870,5516982068221,isabelacanavez@gmail.com,PHARUS,Abner Braga,NAO_ENCONTRADO,-,,NAO_ENCONTRADO,-,,NAO_ESTA_EM_NENHUM
05d9bc06-08e7-4e2c-a54e-6baad4a65c3d,Isac Newton dos Santos Silva,,5547999303720,newton.isac@outlook.com,PHARUS,Hendrick Dorner,NAO_ENCONTRADO,-,,NAO_ENCONTRADO,-,,NAO_ESTA_EM_NENHUM
afc3832d-ab11-4b91-bade-16cef015e7ee,Israel Barcelos de Melo,,5511995145105,is_bolivia@hotmail.com,DAVOS,Eduardo Peroni,NAO_ENCONTRADO,-,,NAO_ENCONTRADO,-,,NAO_ESTA_EM_NENHUM
09e018ee-a8d3-4bd5-8ce3-da52d35e3f27,Itala Karine Campos Barros,,5598991105060,italaabarros@hotmail.com,PHARUS,Abner Braga,NAO_ENCONTRADO,-,,NAO_ENCONTRADO,-,,NAO_ESTA_EM_NENHUM
42dcf840-d933-49b6-ab6e-b435f6bb6e67,Ituriel Freitas Nascimento Filho,,5564999439691,iturielfilho@hotmail.com,PHARUS,Cleuber Anicesio,NAO_ENCONTRADO,-,,NAO_ENCONTRADO,-,,NAO_ESTA_EM_NENHUM
7e4343ff-1681-494f-9ff9-fb460422cfee,Ivalto Gonçalves Nascimento Junior,,5591980560642,ivalto_jr@hotmail.com,PHARUS,Abner Braga,NAO_ENCONTRADO,-,,NAO_ENCONTRADO,-,,NAO_ESTA_EM_NENHUM
1bc9f2b9-d097-4e3a-8de4-763e7b7706b9,Ivan Hebert Fernandes,21364415828,5511996248282,Ivanhfe@yahoo.com,PHARUS,Gabriel Oliveira,NAO_ENCONTRADO,-,,NAO_ENCONTRADO,-,,NAO_ESTA_EM_NENHUM
ce90c659-3d0c-4ca8-8088-762823bd856e,Ivan Regis da Silva,93057997953,+5541999250307,ivanregis@onda.com.br,PHARUS,,NAO_ENCONTRADO,-,,NAO_ENCONTRADO,-,,NAO_ESTA_EM_NENHUM
afe90871-f62f-4f0b-ba5e-63a05bb98e71,Izadora Jorge Luiz Sinhá de Sá,,,izajls@gmail.com,PHARUS,Carlos Serafim,NAO_ENCONTRADO,-,,NAO_ENCONTRADO,-,,NAO_ESTA_EM_NENHUM
255a48ee-32b1-4a78-a7ad-462b19dde04d,Izadora Souza Artiaga de Almeida,03689583101,+5562997011020,izadora.saav@gmail.com,LANDLORD,,NAO_ENCONTRADO,-,,NAO_ENCONTRADO,-,,NAO_ESTA_EM_NENHUM
c7e531a8-1af1-4124-a50d-3ef9fb18c29c,Jackson Laskoski,,5549988131231,jack@conexti.com.br,PHARUS,Cleuber Anicesio,NAO_ENCONTRADO,-,,AMBIGUO,NOME_APENAS,,AMBIGUO
284e37ee-9000-4aca-87bb-0abf09ddf2a1,Jader Lucas de Almeida,24642441808,5511966273281,jader@chameleoncomp.com,DAVOS,Eduardo Peroni,NAO_ENCONTRADO,-,,NAO_ENCONTRADO,-,,NAO_ESTA_EM_NENHUM
5fd7beca-412c-46da-8eba-a7fbc497c781,Jadir Paiva Silva Junior,,5573998400100,jadirpaiva1@gmail.com,PHARUS,Willian Sobral,NAO_ENCONTRADO,-,,NAO_ENCONTRADO,-,,NAO_ESTA_EM_NENHUM
729d8836-48f5-4ccc-8683-8b904d092629,Jaime Rodrigues de Abreu Faria,27064053845,5513981808014,jradvocacia18437@gmail.com,PHARUS,Cleuber Anicesio,NAO_ENCONTRADO,-,,NAO_ENCONTRADO,-,,NAO_ESTA_EM_NENHUM
73f9525b-1491-4f4e-85c5-a88ee9300a24,Jairo Rodrigues,,,,DAVOS,Eduardo Peroni,NAO_ENCONTRADO,-,,NAO_ENCONTRADO,-,,NAO_ESTA_EM_NENHUM
6f3e17be-142b-4926-b969-def8ca8de151,Jamile Condi Breviglieri,91900948249,69981251963,jamile.breviglieri@hotmail.com,PHARUS,Carlos Serafim,ENCONTRADO_EXATO,QV_ID+CPF+EMAIL+TELEFONE,26e35317-13bb-4bfc-9e37-6af9e427e4ce,NAO_ENCONTRADO,-,,ESTA_NO_ANCHOR
ff246a11-a585-4646-9c44-796327cc97d3,Janael José Meneses Lima,,5586999275590,janaelmeneses@hotmail.com,DAVOS,Daniel Fentanes,NAO_ENCONTRADO,-,,NAO_ENCONTRADO,-,,NAO_ESTA_EM_NENHUM
185ac43b-9e4e-4df0-bedc-58f267946c7f,Janaina Austregesilo Athayde de Hollanda Ferreira,,5511997607765,janahollanda@gmail.com,PHARUS,Tales Salinas Rozo,NAO_ENCONTRADO,-,,NAO_ENCONTRADO,-,,NAO_ESTA_EM_NENHUM
fae62b53-b391-4fa6-a31c-ec24c2ee3a26,Janaina Leila Batista,96816309472,5561984071998,jjleilamd1@gmail.com,PHARUS,João Aliceda,NAO_ENCONTRADO,-,,NAO_ENCONTRADO,-,,NAO_ESTA_EM_NENHUM
9a7ebc60-3201-4288-885e-11e6fbf6c46e,Janaina Machado Eizono,,6198195034,janainaeizono@gmail.com,DAVOS,Eduardo Peroni,NAO_ENCONTRADO,-,,NAO_ENCONTRADO,-,,NAO_ESTA_EM_NENHUM
64c1aba4-e486-4498-bf40-572ecbecbda2,Jander Freitas Silva,,75992621364,crop.fisioterapia@gmail.com,PHARUS,Willian Oliveira Schimidt,NAO_ENCONTRADO,-,,NAO_ENCONTRADO,-,,NAO_ESTA_EM_NENHUM
a8451433-980c-4147-884a-422b05caa69a,Janete de Queiroz Costa Pinheiro,,,Janeteqcpinheiro@gmail.com,PHARUS,Carlos Serafim,NAO_ENCONTRADO,-,,NAO_ENCONTRADO,-,,NAO_ESTA_EM_NENHUM
661747f0-2a3c-4a2e-946d-10b7fa60405e,Jaqueline Vanini Dias,37037158801,5511995203747,vanini.jaque@gmail.com,PHARUS,Samuel Araújo,NAO_ENCONTRADO,-,,NAO_ENCONTRADO,-,,NAO_ESTA_EM_NENHUM
becad99e-18a0-4a0d-a80b-698f71dc6845,Jayme dos Santos Martins Junior,39860434204,559191991605,jaymesmjunior@yahoo.com.br,DAVOS,Lucas Barrientos,NAO_ENCONTRADO,-,,NAO_ENCONTRADO,-,,NAO_ESTA_EM_NENHUM
9ff0eb2d-925e-4542-82f7-90ce475e253e,Jayron Alves Brito,,5598981752460,jayronalves@hotmail.com,PHARUS,Samuel Araújo,NAO_ENCONTRADO,-,,NAO_ENCONTRADO,-,,NAO_ESTA_EM_NENHUM
ccd241d4-3dbf-4e7b-9ee6-df01c3695fc9,Jean Marcelo Bojarski,98796020997,5547988597872,jean@dispofer.com.br,PHARUS,Cleuber Anicesio,NAO_ENCONTRADO,-,,NAO_ENCONTRADO,-,,NAO_ESTA_EM_NENHUM
65c7b3ba-2eab-4e37-929f-d1b392ef0377,Jean Meire Bastos Macedo Junior,03185014570,5571999113653,jrmacedo.eng@hotmail.com,PHARUS,Willian Oliveira Schimidt,NAO_ENCONTRADO,-,,NAO_ENCONTRADO,-,,NAO_ESTA_EM_NENHUM
836a7042-b9de-45f8-a263-41c1802280df,Jean Ricardo Schulz,,5547999013523,jrschulz1979@gmail.com,PHARUS,Cleuber Anicesio,NAO_ENCONTRADO,-,,NAO_ENCONTRADO,-,,NAO_ESTA_EM_NENHUM
f5f95e99-d530-499e-a544-ef48405362c3,Jeferson Antonio Farias de Almeida,,5547984653472,jef.antoni@gmail.com,PHARUS,Abner Braga,NAO_ENCONTRADO,-,,NAO_ENCONTRADO,-,,NAO_ESTA_EM_NENHUM
b873191f-b756-4116-bd17-d40d1f5ddfd6,Jefferson da Silva Freitas,,556298233255,jeferdefreitas@hotmail.com,PHARUS,Junior Teixeira,NAO_ENCONTRADO,-,,NAO_ENCONTRADO,-,,NAO_ESTA_EM_NENHUM
d1672f48-ee97-4852-bd11-c94c1e82becf,Jefferson Fabio Bustos Linares,80147785960,5511987198582,jeffersonlinares97@gmail.com,PHARUS,Tales Salinas Rozo,NAO_ENCONTRADO,-,,NAO_ENCONTRADO,-,,NAO_ESTA_EM_NENHUM
7ae9874a-ec9f-42c4-a275-68f03b156e2d,Jefferson Melônio Machado,,5598987223920,jmelonio@hotmail.com,PHARUS,Ana Ávalos,NAO_ENCONTRADO,-,,NAO_ENCONTRADO,-,,NAO_ESTA_EM_NENHUM
5d253140-6660-4738-bb6e-975a4a624d9f,Jefferson Oliveira,36979200810,5511952818322,seginfo.jeffersonoliveira@gmail.com,PHARUS,Tales Salinas Rozo,NAO_ENCONTRADO,-,,NAO_ENCONTRADO,-,,NAO_ESTA_EM_NENHUM
1bbbd946-02e7-4ffd-a866-c88dfe8c0d56,Jérlhia C S Granato,,5542988039396,jerlhia@icloud.com,PHARUS,Gabriel Oliveira,NAO_ENCONTRADO,-,,NAO_ENCONTRADO,-,,NAO_ESTA_EM_NENHUM
519a30f6-27c0-49c5-ad82-618c949497ee,Jetro Aguiar Ramos,51247771253,5596991349177,jetroaguiarramos@gmail.com,PHARUS,Nícolas Alves,NAO_ENCONTRADO,-,,NAO_ENCONTRADO,-,,NAO_ESTA_EM_NENHUM
a6ba5635-dd2d-40cc-9df6-6713b2d78f0b,Jiancarlos Migliavacca,98958526068,555496160397,farmaceuticojian@yahoo.com.br,DAVOS,Eduardo Peroni,NAO_ENCONTRADO,-,,NAO_ENCONTRADO,-,,NAO_ESTA_EM_NENHUM
d9881e85-ee49-48d6-892c-b11eb2d9f18f,Jimi Scarparo,43001785268,5511999219040,jimi.scarparo@gmail.com,PHARUS,Rodrigo Lunardi,NAO_ENCONTRADO,-,,NAO_ENCONTRADO,-,,NAO_ESTA_EM_NENHUM
9d05b016-aee8-4405-aad1-9d3f71add4a4,Joabe Jack de Menezes,81972245449,5587988437304,joabejack@gmail.com,PHARUS,Samuel Araújo,NAO_ENCONTRADO,-,,NAO_ENCONTRADO,-,,NAO_ESTA_EM_NENHUM
519f0f28-97ce-4719-9f85-c10fde4ebbed,Joana Gudolle Steiger,,5548998002112,jogudolle@gmail.com,PHARUS,,NAO_ENCONTRADO,-,,NAO_ENCONTRADO,-,,NAO_ESTA_EM_NENHUM
7e068b3e-9851-4177-ad01-a9c1bc972bd4,João Agripino de Vasconcelos Maia Filho,65984340410,5581988936831,joaoagri@hotmail.com,PHARUS,Gabriel Oliveira,NAO_ENCONTRADO,-,,NAO_ENCONTRADO,-,,NAO_ESTA_EM_NENHUM
634e5c34-5680-4e4b-9a73-645f15f7ac6c,João Alves de Melo Júnior,,5581999804985,joao@alvesdemelo.com,PHARUS,Gabriel Oliveira,NAO_ENCONTRADO,-,,NAO_ENCONTRADO,-,,NAO_ESTA_EM_NENHUM
5f592703-ab4f-4be6-874e-b445c26c7020,João Batista Malacrida Filho,,5541991115620,jb2vip@gmail.com,PHARUS,Gabriel Oliveira,NAO_ENCONTRADO,-,,NAO_ENCONTRADO,-,,NAO_ESTA_EM_NENHUM
2119c10c-81cb-496f-bd08-1f91b6523c7b,João Cosmo Festozo Filho,62116436834,5513981331234,festozo@gmail.com,PHARUS,Tales Salinas Rozo,NAO_ENCONTRADO,-,,NAO_ENCONTRADO,-,,NAO_ESTA_EM_NENHUM
936ae458-2919-40f0-a0ec-2aceabd2e8a0,João Duarte,,51992309669,,PHARUS,Cleuber Anicesio,NAO_ENCONTRADO,-,,NAO_ENCONTRADO,-,,NAO_ESTA_EM_NENHUM
43603f3e-b52e-4039-a199-0baf3046e46e,Joao Estenio Cangussu Neto,,5569984484847,drjoaocangussu@gmail.com,PHARUS,,NAO_ENCONTRADO,-,,NAO_ENCONTRADO,-,,NAO_ESTA_EM_NENHUM
04a570b8-eb84-4b1f-ab7b-80607b67c096,João Flávio Magalhães Borges de Carvalho,27843880852,+5511992203345,drjoaocarvalho1978@gmail.com,PHARUS,,NAO_ENCONTRADO,-,,NAO_ENCONTRADO,-,,NAO_ESTA_EM_NENHUM
9c303521-f1fd-46d3-952f-3a57abc04c28,João Gradeço Aniceto do Carmo,70337570183,5547992150801,laguinhas@gmail.com,PHARUS,Samuel Araújo,NAO_ENCONTRADO,-,,NAO_ENCONTRADO,-,,NAO_ESTA_EM_NENHUM
1977db28-e77e-4762-94a5-58f1bd31fe74,João Guilherme Regazzini Neto,28105777819,17997511141,cheffregazzini@hotmail.com,PHARUS,Rodrigo Lunardi,NAO_ENCONTRADO,-,,NAO_ENCONTRADO,-,,NAO_ESTA_EM_NENHUM
9f685993-cbb7-4795-96d5-80ee0c5de993,João Jogaib,,5527999313333,jjjogaib@hotmail.com,DAVOS,Daniel Fentanes,NAO_ENCONTRADO,-,,NAO_ENCONTRADO,-,,NAO_ESTA_EM_NENHUM
af880dda-b3f3-4685-8350-c583071197df,João Luis Oliveira Gusmão de Andrade,,5533988535111,joaoluisandrade@bol.com.br,PHARUS,Junior Teixeira,NAO_ENCONTRADO,-,,NAO_ENCONTRADO,-,,NAO_ESTA_EM_NENHUM
0cb83bbf-7d5a-49c5-b016-3ceaa14b882e,João Luis Picolotto,80096867191,5562996966184,joaoluis@picolotto.com.br,PHARUS,Gabriel Oliveira,NAO_ENCONTRADO,-,,NAO_ENCONTRADO,-,,NAO_ESTA_EM_NENHUM
ed724c94-247c-4460-bd59-b43c0c874256,João Marcos Brito Verçosa,,5511943948584,vercosa.adv@hotmail.com,PHARUS,Nícolas Alves,NAO_ENCONTRADO,-,,NAO_ENCONTRADO,-,,NAO_ESTA_EM_NENHUM
908e4631-ba5a-4b49-b03f-c2dc3c5a7456,João Marcos Marinho Cavalcanti,10953321479,5581997289810,ajoaomarcos07@gmail.com,PHARUS,Gabriel Oliveira,NAO_ENCONTRADO,-,,NAO_ENCONTRADO,-,,NAO_ESTA_EM_NENHUM
2c6fa7f2-e767-4fd9-9697-1a4a1fc591fc,João Marcos Moretti Pellissari,,5542988112610,joao@plss.com.br,PHARUS,Rodrigo Lunardi,NAO_ENCONTRADO,-,,NAO_ENCONTRADO,-,,NAO_ESTA_EM_NENHUM
d64af7de-57d3-4908-91b5-b611df698afb,Joao Paulo Baltar Duarte,,5551992309669,jopabd@gmail.com,PHARUS,Tales Salinas Rozo,NAO_ENCONTRADO,-,,NAO_ENCONTRADO,-,,NAO_ESTA_EM_NENHUM
d6c9032d-e98d-4770-8a81-8871f0c8312f,João Paulo Cabral,,5584999249050,joaopaulocabral.orl@gmail.com,PHARUS,,NAO_ENCONTRADO,-,,NAO_ENCONTRADO,-,,NAO_ESTA_EM_NENHUM
1ecdab6a-6f65-4456-bd2c-8668a8b74ec3,Joao Paulo Coradi Martini,,5561981777073,joaopmartini@gmail.com,PHARUS,Junior Teixeira,NAO_ENCONTRADO,-,,NAO_ENCONTRADO,-,,NAO_ESTA_EM_NENHUM
7b3c5a95-4aa2-463b-a496-7d10ee02592e,João Paulo de Andrade,,5565999307900,joaopaulo.andrade@hotmail.com,PHARUS,Cleuber Anicesio,NAO_ENCONTRADO,-,,NAO_ENCONTRADO,-,,NAO_ESTA_EM_NENHUM
a68ad884-8534-420d-84fb-32c5f9f6d450,João Paulo Hsia,35302374854,5511998824515,hsiaudio44@gmail.com,PHARUS,Gabriel Oliveira,NAO_ENCONTRADO,-,,NAO_ENCONTRADO,-,,NAO_ESTA_EM_NENHUM
46f9c705-9eb0-4b03-bcee-05f8daf453ac,João Pedro de Lima Pereira,13456123620,5524974056982,joao.lima_14@hotmail.com,PHARUS,Tales Salinas Rozo,NAO_ENCONTRADO,-,,NAO_ENCONTRADO,-,,NAO_ESTA_EM_NENHUM
9c95e022-3ba5-4f58-9729-dd6ad8bec27e,João Pimenta,,5545991559111,jao_pimenta@hotmail.com,PHARUS,Samuel Araújo,NAO_ENCONTRADO,-,,NAO_ENCONTRADO,-,,NAO_ESTA_EM_NENHUM
8688db11-f358-4fc9-9008-3fffe42cd82b,João Vianney Brito,58692037672,5524999116586,joaovianney@terra.com.br,PHARUS,Tales Salinas Rozo,NAO_ENCONTRADO,-,,NAO_ENCONTRADO,-,,NAO_ESTA_EM_NENHUM
77c7d862-a71a-4d78-9f61-e2da8888bcae,João Victor Lourenço Resende,,5567999334364,joaovictor_lr@hotmail.com,PHARUS,Carlos Serafim,NAO_ENCONTRADO,-,,NAO_ENCONTRADO,-,,NAO_ESTA_EM_NENHUM
a769ee56-4ff7-4e77-8a9f-a2e1b3042565,Joao Wilkson Sena Taleires,62536427315,5583998958606,joaosenamed@gmail.com,PHARUS,Ana Ávalos,NAO_ENCONTRADO,-,,NAO_ENCONTRADO,-,,NAO_ESTA_EM_NENHUM
9a621ead-ffb5-43e4-ab9f-150930ae94c0,Job Nogueira Camargo Filho,53731026104,5511994080171,jobnog@hotmail.com,PHARUS,Cleuber Anicesio,NAO_ENCONTRADO,-,,NAO_ENCONTRADO,-,,NAO_ESTA_EM_NENHUM
1a25e55c-4e1a-45db-8390-08c3353ef2fe,Joel de Souza Sampaio,,5515981780228,,PHARUS,Nícolas Alves,NAO_ENCONTRADO,-,,NAO_ENCONTRADO,-,,NAO_ESTA_EM_NENHUM
40498d6c-5d98-4b2e-a8da-2e95ae8ebcbe,Joel Machado Martins Braga,11608578658,31971574450,joelmachado11@yahoo.com.br,PHARUS,Abner Braga,NAO_ENCONTRADO,-,,NAO_ENCONTRADO,-,,NAO_ESTA_EM_NENHUM
ea2006e3-755d-4a60-8b47-550bd2ca6421,Joh,,,,PHARUS,,NAO_ENCONTRADO,-,,NAO_ENCONTRADO,-,,NAO_ESTA_EM_NENHUM
567b3404-21e6-4221-ae13-1c7435e92570,John Paul Americo,,5511981002370,jpamerico@gmail.com,PHARUS,Gabriel Oliveira,NAO_ENCONTRADO,-,,NAO_ENCONTRADO,-,,NAO_ESTA_EM_NENHUM
756e6955-2a8d-4c01-ad7f-57b95d605f00,Johnny de Geus Junior,,5541999536369,danigeus@hotmail.com,PHARUS,Tales Salinas Rozo,NAO_ENCONTRADO,-,,NAO_ENCONTRADO,-,,NAO_ESTA_EM_NENHUM
a328848b-f624-4251-b79e-50eb313d1ae4,Johnny Gustavo Clemes,15582886869,5569984697769,johnnyclemes@gmail.com,PHARUS,Cleuber Anicesio,NAO_ENCONTRADO,-,,NAO_ENCONTRADO,-,,NAO_ESTA_EM_NENHUM
6e8a7062-d8d3-422d-81e9-ac72311568f5,Jomar Afonso,,5531992380068,,DAVOS,Daniel Fentanes,NAO_ENCONTRADO,-,,NAO_ENCONTRADO,-,,NAO_ESTA_EM_NENHUM
22188a73-17b1-4493-a5cb-61452c7b3bb2,Jomar Britto de Oliveira,,5533988099372,jomarbritto@gmail.com,PHARUS,Rodrigo Lunardi,NAO_ENCONTRADO,-,,NAO_ENCONTRADO,-,,NAO_ESTA_EM_NENHUM
53d0a597-8d8e-40cf-9977-ed2d9e226ae2,Jonatan Duarte,95146970068,5551999989506,jonrd80@yahoo.com.br,PHARUS,Samuel Araújo,NAO_ENCONTRADO,-,,NAO_ENCONTRADO,-,,NAO_ESTA_EM_NENHUM
f6c4863d-a768-41d1-ba31-1b8db51acd06,Jônatas Daia da Costa,32137598809,5516991686678,jonatas@daiaadvogados.com.br,PHARUS,Carlos Serafim,NAO_ENCONTRADO,-,,NAO_ENCONTRADO,-,,NAO_ESTA_EM_NENHUM
d9684b48-54dc-4d53-aa1c-3360a3d8f689,Jônatas Eliatan Batista de Queiroz,,5583982055928,jonatas.queiroz42@gmail.com,PHARUS,,NAO_ENCONTRADO,-,,NAO_ENCONTRADO,-,,NAO_ESTA_EM_NENHUM
aa24e4d0-c346-467d-ac14-f6f693de956a,Jonatas Ferreira de Oliveira,57966125220,5596991424615,jnts76@hotmail.com,PHARUS,Samuel Araújo,NAO_ENCONTRADO,-,,NAO_ENCONTRADO,-,,NAO_ESTA_EM_NENHUM
ef810880-9fb8-4666-a256-91bb118e21f2,Jordan Kaspary,,5551999929324,jordankaspary@hotmail.com,PHARUS,Nícolas Alves,NAO_ENCONTRADO,-,,NAO_ENCONTRADO,-,,NAO_ESTA_EM_NENHUM
bc7a2d81-c69e-4261-ae4c-02c88fc60ab0,Jordana Figueiredo Zamboni,,553191151735,jordanaz8@msn.com,DAVOS,Lucas Barrientos,NAO_ENCONTRADO,-,,NAO_ENCONTRADO,-,,NAO_ESTA_EM_NENHUM
7cc14d51-a999-483f-85c0-8de1e9b4d86c,Jorge Alberto Farahte,,5513997110320,jorgefarahte@gmail.com,PHARUS,Carlos Serafim,NAO_ENCONTRADO,-,,NAO_ENCONTRADO,-,,NAO_ESTA_EM_NENHUM
c0e81ebf-ecd8-4d83-b95b-cac6585577fd,Jorge Augusto Salles,,5566996130844,jorge@laosf.com.br,DAVOS,Eduardo Peroni,NAO_ENCONTRADO,-,,NAO_ENCONTRADO,-,,NAO_ESTA_EM_NENHUM
1231a6a3-d50e-4724-b5b9-adde29426a11,Jorge Eliandro Bezerra,,66 999769306,jorgeebezerra@hotmail.com,PHARUS,Rodrigo Lunardi,NAO_ENCONTRADO,-,,NAO_ENCONTRADO,-,,NAO_ESTA_EM_NENHUM
eeea79c1-1cd8-4f27-b327-f4ff9b18a66c,Jorge Luiz Ivanoff,10702959812,+55 17 98834-0001,uniolhos@uol.com.br,PHARUS,Tiago Junior,NAO_ENCONTRADO,-,,NAO_ENCONTRADO,-,,NAO_ESTA_EM_NENHUM
634474c2-0e2d-4248-b84a-0f457c47e1fb,Jorge Luiz Ramos Silva Filho,81060343568,5579988665050,jlrfilho@yahoo.com.br,PHARUS,Hendrick Dorner,NAO_ENCONTRADO,-,,NAO_ENCONTRADO,-,,NAO_ESTA_EM_NENHUM
b5b2ac46-1826-4819-b5b9-6c85319f0b9c,Jorge Monteiro,,,,PHARUS,,NAO_ENCONTRADO,-,,NAO_ENCONTRADO,-,,NAO_ESTA_EM_NENHUM
66150819-106c-4157-9c50-eb0839231dec,Jorgeane Aparecida Rodrigues da Nóbrega,31682080862,5516988021581,jo@ol2.net.br,PHARUS,Willian Oliveira Schimidt,NAO_ENCONTRADO,-,,NAO_ENCONTRADO,-,,NAO_ESTA_EM_NENHUM
957283d5-6083-43f9-9feb-68f8fd0e5875,Josane Carvalho Silva Teixeira,40653773153,5566981210606,jane-teixeira@uol.com.br,PHARUS,Hendrick Dorner,NAO_ENCONTRADO,-,,NAO_ENCONTRADO,-,,NAO_ESTA_EM_NENHUM
e82b0ea5-8540-4a4d-adc1-375cb37d3b8b,José Affonso Ribeiro Maciel Campos,,,ze_r_m_c@hotmail.com,DAVOS,Lucas Barrientos,NAO_ENCONTRADO,-,,NAO_ENCONTRADO,-,,NAO_ESTA_EM_NENHUM
fb6e0f79-dcc7-4493-8a30-ab4e56b1bf6e,Jose Alejandro Restom Coralles,,5513997768950,josearestom@gmail.com,DAVOS,Eduardo Peroni,NAO_ENCONTRADO,-,,NAO_ENCONTRADO,-,,NAO_ESTA_EM_NENHUM
7ad5d4c1-7d2e-4d3c-8dae-5f664e04c7b1,José Alves de Oliveira Filho,96496177368,5511992438112,zecaflairs@gmail.com,PHARUS,Hendrick Dorner,NAO_ENCONTRADO,-,,NAO_ENCONTRADO,-,,NAO_ESTA_EM_NENHUM
5465a29d-b1cf-4032-90eb-b87b564c12ee,Jose C de Souza Jr,11813848858,5519981211730,jrcorte.souza@gmail.com,PHARUS,Cleuber Anicesio,NAO_ENCONTRADO,-,,NAO_ENCONTRADO,-,,NAO_ESTA_EM_NENHUM
4718d2ae-1cb8-4284-8468-870a10342197,Jose Carlos Teixeira Filho,,,Jose@filhoadm.com,PHARUS,Carlos Serafim,NAO_ENCONTRADO,-,,NAO_ENCONTRADO,-,,NAO_ESTA_EM_NENHUM
c95f01fc-a66c-4965-a8a3-f2d8dd4ccad6,Jose Claudio Falcao Nobre,,5585991923939,claudiofalcao.furj@gmail.com,PHARUS,Gabriel Oliveira,NAO_ENCONTRADO,-,,NAO_ENCONTRADO,-,,NAO_ESTA_EM_NENHUM
ed5cb0ef-9a6d-44f3-904c-3f2917912dc8,José Cláudio Machado,,051+982138953,joseclaudio_machado@hotmail.com,PHARUS,Pedro Goulart,NAO_ENCONTRADO,-,,NAO_ENCONTRADO,-,,NAO_ESTA_EM_NENHUM
f96b4baa-c686-4d78-9912-fa53dec9719f,José Cristiano de Carvalho Campagnolli,,5515991534836,,PHARUS,André Rockenbach,NAO_ENCONTRADO,-,,NAO_ENCONTRADO,-,,NAO_ESTA_EM_NENHUM
f25565c5-d556-413f-a7e6-99913454c32f,Jose David Pinheiro Silverio,,5561981225320,davidpinheiro@msn.com,PHARUS,Tales Salinas Rozo,NAO_ENCONTRADO,-,,NAO_ENCONTRADO,-,,NAO_ESTA_EM_NENHUM
1077c013-18e9-4018-b178-c0b350ab944f,José de Santana Neto,,5584999810105,jose_santana@icloud.com,PHARUS,,NAO_ENCONTRADO,-,,NAO_ENCONTRADO,-,,NAO_ESTA_EM_NENHUM
a212b352-f31b-4084-ad52-97d0b193d7ab,José Elias Nogueira Alves,12018704885,5518997753179,advjoseelias@uol.com.br,PHARUS,João Aliceda,NAO_ENCONTRADO,-,,NAO_ENCONTRADO,-,,NAO_ESTA_EM_NENHUM
10bdbe23-f04b-4d7d-8846-0a3c538fc6b1,Jose Estevam Lopes Neto,,5511943455243,estevam@interlig.com,PHARUS,Abner Braga,NAO_ENCONTRADO,-,,NAO_ENCONTRADO,-,,NAO_ESTA_EM_NENHUM
419eaa93-77df-4518-a3a1-0b8f4160b195,Jose Felipe Brabo Pastana,37389688734,5521982448888,felipe.pastana1@outlook.com,DAVOS,Eduardo Peroni,NAO_ENCONTRADO,-,,NAO_ENCONTRADO,-,,NAO_ESTA_EM_NENHUM
e8f9720b-6df3-4035-9731-a517b31e5e30,José Fernando Martins Lima,72807300006,5551997157007,batlima25@yahoo.com,PHARUS,Samuel Araújo,NAO_ENCONTRADO,-,,NAO_ENCONTRADO,-,,NAO_ESTA_EM_NENHUM
c442fcda-0ec6-4217-b2e5-e81ad25a6997,Jose Gil de Barros Cidrim Junior,78019001468,5585987429554,gilcidrim@gmail.com,PHARUS,João Aliceda,NAO_ENCONTRADO,-,,NAO_ENCONTRADO,-,,NAO_ESTA_EM_NENHUM
0b15e2e9-7b01-4cb9-b45b-02927b81a619,José Gilmar Gomes Junior,00612592170,0,jggjunior@gmail.com,DAVOS,Lucas Barrientos,NAO_ENCONTRADO,-,,NAO_ENCONTRADO,-,,NAO_ESTA_EM_NENHUM
191e8ad6-5b6e-4d7b-be37-d001910697f6,José Guilherme Alexandre Chaves Silva,80229220215,5591993172901,j.guilherme17071983@gmail.com,PHARUS,Gabriel Oliveira,NAO_ENCONTRADO,-,,NAO_ENCONTRADO,-,,NAO_ESTA_EM_NENHUM
8703a234-99e9-4fdf-9a0d-01853cca0d62,José Henrique Felix de Lisboa,,5581973029722,henriquejrfelix@hotmail.com,PHARUS,Tales Salinas Rozo,NAO_ENCONTRADO,-,,NAO_ENCONTRADO,-,,NAO_ESTA_EM_NENHUM
ace67604-9e6e-46cf-9df2-6838c66865f3,José Ieda Neto,,5519992345000,iedaneto@hotmail.com,PHARUS,Gabriel Oliveira,NAO_ENCONTRADO,-,,NAO_ENCONTRADO,-,,NAO_ESTA_EM_NENHUM
78ee6128-fa96-4091-a063-05c8840c72b1,José Julio Fairbanks Barbosa Neto,27282667861,5521995264320,jjfbneto@hotmail.com,PHARUS,Cleuber Anicesio,NAO_ENCONTRADO,-,,NAO_ENCONTRADO,-,,NAO_ESTA_EM_NENHUM
39a3c5c3-7277-43c4-8324-225cbb79336b,José Lopes de Souza,,5513982131765,btglopes67@gmail.com,PHARUS,João Aliceda,NAO_ENCONTRADO,-,,NAO_ENCONTRADO,-,,NAO_ESTA_EM_NENHUM
71ce4133-ec94-4720-aa4a-732eed72e72c,José Luiz Aleixo,,5511997287340,joseluizaleixo@hotmail.com,DAVOS,Lucas Barrientos,NAO_ENCONTRADO,-,,NAO_ENCONTRADO,-,,NAO_ESTA_EM_NENHUM
62702dda-7737-476f-9e19-1037eeeb56b6,José Marcos Oliveira Itacaramby,34589058120,5565981249761,itaeng2@gmail.com,PHARUS,Junior Teixeira,NAO_ENCONTRADO,-,,NAO_ENCONTRADO,-,,NAO_ESTA_EM_NENHUM
ef25b772-5764-4f59-a527-3138261ce377,Jose Mauro Ribeiro Motta,,5521960115244,advmauromotta.2014@gmail.com,PHARUS,Gabriel Oliveira,NAO_ENCONTRADO,-,,NAO_ENCONTRADO,-,,NAO_ESTA_EM_NENHUM
0fc036d8-aaef-4d15-ad7c-8d3433064cac,José Mitsuru Zenin,,5571996929787,josemitsuru@hotmail.com,PHARUS,,NAO_ENCONTRADO,-,,NAO_ENCONTRADO,-,,NAO_ESTA_EM_NENHUM
c0fe23d1-1a3f-4cd1-a972-7f0fd89f1168,Jose Paulo Ladeira,,5511983814074,jp_ladeira@uol.com.br,PHARUS,,NAO_ENCONTRADO,-,,NAO_ENCONTRADO,-,,NAO_ESTA_EM_NENHUM
bde33009-9ea6-431e-99ed-86d7f37c2c36,José Raimundo Nunes da Silva,28430247572,557988371767,rainewblack@gmail.com,PHARUS,Junior Teixeira,NAO_ENCONTRADO,-,,NAO_ENCONTRADO,-,,NAO_ESTA_EM_NENHUM
b57c056d-a5e8-4efa-99e0-8b62e782fe7e,José Renato Barbieri Gallo,22087723850,5592981113377,zegallo31@yahoo.com.br,DAVOS,Eduardo Peroni,NAO_ENCONTRADO,-,,NAO_ENCONTRADO,-,,NAO_ESTA_EM_NENHUM
ade0144d-be5c-4ceb-a5c4-37171a026317,Jose Renato Lima dos Santos,16403288822,5527992587765,zerenatolima@hotmail.com,PHARUS,Rodrigo Lunardi,NAO_ENCONTRADO,-,,NAO_ENCONTRADO,-,,NAO_ESTA_EM_NENHUM
5b2216ef-0201-40ff-943d-aa563937b7b3,José Ricardo Luz Amoretti,92596186091,5571991150464,,DAVOS,Eduardo Peroni,NAO_ENCONTRADO,-,,NAO_ENCONTRADO,-,,NAO_ESTA_EM_NENHUM
6a1531d4-be0f-4d54-b018-e3897625053e,José Roberto Frota Gomes Capote Júnior,,5588999633030,drrobertocapote@gmail.com,PHARUS,,NAO_ENCONTRADO,-,,NAO_ENCONTRADO,-,,NAO_ESTA_EM_NENHUM
a9842c1a-cbfa-409e-9a67-e8fe90331645,Jose Rogerio Rogerio Regis,,5531986751025,joserogerio@gmail.com,PHARUS,Hendrick Dorner,NAO_ENCONTRADO,-,,NAO_ENCONTRADO,-,,NAO_ESTA_EM_NENHUM
cbb60f0d-5f62-4722-8420-9f6a75164fec,José Valter da Silva,35909005472,5582996745577,valtervalmar@gmail.com,DAVOS,Lucas Barrientos,NAO_ENCONTRADO,-,,NAO_ENCONTRADO,-,,NAO_ESTA_EM_NENHUM
439016f7-dd62-4778-b1dd-b18d0207db8a,José Walter de Araújo Neto,61938408349,88988283677,araujojosewalter@gmail.com,PHARUS,Willian Oliveira Schimidt,NAO_ENCONTRADO,-,,NAO_ENCONTRADO,-,,NAO_ESTA_EM_NENHUM
2bb714c9-1c25-4866-a9e3-63909286432f,José Wellington Pereira Viana,,5585987309268,wellington_nic@hotmail.com,PHARUS,Hendrick Dorner,NAO_ENCONTRADO,-,,NAO_ENCONTRADO,-,,NAO_ESTA_EM_NENHUM
0cd2aa49-e1e6-4383-8ee3-13f359826540,Josiane Alves de Assis,,5531991101909,josianeaassis@hotmail.com,PHARUS,Tales Salinas Rozo,NAO_ENCONTRADO,-,,NAO_ENCONTRADO,-,,NAO_ESTA_EM_NENHUM
13e17fda-6dde-4322-963f-11668873d8cf,Josiley Oliveira de Souza,,5591999663894,josileysouza@hotmail.com,PHARUS,Willian Oliveira Schimidt,NAO_ENCONTRADO,-,,NAO_ENCONTRADO,-,,NAO_ESTA_EM_NENHUM
7049e4ca-deb1-4230-bcd4-e1a43d189328,Josimar Bolognini,,5577999780456,josimarbolognini@hotmail.com,PHARUS,João Gonçalves,NAO_ENCONTRADO,-,,NAO_ENCONTRADO,-,,NAO_ESTA_EM_NENHUM
bcb7882c-ed06-4269-974d-e73027c67859,Josira do Carmo Silva,17150589847,5511966234545,josiracarmo@gmail.com,PHARUS,Hendrick Dorner,NAO_ENCONTRADO,-,,NAO_ENCONTRADO,-,,NAO_ESTA_EM_NENHUM
7d683b01-b3a5-463a-aefc-a0b576e44633,Jove Gontijo Neto,00844238627,37999199982,jgc.consultoria@gmail.com,PHARUS,João Gonçalves,NAO_ENCONTRADO,-,,NAO_ENCONTRADO,-,,NAO_ESTA_EM_NENHUM
334c4d6e-f733-4e2f-92d1-c39d65d5f446,Jucilene Lavor Moura,,559492581009,maezonafit@gmail.com,PHARUS,Willian Sobral,NAO_ENCONTRADO,-,,NAO_ENCONTRADO,-,,NAO_ESTA_EM_NENHUM
62e5514b-72dc-41b2-9b8f-c1cd3246cef1,Júlia Berger Guimarães,,5551999666111,j.berger.guima@gmail.com,PHARUS,Abner Braga,NAO_ENCONTRADO,-,,NAO_ENCONTRADO,-,,NAO_ESTA_EM_NENHUM
b9e32d2c-68df-4937-9110-d502f9fa3432,Julia Bergonso,31189449862,5511984101123,jubergonso@yahoo.com.br,PHARUS,Cleuber Anicesio,NAO_ENCONTRADO,-,,NAO_ENCONTRADO,-,,NAO_ESTA_EM_NENHUM
9a7d8d2a-f58b-4866-9ece-d8a960de9ba7,Julia Peres,,5561981536881,,PHARUS,Tales Salinas Rozo,NAO_ENCONTRADO,-,,NAO_ENCONTRADO,-,,NAO_ESTA_EM_NENHUM
eff20e41-54ed-4587-9c55-6144fddf4ca0,Julia Sant Anna Villela,10803369743,5521975078981,julia.santanna.villela@gmail.com,PHARUS,Tales Salinas Rozo,NAO_ENCONTRADO,-,,NAO_ENCONTRADO,-,,NAO_ESTA_EM_NENHUM
7075bf53-03d3-4853-bfee-4fea2fb36265,Julia Teuber Furtado,,5547984620547,julia.teuber@gmail.com,PHARUS,Gabriel Oliveira,NAO_ENCONTRADO,-,,NAO_ENCONTRADO,-,,NAO_ESTA_EM_NENHUM
37995f06-b331-491c-a3ff-76869a3f725d,Juliana Almeida Rezende Campos e Joao Vitor Medrado Nascimento,,5571992572151,jucampos3@hotmail.com,PHARUS,Andrieli Campesato,NAO_ENCONTRADO,-,,NAO_ENCONTRADO,-,,NAO_ESTA_EM_NENHUM
2ba04b75-6554-4dd3-8270-c5ca60010420,Juliana Boechat Rosa,87027925672,5531996451711,julianaboechat@hotmail.com,PHARUS,João Gonçalves,NAO_ENCONTRADO,-,,NAO_ENCONTRADO,-,,NAO_ESTA_EM_NENHUM
1c69abf4-845d-4ffa-860f-4532a4ce9875,Juliana Carrijo Franco,,556184008840,jucarrijo@gmail.com,PHARUS,Carlos Serafim,NAO_ENCONTRADO,-,,NAO_ENCONTRADO,-,,NAO_ESTA_EM_NENHUM
a3f4df17-622e-451d-8d0e-124c9fb3d0ed,Juliana de Toledo Pierri Ribeiro Sampaio,37291649889,5519995995019,julianatprsampaio@gmail.com,DAVOS,Eduardo Peroni,NAO_ENCONTRADO,-,,NAO_ENCONTRADO,-,,NAO_ESTA_EM_NENHUM
167f8765-a8e2-48f2-a6d7-4c6acbdc50ed,Juliana Karina Grellmann,,5555996072458,dra.julianagrellmann@gmail.com,PHARUS,Gabriel Oliveira,NAO_ENCONTRADO,-,,NAO_ENCONTRADO,-,,NAO_ESTA_EM_NENHUM
b0ec89e0-316d-4b93-b8d8-873adb3018a7,Juliana Maria Amaral Pimenta,,5531991892637,julianamap@yahoo.com.br,PHARUS,Gabriel Oliveira,NAO_ENCONTRADO,-,,NAO_ENCONTRADO,-,,NAO_ESTA_EM_NENHUM
3aa141c5-1420-4eb5-b7ff-ad8efbacd878,Juliana Maria Lemes Villamarim,,5511991420832,jumedxli@gmail.com,PHARUS,Abner Braga,NAO_ENCONTRADO,-,,NAO_ENCONTRADO,-,,NAO_ESTA_EM_NENHUM
8c2e2b3a-4119-4e76-859f-48667b3ef3c1,Juliana Pastori,44246746819,5511995694717,ju1pastori94@gmail.com,PHARUS,Carlos Serafim,NAO_ENCONTRADO,-,,NAO_ENCONTRADO,-,,NAO_ESTA_EM_NENHUM
3e2b43c4-14fb-4226-a05b-9c83c608844e,Juliana Queiroz,29643969819,5511981818848,jumfqueiroz@gmail.com,PHARUS,Junior Teixeira,NAO_ENCONTRADO,-,,NAO_ENCONTRADO,-,,NAO_ESTA_EM_NENHUM
dbc1b3e9-7413-4a7c-a186-9fe30e41902b,Juliana Quintanilha Ferreira de Moraes,14225208702,5511976204603,lancamentoslancerdesign@gmail.com,PHARUS,Rodrigo Lunardi,NAO_ENCONTRADO,-,,NAO_ENCONTRADO,-,,NAO_ESTA_EM_NENHUM
54bf02a7-d70d-4ec3-870e-e21b86c4a7b1,Juliana Rosa Messias Araújo,,5511996851238,ju.messias@gmail.com,PHARUS,Willian Sobral,NAO_ENCONTRADO,-,,NAO_ENCONTRADO,-,,NAO_ESTA_EM_NENHUM
3b05c881-6f6f-412c-92ab-028b8d476bbe,Juliana Sauda Rossini Crespi,22443352838,5511985366776,jucrespi@gmail.com,PHARUS,Tales Salinas Rozo,NAO_ENCONTRADO,-,,NAO_ENCONTRADO,-,,NAO_ESTA_EM_NENHUM
8129e509-a8e5-4ffc-909e-11a4c89ebc7f,Juliana Trevisan Zanella,,556699187678,julianatrevisan68@gmail.com,PHARUS,Rodrigo Lunardi,NAO_ENCONTRADO,-,,NAO_ENCONTRADO,-,,NAO_ESTA_EM_NENHUM
28dcef2e-d984-4e06-b851-64c257515d4e,Juliana Villa Mello,22497997845,5511942839422,juliana@curumim.net,PHARUS,Rodrigo Lunardi,NAO_ENCONTRADO,-,,NAO_ENCONTRADO,-,,NAO_ESTA_EM_NENHUM
4c812b8e-7572-4a50-b0dd-2a20fdd3f998,Juliano Feddern,99101220063,5553991331199,julianofeddern@hotmail.com,PHARUS,Hendrick Dorner,NAO_ENCONTRADO,-,,NAO_ENCONTRADO,-,,NAO_ESTA_EM_NENHUM
69d01a3c-92de-4517-ab6f-2f2d71e43d5a,Juliano Pimentel,,5527988031910,,DAVOS,Daniel Fentanes,NAO_ENCONTRADO,-,,NAO_ENCONTRADO,-,,NAO_ESTA_EM_NENHUM
ef99d76f-da68-4d45-9833-34a0e0957d02,Juliano Schemes,95718397791,5521997807302,jschemes@hotmail.com,PHARUS,Junior Teixeira,NAO_ENCONTRADO,-,,NAO_ENCONTRADO,-,,NAO_ESTA_EM_NENHUM
75d047db-ccd1-4bd9-b63a-0b4db59bf833,Juliano Victorino,,+55 67 99283-4808,juliano@pietrofoods.com.br,PHARUS,Tiago Junior,NAO_ENCONTRADO,-,,NAO_ENCONTRADO,-,,NAO_ESTA_EM_NENHUM
5b4bceba-0a0a-4a58-a5be-7f394cb67cd4,Juliano Vilela de Souza,,5535997497721,juliano.vsouza@hotmail.com,PHARUS,Tales Salinas Rozo,NAO_ENCONTRADO,-,,NAO_ENCONTRADO,-,,NAO_ESTA_EM_NENHUM
2de9aa5a-74ee-4d9b-b1a0-b7f835575290,Julio Bergmann,,5551984290104,juliobergmann@yahoo.com,PHARUS,Willian Oliveira Schimidt,NAO_ENCONTRADO,-,,NAO_ENCONTRADO,-,,NAO_ESTA_EM_NENHUM
bd31ce27-cf84-4e6a-a278-e131ce4bab66,Júlio César Arantes Maciel,,5531992066630,julioarantes@yahoo.com.br,DAVOS,Eduardo Peroni,NAO_ENCONTRADO,-,,NAO_ENCONTRADO,-,,NAO_ESTA_EM_NENHUM
2eadb1e7-752b-4f20-9bf7-e37244514345,Júlio César de Souza,46647333991,5544998049812,jcsouza888@hotmail.com,PHARUS,Hendrick Dorner,NAO_ENCONTRADO,-,,NAO_ENCONTRADO,-,,NAO_ESTA_EM_NENHUM
b2877d6c-c4b4-4a3c-a7dc-615d20b56029,Júlio César Lousan,,5561992839457,juliocesarlousan@gmail.com,PHARUS,Nícolas Alves,NAO_ENCONTRADO,-,,NAO_ENCONTRADO,-,,NAO_ESTA_EM_NENHUM
accfeb02-49f3-41ea-a2ae-74b4546cbd65,Julio Cezar Hiurko Felippe,,5541997341619,cezar.felippe@hotmail.com,PHARUS,Willian Oliveira Schimidt,NAO_ENCONTRADO,-,,NAO_ENCONTRADO,-,,NAO_ESTA_EM_NENHUM
c8f952af-2618-47d7-8c0d-4c4f5081ba11,Júlio Gil Simões Freire,,558199717445,julio.gil.freire@elcoma.com.br,PHARUS,Carlos Serafim,NAO_ENCONTRADO,-,,NAO_ENCONTRADO,-,,NAO_ESTA_EM_NENHUM
b45c1c1c-27ca-4951-83d2-f4f93e356fa8,Jullyanna Sabrysna Morais Shinosaki*,91067278672,5534991161478,jsmshinosaki@gmail.com,PHARUS,Cleuber Anicesio,NAO_ENCONTRADO,-,,NAO_ENCONTRADO,-,,NAO_ESTA_EM_NENHUM
b690090d-0f65-49db-af24-e64c2463b415,Junia Maria de Oliveira Lapertosa,,5531999571364,junialapertosa@gmail.com,PHARUS,,NAO_ENCONTRADO,-,,NAO_ENCONTRADO,-,,NAO_ESTA_EM_NENHUM
d702be52-69e8-46df-9a56-635e21a6af43,Júpiter Newler Lopes,,5598981117175,ijneewler@gmail.com,DAVOS,Lucas Barrientos,NAO_ENCONTRADO,-,,NAO_ENCONTRADO,-,,NAO_ESTA_EM_NENHUM
cb73bf30-d600-4946-a2b0-9627a0c4904e,Kaio Seglia Nicolau,10543632776,+55 27 99848-5588,kaionicolau@gmail.com,DAVOS,Lucas Barrientos,NAO_ENCONTRADO,-,,NAO_ENCONTRADO,-,,NAO_ESTA_EM_NENHUM
59d88454-5e4e-41e9-9acb-6aa7b141f683,Kairo Ícaro Alves dos Santos,81687451249,95991485868,Kairo_icaro@hotmail.com,PHARUS,João Aliceda,NAO_ENCONTRADO,-,,NAO_ENCONTRADO,-,,NAO_ESTA_EM_NENHUM
28c1ffec-8703-409e-8375-ecaf92927eae,Karin Santos,29448661843,5524992868118,karindesireedossantos@gmail.com,PHARUS,Gabriel Oliveira,NAO_ENCONTRADO,-,,NAO_ENCONTRADO,-,,NAO_ESTA_EM_NENHUM
104ff582-fbed-4a48-a910-e485bd1b81c0,Karina de Souza Weinmann,56270887100,5511984735457,karinasw@hotmail.com,PHARUS,Rodrigo Amorim,NAO_ENCONTRADO,-,,NAO_ENCONTRADO,-,,NAO_ESTA_EM_NENHUM
ce2dcc50-f474-445d-a38e-0cad20cd1918,Kariza Aiko Frantz,,5534991661529,karizaaf@gmail.com,PHARUS,Samuel Araújo,NAO_ENCONTRADO,-,,NAO_ENCONTRADO,-,,NAO_ESTA_EM_NENHUM
ee0ea4d2-edec-4a25-8a0d-8a2b8c99c76e,Karla Regina Boabaid,,+55 48 99995-1000,flavioboabaid@gmail.com,PHARUS,Willian Sobral,NAO_ENCONTRADO,-,,NAO_ENCONTRADO,-,,NAO_ESTA_EM_NENHUM
9f4a760a-917a-4535-9eed-3e46e65950fc,Karyna Bustelo Saab,,5541992061234,karynasaab@hotmail.com,DAVOS,Lucas Barrientos,NAO_ENCONTRADO,-,,NAO_ENCONTRADO,-,,NAO_ESTA_EM_NENHUM
911ead8f-190f-4a11-bbd8-b34763e6759f,Kathia Margarida Costa Teixeira,15908828220,5511999671745,kathiacostateixeira@icloud.com,PHARUS,Samuel Araújo,NAO_ENCONTRADO,-,,NAO_ENCONTRADO,-,,NAO_ESTA_EM_NENHUM
b3ac31a6-9e6b-4c30-a44c-3afb0f810685,Katia Yukari Tabata,30923746811,5511992269428,katiayt@gmail.com,PHARUS,João Gonçalves,NAO_ENCONTRADO,-,,NAO_ENCONTRADO,-,,NAO_ESTA_EM_NENHUM
2ba4ec7b-ba88-4dab-8b32-19af9e194d99,Kattson Sales,,,,PHARUS,Tales Salinas Rozo,NAO_ENCONTRADO,-,,NAO_ENCONTRADO,-,,NAO_ESTA_EM_NENHUM
a9483704-8b4e-4ee1-9d93-4e5c7509c566,Kawanne Samia Silva Barros,95396942134,5561993048009,kawanne@gmail.com,PHARUS,Gabriel Oliveira,NAO_ENCONTRADO,-,,NAO_ENCONTRADO,-,,NAO_ESTA_EM_NENHUM
9e6ddd3a-76c4-425c-92ec-8a209fd1972b,Keila Marcia Motta Ferreira Pinheiro,05595749750,5527992367128,keila.motta@hotmail.com,DAVOS,Eduardo Peroni,NAO_ENCONTRADO,-,,NAO_ENCONTRADO,-,,NAO_ESTA_EM_NENHUM
9c078a1a-a532-4c6b-a7a9-35218c85604d,Keila Queiroz,11001435729,5527997673239,,DAVOS,Lucas Barrientos,NAO_ENCONTRADO,-,,NAO_ENCONTRADO,-,,NAO_ESTA_EM_NENHUM
c812ad4a-24b7-45d4-ba3f-df5cbe99417f,Kelen Abreu,,5512981345953,keleng.abreu@gmail.com,PHARUS,Ana Ávalos,NAO_ENCONTRADO,-,,NAO_ENCONTRADO,-,,NAO_ESTA_EM_NENHUM
92243df2-2ad2-4cb4-bdcd-76133e18db72,Kelly Cristina Presotto,62735187934,5546999751991,kellycrispre@hotmail.com,PHARUS,Cleuber Anicesio,NAO_ENCONTRADO,-,,NAO_ENCONTRADO,-,,NAO_ESTA_EM_NENHUM
170561a7-56bd-4478-9018-a811e4d8fbe1,Kelly Patrícia Leite dos Santos,,5581992826873,kellypatricia.santos@gmail.com,PHARUS,Gabriel Oliveira,NAO_ENCONTRADO,-,,NAO_ENCONTRADO,-,,NAO_ESTA_EM_NENHUM
174ed23c-1928-4d43-a2da-19a13eca1381,Kenji Yagura,34526984833,+5511963073289,kyagura@gmail.com,PHARUS,,NAO_ENCONTRADO,-,,NAO_ENCONTRADO,-,,NAO_ESTA_EM_NENHUM
7a69c52f-d0e8-4fe5-b66e-225d83f2e81c,Keoma Azevedo Sabiao,,5549991118997,keomasabiao@hotmail.com,PHARUS,Hendrick Dorner,NAO_ENCONTRADO,-,,NAO_ENCONTRADO,-,,NAO_ESTA_EM_NENHUM
e75ef0f0-ce12-4de0-a158-c1f6066549a6,Kesia Nunes,,5561983273504,,DAVOS,Daniel Fentanes,NAO_ENCONTRADO,-,,NAO_ENCONTRADO,-,,NAO_ESTA_EM_NENHUM
3aecbe50-3268-441b-b473-c006854b2299,Kleber Decol,30102597863,5511984268075,kleber.decol@gmail.com,PHARUS,Tiago Junior,NAO_ENCONTRADO,-,,NAO_ENCONTRADO,-,,NAO_ESTA_EM_NENHUM
4e099030-2407-4f34-9144-71cb459c010b,Klein Suares de Sousa,,5569984033667,kleinsuares@hotmail.com,PHARUS,Junior Teixeira,NAO_ENCONTRADO,-,,NAO_ENCONTRADO,-,,NAO_ESTA_EM_NENHUM
000e7037-d04e-436f-a8ba-baa31fe7a808,Kleison Resende Santana,,5591991154060,kleison.santana@hotmail.com,PHARUS,Abner Braga,NAO_ENCONTRADO,-,,NAO_ENCONTRADO,-,,NAO_ESTA_EM_NENHUM
c60ed13b-759a-4124-9a09-fb435bf078c3,Krystiany Mendonça de Souza,,,Krys_mendonca@hotmail.com,PHARUS,Carlos Serafim,NAO_ENCONTRADO,-,,NAO_ENCONTRADO,-,,NAO_ESTA_EM_NENHUM
165e0ab6-e02d-485d-bca6-ff6f0693a7d8,Laelço Cavalcanti Júnior,,5565981168859,laelcojunior@cavanelli.com,PHARUS,Gabriel Oliveira,NAO_ENCONTRADO,-,,NAO_ENCONTRADO,-,,NAO_ESTA_EM_NENHUM
ee971dd9-4162-44ff-ad33-c670f40554c7,Laise Locks Stahlhofer,,5548999712335,laisels@gmail.com,PHARUS,Samuel Araújo,NAO_ENCONTRADO,-,,NAO_ENCONTRADO,-,,NAO_ESTA_EM_NENHUM
0ea69992-2e28-4c7b-b95b-876daad18d30,Lara Cristina Leite Rubio,77885783120,5567992014407,laracristinaleiterubio@gmail.com,PHARUS,Tales Salinas Rozo,NAO_ENCONTRADO,-,,NAO_ENCONTRADO,-,,NAO_ESTA_EM_NENHUM
87efeb53-8ca4-4171-a250-e74af2f1069a,Larissa de Aguiar Mesquita Xavier,,+55 38 99261-2999,empreendimentoshlx@gmail.com,PHARUS,Tiago Junior,NAO_ENCONTRADO,-,,NAO_ENCONTRADO,-,,NAO_ESTA_EM_NENHUM
3e08d40b-1a7d-41d9-a7a9-e703135eb0c5,Larissa Detoni Lomba Alves,,5522992283992,laradetoni@gmail.com,PHARUS,Tales Salinas Rozo,NAO_ENCONTRADO,-,,NAO_ENCONTRADO,-,,NAO_ESTA_EM_NENHUM
77b9d0d6-dd4c-4256-8f4b-2330fe9ba350,Larissa Garcia Amaral,82854254287,5547988359223,lara_amaralro@hotmail.com,PHARUS,Cleuber Anicesio,NAO_ENCONTRADO,-,,NAO_ENCONTRADO,-,,NAO_ESTA_EM_NENHUM
afda4a98-9a2c-490c-b0b7-fae19461920c,Laurence Alves Pimentel,93315082715,5521964453146,tecalau@gmail.com,PHARUS,Tiago Junior,NAO_ENCONTRADO,-,,NAO_ENCONTRADO,-,,NAO_ESTA_EM_NENHUM
cbb4f307-7190-4038-a87d-e0dff701514c,Laurici Santos Amaral Ricartes,86885570125,5581992545264,lau_amaral@yahoo.com.br,PHARUS,Willian Oliveira Schimidt,NAO_ENCONTRADO,-,,NAO_ENCONTRADO,-,,NAO_ESTA_EM_NENHUM
85d4925b-f797-4a1f-8562-08ce8fa18861,Leandro Almeida Assunção,,5567984042284,l.assuncao@yahoo.com.br,PHARUS,Gabriel Oliveira,NAO_ENCONTRADO,-,,NAO_ENCONTRADO,-,,NAO_ESTA_EM_NENHUM
12b5e120-f7f9-46ba-9d52-d5b13bec9280,Leandro Bressianini Jurkonis,,5544997290066,le_jurkonis@hotmail.com,PHARUS,Abner Braga,NAO_ENCONTRADO,-,,NAO_ENCONTRADO,-,,NAO_ESTA_EM_NENHUM
e6573215-1c61-4aa3-a448-add2dd5b0b94,Leandro Campos Silva,,31 992097297,leandro.lcs@gmail.com,PHARUS,Rodrigo Lunardi,NAO_ENCONTRADO,-,,NAO_ENCONTRADO,-,,NAO_ESTA_EM_NENHUM
51c3becb-59b3-411a-9ee1-23a8b55896c8,Leandro da Costa Lane Valiengo,29749296800,5511998354716,drvaliengo@gmail.com,PHARUS,Rodrigo Lunardi,NAO_ENCONTRADO,-,,NAO_ENCONTRADO,-,,NAO_ESTA_EM_NENHUM
56da492e-3f04-4617-bf3e-ed4a53dcd972,Leandro de Almeida Botelho,,5522999896577,leandrobotelho@gmail.com,PHARUS,Gabriel Oliveira,NAO_ENCONTRADO,-,,NAO_ENCONTRADO,-,,NAO_ESTA_EM_NENHUM
efbdcda8-6324-4ec8-a75f-5e590cefeb77,Leandro Holmo Vilela Ribeiro,30348424817,5514998991114,lhv.ribeiro@hotmail.com,PHARUS,Junior Teixeira,NAO_ENCONTRADO,-,,NAO_ENCONTRADO,-,,NAO_ESTA_EM_NENHUM
6fe5d8e5-5291-41e3-a2dc-3ce4d124be1a,Leandro Kuhn,,5541991012121,leandro.kuhn@gmail.com,PHARUS,Junior Teixeira,NAO_ENCONTRADO,-,,NAO_ENCONTRADO,-,,NAO_ESTA_EM_NENHUM
2be4ac2e-fb0f-4252-ac5b-7d70e813c66a,Leandro Luis Rosario Pereira da Silva,33543665839,5511963041991,leandrolpsilva@hotmail.com,PHARUS,Junior Teixeira,NAO_ENCONTRADO,-,,NAO_ENCONTRADO,-,,NAO_ESTA_EM_NENHUM
b9ae6b8f-3c39-4d85-bbe5-be25a6a7fa63,Leandro Nunes Azevedo,,5527981322820,drleonunes@gmail.com,PHARUS,Tales Salinas Rozo,NAO_ENCONTRADO,-,,NAO_ENCONTRADO,-,,NAO_ESTA_EM_NENHUM
b94fa8ef-87f3-4524-a225-6d4837ff8a01,Leandro Pellizaro,,5545998045408,pellizzaro47@hotmail.com,PHARUS,Cleuber Anicesio,NAO_ENCONTRADO,-,,NAO_ENCONTRADO,-,,NAO_ESTA_EM_NENHUM
cd49b6b8-144c-4602-ba0f-a5326ca26601,Leandro Sergio Muniz da Silva,,5511982918038,leandrosergiotv@hotmail.com,PHARUS,Junior Teixeira,NAO_ENCONTRADO,-,,NAO_ENCONTRADO,-,,NAO_ESTA_EM_NENHUM
98c94891-9219-4b47-8802-fa4b0f6139f1,Leandro Spett,28299120802,+5511996867731,indexup100@gmail.com,PHARUS,,NAO_ENCONTRADO,-,,NAO_ENCONTRADO,-,,NAO_ESTA_EM_NENHUM
b6332b2e-743b-46c1-9d42-aba645e01f56,Leidys Perez Abreu,,5531975916576,leidysperezabreu2014@gmail.com,PHARUS,Junior Teixeira,NAO_ENCONTRADO,-,,NAO_ENCONTRADO,-,,NAO_ESTA_EM_NENHUM
68ec55d5-19b9-4282-b3b8-47b43ac7f177,Lenon Mazetto,22317806825,5511998496010,lenonmazetto@icloud.com,PHARUS,Willian Oliveira Schimidt,NAO_ENCONTRADO,-,,NAO_ENCONTRADO,-,,NAO_ESTA_EM_NENHUM
d51df5ea-f825-4935-bb43-5893fbab211b,Leonardo Akira,83020284104,5516993530416,,DAVOS,Lucas Barrientos,NAO_ENCONTRADO,-,,NAO_ENCONTRADO,-,,NAO_ESTA_EM_NENHUM
b84c5ab0-9e5b-4a7a-af2e-8f090202c40c,Leonardo Arguello,81298730015,5551984519578,ala.234@hotmail.com,PHARUS,Gabriel Oliveira,NAO_ENCONTRADO,-,,NAO_ENCONTRADO,-,,NAO_ESTA_EM_NENHUM
4e553b36-ffc5-4884-941f-431038df4665,Leonardo Augusto Lima Farias,,5561995723773,dr.leofarias@gmail.com,PHARUS,Willian Sobral,NAO_ENCONTRADO,-,,NAO_ENCONTRADO,-,,NAO_ESTA_EM_NENHUM
7eea01f1-4a20-4739-90b9-4e6e30916167,Leonardo Augusto Toledo,,553791861878,drleonardotoledo@gmail.com,PHARUS,Rodrigo Lunardi,NAO_ENCONTRADO,-,,NAO_ENCONTRADO,-,,NAO_ESTA_EM_NENHUM
906c6b34-1c51-403b-bc85-dfb7c1937255,Leonardo Bergara Devechio,39297193803,5511997607765,drleonardobergara@gmail.com,PHARUS,Tales Salinas Rozo,NAO_ENCONTRADO,-,,NAO_ENCONTRADO,-,,NAO_ESTA_EM_NENHUM
091073d6-d1e2-46ab-82e4-6c698ade9644,Leonardo Cumin Carignano,,41984390538,elianeglinski@hotmail.com,PHARUS,Rodrigo Lunardi,NAO_ENCONTRADO,-,,NAO_ENCONTRADO,-,,NAO_ESTA_EM_NENHUM
86dcaafe-5abe-4e17-b081-ed3996a9d3e7,Leonardo de Araújo Martins,,5521998999665,llmartinsll@gmail.com,PHARUS,Cleuber Anicesio,NAO_ENCONTRADO,-,,NAO_ENCONTRADO,-,,NAO_ESTA_EM_NENHUM
98215e9c-87e6-4806-85d8-d6a91bcb6ea0,Leonardo de Araújo Nonato,22902116802,5534998151903,eng.nonato@gmail.com,PHARUS,João Aliceda,NAO_ENCONTRADO,-,,NAO_ENCONTRADO,-,,NAO_ESTA_EM_NENHUM
3007a4b4-e6fe-4b3e-a673-1dff56ec2edc,Leonardo Dore Figueiredo,,5535997230074,leonardodore@gmail.com,PHARUS,Daniel Fentanes,NAO_ENCONTRADO,-,,NAO_ENCONTRADO,-,,NAO_ESTA_EM_NENHUM
cc64a20e-8a51-4550-aa4f-9071ed49564c,Leonardo Eichwald Neto,,5527992265422,eichwald.neto@gmail.com,PHARUS,Junior Teixeira,NAO_ENCONTRADO,-,,NAO_ENCONTRADO,-,,NAO_ESTA_EM_NENHUM
606d245f-e8ef-45dd-b95a-0d891da1b968,Leonardo Golin,,5551981222828,leonardo.jesus.golin@gmail.com,PHARUS,Junior Teixeira,NAO_ENCONTRADO,-,,NAO_ENCONTRADO,-,,NAO_ESTA_EM_NENHUM
20c10d6e-ff28-4c18-9c3d-105a84354e6b,Leonardo Milán,70549716475,+55 81 98881-1991,,PHARUS,Tiago Junior,NAO_ENCONTRADO,-,,NAO_ENCONTRADO,-,,NAO_ESTA_EM_NENHUM
c05b58d6-7749-4744-92cd-b4384381446f,Leonardo Motta Felicio Ferreira,,5547988253144,paladino7@hotmail.com,PHARUS,André Rockenbach,NAO_ENCONTRADO,-,,NAO_ENCONTRADO,-,,NAO_ESTA_EM_NENHUM
95be9d04-e0dc-4162-8bad-95279c734f7d,Leonardo Oliveira Marinho,10811617793,5521999638856,leonardooliveiramarinho@gmail.com,PHARUS,Cleuber Anicesio,NAO_ENCONTRADO,-,,NAO_ENCONTRADO,-,,NAO_ESTA_EM_NENHUM
eadc1f25-6048-43c5-870a-049438f021a9,Leonardo Ortega,30971757844,5512981437755,ortegajuridico@gmail.com,PHARUS,Abner Braga,NAO_ENCONTRADO,-,,NAO_ENCONTRADO,-,,NAO_ESTA_EM_NENHUM
65214538-9831-4103-8814-7f0debfafac8,Leonardo Vanzo Starling Soares,,+55 21 98898-4291,leonardo@peopleinteractive.com.br,PHARUS,Ana Ávalos,NAO_ENCONTRADO,-,,NAO_ENCONTRADO,-,,NAO_ESTA_EM_NENHUM
1de641c4-fbf1-4b85-927a-d507b4da18b5,Leonardo Vieira Costa,75219220268,5565999090841,drleonardovieira@gmail.com,PHARUS,Junior Teixeira,NAO_ENCONTRADO,-,,NAO_ENCONTRADO,-,,NAO_ESTA_EM_NENHUM
0fdfa92f-ea90-4b7e-821f-fb4905e7324e,Leonardo Vilaça Souza Lima,,5528988010489,leovilalima@hotmail.com,PHARUS,Willian Oliveira Schimidt,NAO_ENCONTRADO,-,,NAO_ENCONTRADO,-,,NAO_ESTA_EM_NENHUM
cb949690-eb90-4621-ada4-6ceac137537d,Leopoldo Alves Neto,,5561992489045,leopoldoalves@gmail.com,PHARUS,João Aliceda,NAO_ENCONTRADO,-,,NAO_ENCONTRADO,-,,NAO_ESTA_EM_NENHUM
0a8dd81e-ed55-48c5-8b1a-20c7af37e988,Leopoldo César de Miranda Lima Bisneto,,5561995041010,leopoldocesar.ml@gmail.com,PHARUS,João Aliceda,NAO_ENCONTRADO,-,,NAO_ENCONTRADO,-,,NAO_ESTA_EM_NENHUM
23a503a1-99c3-4a19-b226-d82c9ecb3db3,Leticia de Chiara Moço,,,ledermato@gmail.com,PHARUS,Carlos Serafim,NAO_ENCONTRADO,-,,NAO_ENCONTRADO,-,,NAO_ESTA_EM_NENHUM
20f33d2e-7dba-4d93-8ffd-dad2f27de180,Leticia Tamyrys de Sousa Santana,,5511960796171,leticiatamyrys@gmail.com,PHARUS,,NAO_ENCONTRADO,-,,NAO_ENCONTRADO,-,,NAO_ESTA_EM_NENHUM
3cbe8dad-f595-4129-ada9-b3e94dc2b347,Leticia Y Tacaoca,15184302875,5511981607579,lytacaoca@yahoo.com.br,PHARUS,Tiago Junior,NAO_ENCONTRADO,-,,NAO_ENCONTRADO,-,,NAO_ESTA_EM_NENHUM
5d8185a5-96c7-4cea-8925-3cbc5cb1a470,Lianne Margalho Negrão Carvalho,67455620225,5591982120091,dra.liannecarvalho@gmail.com,PHARUS,Gabriel Oliveira,NAO_ENCONTRADO,-,,NAO_ENCONTRADO,-,,NAO_ESTA_EM_NENHUM
1bca0612-25f1-478e-b884-81008ee1bdcf,Lidice Basalo,,5551993609191,,DAVOS,Lucas Barrientos,NAO_ENCONTRADO,-,,NAO_ENCONTRADO,-,,NAO_ESTA_EM_NENHUM
f7220aee-5671-4a41-a3a7-139b2a2d5689,Lidyanna Gonçalves,83553126353,5587988316805,lidyannagoncalves@gmail.com,PHARUS,Cleuber Anicesio,NAO_ENCONTRADO,-,,NAO_ENCONTRADO,-,,NAO_ESTA_EM_NENHUM
cfa57dc8-0fb9-4486-af37-6973edd2538f,Ligia de Paula Louvem,,5528999043367,ligialouvem@gmail.com,PHARUS,Tales Salinas Rozo,NAO_ENCONTRADO,-,,NAO_ENCONTRADO,-,,NAO_ESTA_EM_NENHUM
a4ce3afb-1f84-4db7-b5e8-75b0d2b647f9,Lilian Akyama,16873438880,5511995943737,liliakyama@gmail.com,PHARUS,João Gonçalves,NAO_ENCONTRADO,-,,NAO_ENCONTRADO,-,,NAO_ESTA_EM_NENHUM
4d3adae1-68c9-4b6e-b777-b2db482a2c9f,Lino Milana Candu,,5524988181800,lino@tecnoweld.com.br,PHARUS,Willian Sobral,NAO_ENCONTRADO,-,,NAO_ENCONTRADO,-,,NAO_ESTA_EM_NENHUM
9193e923-6477-4610-97d1-98930d3299a1,Lionel Henrique de Mattos Ceschin,,5541991014556,lionel_ceschin@hotmail.com,PHARUS,Rodrigo Lunardi,NAO_ENCONTRADO,-,,NAO_ENCONTRADO,-,,NAO_ESTA_EM_NENHUM
c41693be-b0f9-41cb-9ef3-342467b568f4,Lislene Mara Camargo Carrasco,15787655877,5516981009401,camargoodontologia@outlook.com,PHARUS,Tiago Junior,NAO_ENCONTRADO,-,,NAO_ENCONTRADO,-,,NAO_ESTA_EM_NENHUM
01d8242a-dc6a-4344-9d15-6460ae03fc95,Lívio Bráulio Silva e Camargo,80269672168,+55 62 9229-9266,liviobraulio@hotmail.com,PHARUS,Tiago Junior,NAO_ENCONTRADO,-,,NAO_ENCONTRADO,-,,NAO_ESTA_EM_NENHUM
95048bb0-6164-41c8-98c2-11ab80c82224,Loildo Gomes da Costa,,5569993068058,junior_982@hotmail.com,PHARUS,Carlos Serafim,NAO_ENCONTRADO,-,,NAO_ENCONTRADO,-,,NAO_ESTA_EM_NENHUM
89215cf0-cbd9-4dad-b456-aacb7f654096,Lola Sarue Stauder,,5561995399669,lolasarue@gmail.com,PHARUS,Willian Oliveira Schimidt,NAO_ENCONTRADO,-,,NAO_ENCONTRADO,-,,NAO_ESTA_EM_NENHUM
de1aa7a1-fe9d-4e08-bdee-eb1546f35b96,Lorena Bianchi Ferro Braga,,5532999345769,lorenabfb@yahoo.com.br,PHARUS,Abner Braga,NAO_ENCONTRADO,-,,NAO_ENCONTRADO,-,,NAO_ESTA_EM_NENHUM
83ffcffe-18b3-413a-a0a9-455fb42db176,Lorhaynne de Jesus Zebende,10787077747,5522974024250,lolo_bayer@hotmail.com,PHARUS,Tales Salinas Rozo,NAO_ENCONTRADO,-,,NAO_ENCONTRADO,-,,NAO_ESTA_EM_NENHUM
b6ce7cf0-7657-4861-b94d-3694aa1091cb,Luan dos Santos Castro,76369439215,5519992064476,luanminuzzi@hotmail.com,PHARUS,Samuel Araújo,NAO_ENCONTRADO,-,,NAO_ENCONTRADO,-,,NAO_ESTA_EM_NENHUM
28c1621f-cf05-4d59-820e-dc7a28cda343,Luan Peruzzo*,,5554999573989,luanperuzzo@hotmail.com,PHARUS,Hendrick Dorner,NAO_ENCONTRADO,-,,NAO_ENCONTRADO,-,,NAO_ESTA_EM_NENHUM
6db0258b-667e-4cc9-a90f-50e17abfa98b,Luana Espiridião Palma,,5544988232153,luana-palma@live.com,PHARUS,Willian Oliveira Schimidt,NAO_ENCONTRADO,-,,NAO_ENCONTRADO,-,,NAO_ESTA_EM_NENHUM
cb0c51d4-fb1a-4a5b-8359-088cabdf40a4,Luanna Rodrigues Dantas de Oliveira,,5565984360092,dantas.luanna@gmail.com,PHARUS,João Aliceda,NAO_ENCONTRADO,-,,NAO_ENCONTRADO,-,,NAO_ESTA_EM_NENHUM
bc01bac0-2d34-4e82-b173-c16addcfb3dc,Lucas Albuquerque Bicelli,,5531975625568,lucas.bicelli@gmail.com,PHARUS,Junior Teixeira,NAO_ENCONTRADO,-,,NAO_ENCONTRADO,-,,NAO_ESTA_EM_NENHUM
6108d273-2f45-4241-bb68-291c54a4b8f6,Lucas Almeida Cardoso,,,lucasac.eng@hotmail.com,PHARUS,Carlos Serafim,NAO_ENCONTRADO,-,,NAO_ENCONTRADO,-,,NAO_ESTA_EM_NENHUM
0045dcca-6193-4939-a312-ab8a80f54235,Lucas Catalani Pirani,,5566996102579,lcpirani@gmail.com,PHARUS,João Gonçalves,NAO_ENCONTRADO,-,,NAO_ENCONTRADO,-,,NAO_ESTA_EM_NENHUM
9429589f-87fa-43c1-8cb7-13fa86698689,Lucas Costa Saviani,,+55 44 99977-9699,savianilucas@gmail.com,PHARUS,Tiago Junior,NAO_ENCONTRADO,-,,NAO_ENCONTRADO,-,,NAO_ESTA_EM_NENHUM
758f13f3-8316-4649-b3f3-baabe8dd8499,Lucas da Silva Morastoni,,5547999670177,drlucasmorastoni@gmail.com,PHARUS,Willian Sobral,NAO_ENCONTRADO,-,,NAO_ENCONTRADO,-,,NAO_ESTA_EM_NENHUM
0a6e21e6-d785-487f-b8ee-8dbba21dd326,Lucas de Souza Lopes,99897113134,5511943000805,lucas_slopes@hotmail.com,PHARUS,Willian Sobral,NAO_ENCONTRADO,-,,NAO_ENCONTRADO,-,,NAO_ESTA_EM_NENHUM
f5481ca0-b8c3-4c16-b118-2624df3de743,Lucas Ferreira de Moraes,40509785808,5511997034074,lucas.fmoraes@outlook.com,PHARUS,Cleuber Anicesio,NAO_ENCONTRADO,-,,NAO_ENCONTRADO,-,,NAO_ESTA_EM_NENHUM
06a9d6db-cbf6-4caf-92c8-eae9f856a406,Lucas Henrique Cavalcante Sousa,70334596106,5562994089425,lucashencavalcante@hotmail.com,PHARUS,Willian Oliveira Schimidt,NAO_ENCONTRADO,-,,NAO_ENCONTRADO,-,,NAO_ESTA_EM_NENHUM
95c761a5-5851-44f9-ab0f-e09f33534b3f,Lucas Leonardo Chagas Santos,12173883461,5581999017203,leochagas11@hotmail.com,PHARUS,Gabriel Oliveira,NAO_ENCONTRADO,-,,NAO_ENCONTRADO,-,,NAO_ESTA_EM_NENHUM
5fdfb89e-7e12-42a8-bd0b-505fe5061ff3,Lucas Machado e Suzana Andressa,,5521992247481,lucasm.machado@gmail.com,PHARUS,Tales Salinas Rozo,NAO_ENCONTRADO,-,,NAO_ENCONTRADO,-,,NAO_ESTA_EM_NENHUM
8ca0ce0d-0e8e-4d7a-a91c-7fa43cfcf588,Lucas Moraes Ferreira Montandon,,5561999730602,lucas.montandon15@gmail.com,PHARUS,Junior Teixeira,NAO_ENCONTRADO,-,,NAO_ENCONTRADO,-,,NAO_ESTA_EM_NENHUM
9f81946a-0b05-42d8-bc28-2c07c25ecdae,Lucas Nobre Destro,97417319220,5511917002727,drlucasdestro@gmail.com,PHARUS,Willian Oliveira Schimidt,NAO_ENCONTRADO,-,,NAO_ENCONTRADO,-,,NAO_ESTA_EM_NENHUM
4d9bf190-25b5-421d-ab8e-e9ba03262aa9,Lucas Silva Teixeira,,5585999917734,lucas1334@gmail.com,PHARUS,Willian Sobral,NAO_ENCONTRADO,-,,NAO_ENCONTRADO,-,,NAO_ESTA_EM_NENHUM
7c9fd78b-52c8-4bf0-827d-27247bde95e7,Lucas Vitório Borges Pereira,,5582991232966,vitorio82@hotmail.com,PHARUS,Willian Sobral,NAO_ENCONTRADO,-,,NAO_ENCONTRADO,-,,NAO_ESTA_EM_NENHUM
f564f2f1-3438-44a1-8287-b12dd2f3a6fa,Luciana Brites de Moraes,,5541999515687,lucianabm1410@hotmail.com,PHARUS,Tales Salinas Rozo,NAO_ENCONTRADO,-,,NAO_ENCONTRADO,-,,NAO_ESTA_EM_NENHUM
e5283f57-4fd7-481f-968a-ee1cd0fa81df,Luciana Dias Silva,16232617835,5513997168982,lucianadiass.arq@gmail.com,PHARUS,Hendrick Dorner,NAO_ENCONTRADO,-,,NAO_ENCONTRADO,-,,NAO_ESTA_EM_NENHUM
34376e75-52b6-4c24-9276-ea709244adf7,Luciana Duarte Pestana,95882219000,5551999151213,contato@lucianapestana.com.br,PHARUS,Gabriel Oliveira,NAO_ENCONTRADO,-,,NAO_ENCONTRADO,-,,NAO_ESTA_EM_NENHUM
1c17f9a0-2dfb-4ad3-b67f-1aef209b89d9,Luciana Frantz,84872721934,5551998778537,lufrantz07@gmail.com,PHARUS,Cleuber Anicesio,NAO_ENCONTRADO,-,,NAO_ENCONTRADO,-,,NAO_ESTA_EM_NENHUM
9588e060-d24f-4b01-a102-431c73c128bc,Luciana Passos Brito Tatagiba Garcia,,5521971116056,ltatagiba@yahoo.com.br,PHARUS,Tales Salinas Rozo,NAO_ENCONTRADO,-,,NAO_ENCONTRADO,-,,NAO_ESTA_EM_NENHUM
8d8d3b96-58c9-477a-bb70-c85efdd8583d,Luciana Villas Bôas,17278107830,5511996461603,dralucianavillas@gmail.com,PHARUS,Tales Salinas Rozo,NAO_ENCONTRADO,-,,NAO_ENCONTRADO,-,,NAO_ESTA_EM_NENHUM
230ce0d2-99bc-4843-a529-33ce9aeffad1,Luciana Yara Alves,18642734884,5516991854188,lyalves@yahoo.com,PHARUS,Gabriel Oliveira,NAO_ENCONTRADO,-,,NAO_ENCONTRADO,-,,NAO_ESTA_EM_NENHUM
26f09716-2da9-4906-93c0-5a4bfa51f400,Luciane Farias Medeiros,80515860930,5541999051663,lfmapoioindustrial@yahoo.com.br,PHARUS,João Gonçalves,NAO_ENCONTRADO,-,,NAO_ENCONTRADO,-,,NAO_ESTA_EM_NENHUM
693b9d8a-623d-4cbc-8c5b-9cfdb106a00a,Luciano Almeida Soares,91666155187,5561985656298,luciano@aliveturismo.com,PHARUS,Hendrick Dorner,NAO_ENCONTRADO,-,,NAO_ENCONTRADO,-,,NAO_ESTA_EM_NENHUM
a3a34980-1cc4-4939-a205-9e4a249bbd91,Luciano Biazus,,,lucianobiazus@hotmail.com,PHARUS,Carlos Serafim,NAO_ENCONTRADO,-,,NAO_ENCONTRADO,-,,NAO_ESTA_EM_NENHUM
75619c55-12e5-4336-9f1e-9abd8f08c049,Luciano Borges Sales,68938179249,5531994008006,lucianosales@mspart.com.br,PHARUS,Hendrick Dorner,NAO_ENCONTRADO,-,,NAO_ENCONTRADO,-,,NAO_ESTA_EM_NENHUM
6bde0ca5-3498-4fc6-850d-71ae58f105f4,Luciano Cardoso de Souza,69117098068,+55 51 9400-7618,lucianocardosopoa@gmail.com,PHARUS,Tiago Junior,NAO_ENCONTRADO,-,,NAO_ENCONTRADO,-,,NAO_ESTA_EM_NENHUM
554ecb0c-8861-4ccf-af42-1ecc39f77ea7,Luciano de Carvalho Lemezis,,,lclemezis10@gmail.com,PHARUS,Carlos Serafim,NAO_ENCONTRADO,-,,NAO_ENCONTRADO,-,,NAO_ESTA_EM_NENHUM
3181b19c-d753-4e8d-9f55-a230f220ffb3,Luciano dos Santos Oliveira,95314407000,5551982000080,luciano.alltrade@gmail.com,PHARUS,Cleuber Anicesio,NAO_ENCONTRADO,-,,NAO_ENCONTRADO,-,,NAO_ESTA_EM_NENHUM
e237872d-76e4-4be4-bd4f-94918f0fcf91,Luciano Fonseca Pereira,83188851120,6296003940,luciano_uro@hotmail.com,PHARUS,João Aliceda,NAO_ENCONTRADO,-,,NAO_ENCONTRADO,-,,NAO_ESTA_EM_NENHUM
25389811-ae96-4e7e-bd57-ac1339dcfc88,Luciano Fuad Kairalla,21845452879,5511981226690,lucianokairalla@hotmail.com,PHARUS,Carlos Serafim,NAO_ENCONTRADO,-,,NAO_ENCONTRADO,-,,NAO_ESTA_EM_NENHUM
91587e18-3ff7-4641-a5ed-ebae5261d46e,Luciano Passoni,25869073880,5511981877443,luciano_passoni@hotmail.com,DAVOS,Eduardo Peroni,NAO_ENCONTRADO,-,,NAO_ENCONTRADO,-,,NAO_ESTA_EM_NENHUM
19dcb730-1074-4551-abea-455b57216999,Luciano Souza Lima,,558899763161,lucianoeng17@hotmail.com,PHARUS,Cleuber Anicesio,NAO_ENCONTRADO,-,,NAO_ENCONTRADO,-,,NAO_ESTA_EM_NENHUM
7a3ca601-2d5d-4736-b6d2-9d824bc53518,Luciene Rezende Vasconcelos,88025810615,5521966752824,lucienevasconcelos@hotmail.com,PHARUS,Samuel Araújo,NAO_ENCONTRADO,-,,NAO_ENCONTRADO,-,,NAO_ESTA_EM_NENHUM
5d976aeb-be37-44e3-9479-c290f08d7b0e,Lucimar Afonso,58741828100,5564984355560,lucimarafonso@doctor.com,DAVOS,Lucas Barrientos,NAO_ENCONTRADO,-,,NAO_ENCONTRADO,-,,NAO_ESTA_EM_NENHUM
5fbf55ec-8c73-40a7-b340-0cdfd17c1a49,Lucio Takeshi Kageyama,31179733894,5511970312823,lucio.kageyama@gmail.com,DAVOS,Lucas Barrientos,NAO_ENCONTRADO,-,,NAO_ENCONTRADO,-,,NAO_ESTA_EM_NENHUM
5d6fa523-1162-45fd-890e-fb57957c415c,Lucyllene Campos,,5547996328635,psicologalucyllene@gmail.com,PHARUS,Abner Braga,NAO_ENCONTRADO,-,,NAO_ENCONTRADO,-,,NAO_ESTA_EM_NENHUM
1b91fd3f-18e8-44ba-b5a1-7e1593e0bf1d,Ludmar Edson Peixoto Júnior,83049002549,5511913657824,ludmarjr@hotmail.com,PHARUS,Willian Oliveira Schimidt,NAO_ENCONTRADO,-,,NAO_ENCONTRADO,-,,NAO_ESTA_EM_NENHUM
91022177-62ae-46f8-bcff-bffb6ab728e0,Luis a S Gorges,48845124568,5561999140599,luisgorges@gmail.com,PHARUS,Junior Teixeira,NAO_ENCONTRADO,-,,NAO_ENCONTRADO,-,,NAO_ESTA_EM_NENHUM
f3591f04-4cbf-4db2-8f71-f6e32b36b854,Luis Cesar Bono Constantino,,5543999964868,luis.constantino@hotmail.com,PHARUS,Junior Teixeira,NAO_ENCONTRADO,-,,NAO_ENCONTRADO,-,,NAO_ESTA_EM_NENHUM
306bc61c-20f7-4ae2-b04d-78930d0daa0c,Luís Eduardo de Oliveira Lima,,86999478315,luis.lima00@gmail.com,PHARUS,Rodrigo Lunardi,NAO_ENCONTRADO,-,,NAO_ENCONTRADO,-,,NAO_ESTA_EM_NENHUM
ae8fd819-586d-4f78-b136-12ac6b03b3ce,Luís Eduardo Dias Parada,08363127833,+55 69 98144-4400,leparada@gmail.com,PHARUS,Willian Sobral,ENCONTRADO_EXATO,QV_ID+CPF+EMAIL+TELEFONE,234a7e67-e764-4f21-b10e-8cb2dbe50a31,NAO_ENCONTRADO,-,,ESTA_NO_ANCHOR
b50106ac-d05c-4d8a-af3d-31dcf56d53fe,Luis Felipe Stockler,,5511995070659,luisfelipestockler@gmail.com,PHARUS,Samuel Araújo,NAO_ENCONTRADO,-,,NAO_ENCONTRADO,-,,NAO_ESTA_EM_NENHUM
e833bb91-ab70-4b33-bfe4-a73dbb788ca0,Luis Fernando Dias,,5586994571515,drluisfernandodias@gmail.com,PHARUS,Willian Oliveira Schimidt,NAO_ENCONTRADO,-,,NAO_ENCONTRADO,-,,NAO_ESTA_EM_NENHUM
f4a1a7c5-6683-426d-8bc4-5638f3269762,Luis Fernando Dip,21645273806,5546999115775,luis.dip@me.com,DAVOS,Eduardo Peroni,NAO_ENCONTRADO,-,,NAO_ENCONTRADO,-,,NAO_ESTA_EM_NENHUM
2de3bfd2-7073-4fea-8615-af4887ae883d,Luis Filipi Bouyer Bicudo,12515659721,5521981115773,lfbicudo@gmail.com,PHARUS,Abner Braga,NAO_ENCONTRADO,-,,NAO_ENCONTRADO,-,,NAO_ESTA_EM_NENHUM
12e81eca-1ca1-44df-8e52-7e3783bc06c7,Luis Gonzaga do Amaral Sobrinho,26024757859,5514982299999,amaraldentista@hotmail.com,PHARUS,Samuel Araújo,NAO_ENCONTRADO,-,,NAO_ENCONTRADO,-,,NAO_ESTA_EM_NENHUM
00bdf087-5bb6-4912-8ceb-4451acb645f3,Luis Guilherme Alves de Oliveira,,5533988535111,joaoluisandrade@bol.com.br,PHARUS,Samuel Araújo,NAO_ENCONTRADO,-,,NAO_ENCONTRADO,-,,NAO_ESTA_EM_NENHUM
d936ae37-954e-427d-b10b-1d2c69f92869,Luís Guilherme Pereira Lima,25551812880,5511983018264,lglima@gmail.com,PHARUS,Junior Teixeira,NAO_ENCONTRADO,-,,NAO_ENCONTRADO,-,,NAO_ESTA_EM_NENHUM
972975dc-b0e0-4168-8fc1-f36dd4c971e9,Luis Kobayashi,,,,PHARUS,Tales Salinas Rozo,NAO_ENCONTRADO,-,,NAO_ENCONTRADO,-,,NAO_ESTA_EM_NENHUM
8dc45069-715e-4ff6-aa30-f16b5e703ab1,Luisa Amanda Sousa Mota,,5586994660915,luisaamandasm@gmail.com,PHARUS,André Rockenbach,NAO_ENCONTRADO,-,,NAO_ENCONTRADO,-,,NAO_ESTA_EM_NENHUM
d0f688e8-b9da-4bc4-b86b-dde042b5ae66,Luíse Bispo da Costa Dalé,,5553999640476,luise@dalleconstrutora.com.br,PHARUS,João Aliceda,NAO_ENCONTRADO,-,,NAO_ENCONTRADO,-,,NAO_ESTA_EM_NENHUM
90442c02-6624-4c42-8227-910ac81eb1c8,Luiz Affonso Pensin,,5549998346604,luizpensin@yahoo.com.br,PHARUS,Cleuber Anicesio,NAO_ENCONTRADO,-,,NAO_ENCONTRADO,-,,NAO_ESTA_EM_NENHUM
e496d688-582e-459d-92be-0d3856e9503f,Luiz Alberto Calvo Nogueira,,5515997131984,ortoluiz.nogueira@gmail.com,PHARUS,,NAO_ENCONTRADO,-,,NAO_ENCONTRADO,-,,NAO_ESTA_EM_NENHUM
a8311e85-47de-4f29-a0e4-fbf185d6071f,Luiz Antônio Bastos de Siqueira,48460249700,5521991496066,lab.siqueira12@gmail.com,PHARUS,Cleuber Anicesio,NAO_ENCONTRADO,-,,NAO_ENCONTRADO,-,,NAO_ESTA_EM_NENHUM
80257df3-625c-4a29-b57f-4b8f08a7710c,Luiz Carlos Gea Nicodemo,44138312846,5511975487989,luizgeanicodemo@gmail.com,PHARUS,Abner Braga,NAO_ENCONTRADO,-,,NAO_ENCONTRADO,-,,NAO_ESTA_EM_NENHUM
6bb373a5-afd0-4949-8d51-dad7c1feb7e4,Luiz Carlos Reisdorfer Klein*,,5555984578189,luizcrk@gmail.com,PHARUS,Thiago Freire,NAO_ENCONTRADO,-,,NAO_ENCONTRADO,-,,NAO_ESTA_EM_NENHUM
6f59fb7e-340b-49be-bdb6-00134f0a4136,Luiz Claudio de Amorim,,5565999837230,luizcamorim@hotmail.com,PHARUS,Gabriel Oliveira,NAO_ENCONTRADO,-,,NAO_ENCONTRADO,-,,NAO_ESTA_EM_NENHUM
ca5577fd-39d9-4c2f-8112-f88a18ad5077,Luiz Cláudio Portilho,93979991253,5511959275678,dr.luizportilho@gmail.com,DAVOS,Eduardo Peroni,NAO_ENCONTRADO,-,,NAO_ENCONTRADO,-,,NAO_ESTA_EM_NENHUM
c850bb8b-5d65-48a4-ad25-cd0f519cc527,Luiz Cláudio Silva Souza,,5585999942838,luizclaudiosouza@uol.com.br,PHARUS,,NAO_ENCONTRADO,-,,NAO_ENCONTRADO,-,,NAO_ESTA_EM_NENHUM
284891c9-d686-4ee6-bc1b-730d3ebcd50e,Luiz Eduardo de Carvalho Mamede,,5534999189054,luizedumg@gmail.com,PHARUS,Abner Braga,NAO_ENCONTRADO,-,,NAO_ENCONTRADO,-,,NAO_ESTA_EM_NENHUM
60d305c5-b858-4191-8104-aeda852bc0e5,Luiz Felipe Teixeira de Oliveira,12391640765,5521965210499,felipeoliveira_23@hotmail.com,PHARUS,Tales Salinas Rozo,NAO_ENCONTRADO,-,,NAO_ENCONTRADO,-,,NAO_ESTA_EM_NENHUM
75c541ad-50b5-4c95-9669-6700a87feb4c,Luiz Fernando Canizares,,5511972828827,fcanizares@uol.com.br,DAVOS,Eduardo Peroni,NAO_ENCONTRADO,-,,NAO_ENCONTRADO,-,,NAO_ESTA_EM_NENHUM
4f90430e-59da-40a8-bcab-9035ebd87605,Luiz Fernando de Almeida Rossi,,5519988301134,lfarossi@hotmail.com,DAVOS,Eduardo Peroni,NAO_ENCONTRADO,-,,NAO_ENCONTRADO,-,,NAO_ESTA_EM_NENHUM
a1dbf627-d0d5-41ee-a25e-f344f52cfe83,Luiz Fernando Nicolodi,,554198658155,luizfnicolodi@gmail.com,DAVOS,Lucas Barrientos,NAO_ENCONTRADO,-,,NAO_ENCONTRADO,-,,NAO_ESTA_EM_NENHUM
f0cf5628-b525-4be4-abd1-4450d9bb53db,Luiz Fernando Prado Garcia,21279401800,5518997761108,luizgarc@hotmail.com,PHARUS,Willian Oliveira Schimidt,NAO_ENCONTRADO,-,,NAO_ENCONTRADO,-,,NAO_ESTA_EM_NENHUM
a8473e0e-d178-40d9-bbab-314342319493,Luiz Fernando Tedeschi,55335551968,5541999910199,fernando.tedeschi65@gmail.com,PHARUS,Junior Teixeira,NAO_ENCONTRADO,-,,NAO_ENCONTRADO,-,,NAO_ESTA_EM_NENHUM
7143f723-5d8d-47ec-b282-3c87cdfa9b4c,Luiz Gustavo Costa Gomes Barbosa,22361048809,5511942535315,guccas@gmail.com,PHARUS,Cleuber Anicesio,NAO_ENCONTRADO,-,,NAO_ENCONTRADO,-,,NAO_ESTA_EM_NENHUM
5378fa86-4321-4f1d-a3b4-1b9a2eca2bcd,Luiz Henrique Goncalves Palma,22626810827,5511942122402,lhpalma@gmail.com,PHARUS,Abner Braga,NAO_ENCONTRADO,-,,NAO_ENCONTRADO,-,,NAO_ESTA_EM_NENHUM
5a10275d-c0a9-439c-b637-83fb54a03d40,Luiz Hugo Fernandes Queiroz,,5565996263013,revistacasanova.mt@gmail.com,PHARUS,Tiago Junior,NAO_ENCONTRADO,-,,NAO_ENCONTRADO,-,,NAO_ESTA_EM_NENHUM
5d474ef1-9fef-4ecb-afeb-f9000879c87a,Luiz Leonardo Póvoa Lobo,99171902104,5562991610835,llpovoa@gmail.com,PHARUS,Gabriel Oliveira,NAO_ENCONTRADO,-,,NAO_ENCONTRADO,-,,NAO_ESTA_EM_NENHUM
c6ea8956-01e6-482a-be22-1777e7bc83b2,Luiz Otávio Reis,,5553991659481,luizotavio.breis@gmail.com,PHARUS,Willian Oliveira Schimidt,NAO_ENCONTRADO,-,,NAO_ENCONTRADO,-,,NAO_ESTA_EM_NENHUM
a89d0ac8-6dca-454b-9af3-b2c16880b43c,Luiz Pereira,92389279600,5531999707610,luizrpjunior12@gmail.com,DAVOS,Lucas Barrientos,NAO_ENCONTRADO,-,,NAO_ENCONTRADO,-,,NAO_ESTA_EM_NENHUM
7ccbf3d6-7a72-4d42-bdc6-931cd5087328,Luiz Pereira Lins Netto,,5581996490950,lp_netto@hotmail.com,PHARUS,Cleuber Anicesio,NAO_ENCONTRADO,-,,NAO_ENCONTRADO,-,,NAO_ESTA_EM_NENHUM
945b9e0b-7667-4c70-b12c-ae38e4e9d14a,Luiz Venancio Duarte Fonseca,,5531992375555,luizvenancio10@hotmail.com,PHARUS,Cleuber Anicesio,NAO_ENCONTRADO,-,,NAO_ENCONTRADO,-,,NAO_ESTA_EM_NENHUM
5ab1fc6e-0902-4d17-a6d6-048160e572ab,Luiza Rodrigues Pinheiro,74900048291,5593992266708,luiza35med@hotmail.com,PHARUS,Tales Salinas Rozo,NAO_ENCONTRADO,-,,NAO_ENCONTRADO,-,,NAO_ESTA_EM_NENHUM
e87cc629-2920-4cc9-8341-426726832d98,Luiznei Francisco da Rocha,79999263100,5562996115759,luizneirocha@hotmail.com,PHARUS,Abner Braga,NAO_ENCONTRADO,-,,NAO_ENCONTRADO,-,,NAO_ESTA_EM_NENHUM
8fdd373e-20ee-44cb-b34a-25cf0c878b57,Magno Pereira Delgado,,5519981848600,magno.delgado@hotmail.com,PHARUS,Gabriel Oliveira,NAO_ENCONTRADO,-,,NAO_ENCONTRADO,-,,NAO_ESTA_EM_NENHUM
8348267a-0fb8-4077-8769-60eb3361510b,Mai Fong Hwa,10089060857,5561981536881,mai_akaishi@yahoo.com.br,PHARUS,Samuel Araújo,NAO_ENCONTRADO,-,,NAO_ENCONTRADO,-,,NAO_ESTA_EM_NENHUM
e76d994f-6f7c-4f80-aca9-cd566c776a09,Maiana Menezes Macedo,,5571991883997,maiana.macedo@icloud.com,PHARUS,Junior Teixeira,NAO_ENCONTRADO,-,,NAO_ENCONTRADO,-,,NAO_ESTA_EM_NENHUM
7f608d9b-0045-4497-a8ff-157161213afc,Maiara Vanessa Genuario dos Santos,23027847821,5518997278381,maiara.mentoracomportamental@gmail.com,PHARUS,Junior Teixeira,NAO_ENCONTRADO,-,,NAO_ENCONTRADO,-,,NAO_ESTA_EM_NENHUM
1e27355d-d3fc-44ec-b370-9f6dd11b3432,Maira Cristiane dos Santos,,5531991528187,mairageo@hotmail.com,PHARUS,Junior Teixeira,NAO_ENCONTRADO,-,,NAO_ENCONTRADO,-,,NAO_ESTA_EM_NENHUM
bb025cb5-9452-43d8-a297-d8f0c4ed839d,Maíra Piani Couto,,+55 91 8200-0060,mairapiani@hotmail.com,PHARUS,Cleuber Anicesio,NAO_ENCONTRADO,-,,NAO_ENCONTRADO,-,,NAO_ESTA_EM_NENHUM
12b1d094-6643-4df7-a922-6caea0711108,Manoel Gomes,97817872520,5548999454885,manoelgfneto@gmail.com,PHARUS,Samuel Araújo,NAO_ENCONTRADO,-,,NAO_ENCONTRADO,-,,NAO_ESTA_EM_NENHUM
e03928a3-9762-4dac-b923-2aaaf1161595,Manoel Wenceslau Moreira dos Santos,,+55 82 99381-9237,mwmsantos@gmail.com,PHARUS,Tiago Junior,NAO_ENCONTRADO,-,,NAO_ENCONTRADO,-,,NAO_ESTA_EM_NENHUM
3026d26f-bf98-424f-aca4-fe4817022328,Manuel Borges Carneiro Neto,31887246835,5511950437313,mbcneto@hotmail.com,PHARUS,Gabriel Oliveira,NAO_ENCONTRADO,-,,NAO_ENCONTRADO,-,,NAO_ESTA_EM_NENHUM
74be5f16-51d0-4601-bc2a-005f4db35338,Marcel Gentil Diniz,14274303730,5521972406431,marcelgdiniz@hotmail.com,PHARUS,Samuel Araújo,NAO_ENCONTRADO,-,,NAO_ENCONTRADO,-,,NAO_ESTA_EM_NENHUM
ca43c563-88ca-4997-9762-ec255e113228,Marcel Leao Troleis,,5535997673000,marceltroleis@gmail.com,PHARUS,Cleuber Anicesio,NAO_ENCONTRADO,-,,NAO_ENCONTRADO,-,,NAO_ESTA_EM_NENHUM
3aaed77d-8a2f-4d10-8a5c-e2a8d32e832e,Marcel Prado,,5516992580658,,PHARUS,Hendrick Dorner,NAO_ENCONTRADO,-,,NAO_ENCONTRADO,-,,NAO_ESTA_EM_NENHUM
4e6669e9-74fb-44bd-9565-e60dc0af551d,Marcel Rodrigues,,,,PHARUS,,NAO_ENCONTRADO,-,,NAO_ENCONTRADO,-,,NAO_ESTA_EM_NENHUM
5d640512-ab5f-4ee0-b1a6-5f8f8fc9559f,Marcel Veronez Vitoreli,,5511955789395,mvitoreli@hotmail.com,PHARUS,João Gonçalves,NAO_ENCONTRADO,-,,NAO_ENCONTRADO,-,,NAO_ESTA_EM_NENHUM
d67859f0-a58d-4751-957c-edde43811d5d,Marcela Costa Lachowski,,5541991267521,marcela.clac@gmail.com,PHARUS,Hendrick Dorner,NAO_ENCONTRADO,-,,NAO_ENCONTRADO,-,,NAO_ESTA_EM_NENHUM
33b6c3f7-e6f9-45ba-a6c0-ce80d97f92a8,Marcela Mariani Lopes Soares Mocellin,36849185802,5512981294804,mama_ls@hotmail.com,DAVOS,Eduardo Peroni,NAO_ENCONTRADO,-,,NAO_ENCONTRADO,-,,NAO_ESTA_EM_NENHUM
ca4273f8-8fb6-4211-9b38-b2dcbcd971ab,Marcela Morote Fernandes,28740927890,5511997970504,marcelamorote81@gmail.com,PHARUS,Gabriel Oliveira,NAO_ENCONTRADO,-,,NAO_ENCONTRADO,-,,NAO_ESTA_EM_NENHUM
46fd048d-91c4-4f89-9137-552a99acf4b7,Marcella Araújo Silva Marcos,93999577304,86999650372,marcosmarcella854@gmail.com,PHARUS,João Gonçalves,NAO_ENCONTRADO,-,,NAO_ENCONTRADO,-,,NAO_ESTA_EM_NENHUM
20fc3af0-af00-4fe9-90c5-ec57853a561c,Marcelle Guimarães Cavalcanti,,5581988149340,celleguima@me.com,PHARUS,João Aliceda,NAO_ENCONTRADO,-,,NAO_ENCONTRADO,-,,NAO_ESTA_EM_NENHUM
88a9fa56-aa1a-40d0-b647-9d945e143cef,Marcelle Rodrigues,81255918500,5571988270986,marcellenrodrigues@yahoo.com.br,PHARUS,Tales Salinas Rozo,NAO_ENCONTRADO,-,,NAO_ENCONTRADO,-,,NAO_ESTA_EM_NENHUM
d537cae2-37cb-45ff-9c4d-86a22845317a,Marcello Eugênio Sousa de Abreu,,5581982213102,eugenio.maquinas@gmail.com,PHARUS,Rodrigo Lunardi,NAO_ENCONTRADO,-,,NAO_ENCONTRADO,-,,NAO_ESTA_EM_NENHUM
f289f999-5efa-408d-bf0b-7ab86fde57d5,Marcelo Ayan Ferreira,38116383272,55988203333,marceloayan03@gmail.com,PHARUS,Abner Braga,NAO_ENCONTRADO,-,,NAO_ENCONTRADO,-,,NAO_ESTA_EM_NENHUM
9f530a7d-c2b8-4b9c-b33c-78765c74ebbd,Marcelo Bravo de Oliveira Santos,96298278591,5579991217970,medbravo@gmail.com,PHARUS,João Aliceda,NAO_ENCONTRADO,-,,NAO_ENCONTRADO,-,,NAO_ESTA_EM_NENHUM
672a8baf-ac64-4e5c-91ae-417d5e139975,Marcelo Costa Fernandes de Negreiros,,79999202202,marcelo_negreiros@hotmail.com,PHARUS,Willian Oliveira Schimidt,NAO_ENCONTRADO,-,,NAO_ENCONTRADO,-,,NAO_ESTA_EM_NENHUM
3adfa4b8-0924-4f60-a1f5-f12c96dc5bd3,Marcelo da Rosa Bortot,,5548996260222,marcelobortot10@gmail.com,PHARUS,João Gonçalves,NAO_ENCONTRADO,-,,NAO_ENCONTRADO,-,,NAO_ESTA_EM_NENHUM
1a1972af-ac63-41a3-af39-1c469c43a2b4,Marcelo dos Santos Souza,,5567992196811,,DAVOS,Lucas Barrientos,NAO_ENCONTRADO,-,,NAO_ENCONTRADO,-,,NAO_ESTA_EM_NENHUM
88754696-1e0f-48c2-9ec6-4364a64fa3a8,Marcelo Fadoul de Sousa,68414340210,5592991396191,mfadouldesouza@gmail.com,PHARUS,Junior Teixeira,NAO_ENCONTRADO,-,,NAO_ENCONTRADO,-,,NAO_ESTA_EM_NENHUM
e8ec9b87-6405-44bc-b0e0-801f0f9e7de4,Marcelo Fernandes Lima,,5592981215656,mlima_vascular@yahoo.com,PHARUS,João Gonçalves,NAO_ENCONTRADO,-,,NAO_ENCONTRADO,-,,NAO_ESTA_EM_NENHUM
f6fb3ad9-3c83-4f34-860d-57e392002ae9,Marcelo Gontijo Magalhães,30625687809,5547997320003,marcelomagalhaes8379@gmail.com,PHARUS,Tales Salinas Rozo,NAO_ENCONTRADO,-,,NAO_ENCONTRADO,-,,NAO_ESTA_EM_NENHUM
09ecb352-d077-4f5a-af11-cb059b1d3dc0,Marcelo Henrique Silva Ramos,08696843614,5531997566731,marcelinbhz@gmail.com,PHARUS,Tales Salinas Rozo,NAO_ENCONTRADO,-,,NAO_ENCONTRADO,-,,NAO_ESTA_EM_NENHUM
ebde235e-8807-4135-a19a-a22b5d1d6405,Marcelo José Dezan da Silva,,5541991512414,dezanmarcelo@gmail.com,PHARUS,Cleuber Anicesio,NAO_ENCONTRADO,-,,NAO_ENCONTRADO,-,,NAO_ESTA_EM_NENHUM
69cbe149-013a-41c6-b1fa-1318dab31e38,Marcelo Kyrillos,,5511997142349,,DAVOS,Daniel Fentanes,NAO_ENCONTRADO,-,,NAO_ENCONTRADO,-,,NAO_ESTA_EM_NENHUM
d6e046e8-2a3f-4d47-832a-9acf32fa2dd5,Marcelo Lasevitz,76364305091,5551997447373,anamaste77@gmail.com,PHARUS,Hendrick Dorner,NAO_ENCONTRADO,-,,NAO_ENCONTRADO,-,,NAO_ESTA_EM_NENHUM
6298b8da-ab2b-4226-8a31-22340090551c,Marcelo Lopes Ramos,83739599634,5533988222022,marcelorockpoint@gmail.com,PHARUS,Cleuber Anicesio,NAO_ENCONTRADO,-,,NAO_ENCONTRADO,-,,NAO_ESTA_EM_NENHUM
300644ea-6218-4fc1-8f7d-3505b00681c5,Marcelo Martins,33442621812,5511981686823,mnozima@gmail.com,DAVOS,Eduardo Peroni,NAO_ENCONTRADO,-,,NAO_ENCONTRADO,-,,NAO_ESTA_EM_NENHUM
a0c86cef-f345-4f78-8455-f46624d5aef3,Marcelo Matsuda Fujii,15957657867,5511988984420,marcelo.fujii@yahoo.com.br,PHARUS,Abner Braga,NAO_ENCONTRADO,-,,NAO_ENCONTRADO,-,,NAO_ESTA_EM_NENHUM
39026304-2851-4b5d-afa8-0799ebaf1336,Marcelo Mengatto,,5541987151817,mengatto@blitzseguranca.com.br,PHARUS,Cleuber Anicesio,NAO_ENCONTRADO,-,,NAO_ENCONTRADO,-,,NAO_ESTA_EM_NENHUM
7a0320a7-5e0b-4383-831f-3df31fd79b22,Marcelo Moreira,05271779890,5524999013159,magarabru@gmail.com,PHARUS,Samuel Araújo,NAO_ENCONTRADO,-,,NAO_ENCONTRADO,-,,NAO_ESTA_EM_NENHUM
a296efcd-f592-4a4d-a2c2-7d80887e5ce6,Marcelo Moretto,38923629049,5199930535,docmarcelomoretto@gmail.com,PHARUS,João Aliceda,NAO_ENCONTRADO,-,,NAO_ENCONTRADO,-,,NAO_ESTA_EM_NENHUM
a983fac1-ece6-4a54-a109-1341a47d6a33,Marcelo Nascimento Ferreira,57976910191,5561996293663,dr_marcelo.nf@hotmail.com,PHARUS,Tales Salinas Rozo,NAO_ENCONTRADO,-,,NAO_ENCONTRADO,-,,NAO_ESTA_EM_NENHUM
c8eb2c3b-d4e0-4ff5-8132-06f0b0ce923e,Marcelo R Leóz Fraile,19825533838,5511981729881,leoz.fraile@me.com,PHARUS,Cleuber Anicesio,NAO_ENCONTRADO,-,,NAO_ENCONTRADO,-,,NAO_ESTA_EM_NENHUM
d929723d-027b-48dd-8999-e81ae70d6b16,Marcelo Ribeiro Donatão,74846728900,5544999537012,mrdonatao@gmail.com,PHARUS,Junior Teixeira,NAO_ENCONTRADO,-,,NAO_ENCONTRADO,-,,NAO_ESTA_EM_NENHUM
5e1b254a-fa80-41bb-b15e-84188213f48d,Marcelo Sabaini,16329462895,5511991347201,mgouvea11@gmail.com,DAVOS,Lucas Barrientos,NAO_ENCONTRADO,-,,NAO_ENCONTRADO,-,,NAO_ESTA_EM_NENHUM
a9a2555a-cd22-4b58-80bd-7ab9d8347423,Marcelo Sampaio Patriota,,5524999980604,drmarcelosampaiopatriota@gmail.com,PHARUS,Tales Salinas Rozo,NAO_ENCONTRADO,-,,NAO_ENCONTRADO,-,,NAO_ESTA_EM_NENHUM
afdb9dbf-fb79-4124-91c8-93ddbb36de4b,Marcelo Schiavone,44439369049,5521964343480,mikefoxtrotalfa@gmail.com,PHARUS,Junior Teixeira,NAO_ENCONTRADO,-,,NAO_ENCONTRADO,-,,NAO_ESTA_EM_NENHUM
c3de94c8-99a3-48c0-abaf-3cd9be0ff182,Marcelo Tiacci Schmitt,12711728870,5511983830729,marcelo.schmitt@hotmail.com,PHARUS,Hendrick Dorner,NAO_ENCONTRADO,-,,NAO_ENCONTRADO,-,,NAO_ESTA_EM_NENHUM
3b333d53-212e-473d-a85a-7973a338def2,Marcelo Urio,03327419906,554791709060,marcelourio@hotmail.com,DAVOS,Lucas Barrientos,NAO_ENCONTRADO,-,,NAO_ENCONTRADO,-,,NAO_ESTA_EM_NENHUM
42a64ab7-e43d-46ba-9fcc-3c8b37bc8814,Marcelo Vieira Molinaroli Filho,13511988748,28999859508,marcelofilho@tododiatop.com.br,PHARUS,João Aliceda,NAO_ENCONTRADO,-,,NAO_ENCONTRADO,-,,NAO_ESTA_EM_NENHUM
6fad28ac-5e4c-484e-b8ec-bd6110dc7938,Marcio Augusto do Vale Matos,86247310200,5591983055775,marcio.avm@gmail.com,PHARUS,Willian Sobral,NAO_ENCONTRADO,-,,NAO_ENCONTRADO,-,,NAO_ESTA_EM_NENHUM
385dc7aa-cfae-42e5-97b4-4a0864e1c682,Marcio Bolívar Zapparoli Garcia,,5566992371473,,PHARUS,Tales Salinas Rozo,NAO_ENCONTRADO,-,,NAO_ENCONTRADO,-,,NAO_ESTA_EM_NENHUM
49a49ba6-8c09-4bc9-9030-a1b010b7aef0,Márcio Bracht,67874592972,5545984025528,marciobracht2@gmail.com,PHARUS,Junior Teixeira,NAO_ENCONTRADO,-,,NAO_ENCONTRADO,-,,NAO_ESTA_EM_NENHUM
1b53171a-dc74-4839-a7a2-27697d5edcba,Márcio Cesar Dell'abadia,25235500830,5511994402180,mcdaservicos@gmail.com,PHARUS,Rodrigo Lunardi,NAO_ENCONTRADO,-,,NAO_ENCONTRADO,-,,NAO_ESTA_EM_NENHUM
f5f9af27-1cf0-4c9f-923f-4461a11fed46,Marcio da Silveira Pereira,66469325734,+5592984361221,1marcio.p@gmail.com,PHARUS,,NAO_ENCONTRADO,-,,NAO_ENCONTRADO,-,,NAO_ESTA_EM_NENHUM
f14ebf86-2e96-46c4-a7f9-17cc3a810fe8,Márcio de Sousa Roberto,22117543847,11999615376,marciosroberto@gmail.com,PHARUS,,NAO_ENCONTRADO,-,,NAO_ENCONTRADO,-,,NAO_ESTA_EM_NENHUM
2c0249c4-6fd0-485c-ab7f-d146959ca591,Marcio Ferreira Neves Monteiro,,5521964825045,marcio@oicramengenharia.com.br,PHARUS,Hendrick Dorner,NAO_ENCONTRADO,-,,NAO_ENCONTRADO,-,,NAO_ESTA_EM_NENHUM
ed17b568-4f21-4cea-a5e8-46989360359e,Márcio Henrique Carrera Fernandes,21890296864,12981456090,mhcfernandes@hotmail.com,PHARUS,Tales Salinas Rozo,NAO_ENCONTRADO,-,,NAO_ENCONTRADO,-,,NAO_ESTA_EM_NENHUM
29941558-877d-45b5-8b28-83f4f0fed67e,Marcio Lima Gonçalves,27991581888,5511992726212,mamarcio@hotmail.com,PHARUS,Hendrick Dorner,NAO_ENCONTRADO,-,,NAO_ENCONTRADO,-,,NAO_ESTA_EM_NENHUM
3cb180da-b0fc-4bdd-9875-f4341f87b302,Márcio Mágno Macedo de Azevedo,70220164452,558388609437,marciommacedo1@gmail.com,PHARUS,Gabriel Oliveira,NAO_ENCONTRADO,-,,NAO_ENCONTRADO,-,,NAO_ESTA_EM_NENHUM
b1274bb5-2f0e-43fa-b1d4-b4abd60bae82,Márcio Oliveira,27869592846,5511948717456,marcio.oliveira50@gmail.com,PHARUS,Tiago Junior,NAO_ENCONTRADO,-,,NAO_ENCONTRADO,-,,NAO_ESTA_EM_NENHUM
c56c9c47-6d93-4591-a2a0-6e64aba7e3b5,Marcio Vinicius Barbosa dos Santos,10590380729,5527981499488,marciovbs@hotmail.com,PHARUS,João Aliceda,NAO_ENCONTRADO,-,,NAO_ENCONTRADO,-,,NAO_ESTA_EM_NENHUM
27ea6a1c-89f8-4854-9e5e-b39119bb539e,Marcioni Cardoso Sheffer,49680374068,555199528731,marcioni@terra.com.br,PHARUS,Cleuber Anicesio,NAO_ENCONTRADO,-,,NAO_ENCONTRADO,-,,NAO_ESTA_EM_NENHUM
9a3dcae9-7a48-4639-81ff-4b176dd4eec0,Marcius Beltrão Siqueira,53653432472,,marciusbeltrao@gmail.com,DAVOS,Lucas Barrientos,NAO_ENCONTRADO,-,,NAO_ENCONTRADO,-,,NAO_ESTA_EM_NENHUM
d486ffc1-b3a0-4e38-b11f-f2fa2e9c1c0e,Marco Antônio de Lima,,556296079623,mal.lima10@gmail.com,PHARUS,Willian Sobral,NAO_ENCONTRADO,-,,NAO_ENCONTRADO,-,,NAO_ESTA_EM_NENHUM
fa092656-591c-408a-a7c4-d0c9e17928d3,Marco Antonio Lourenço,73553565934,554199975995,mlo.69@icloud.com,DAVOS,Lucas Barrientos,NAO_ENCONTRADO,-,,NAO_ENCONTRADO,-,,NAO_ESTA_EM_NENHUM
997698de-b5e5-4a52-88a9-72929228702c,Marco Antônio Nazaré Castro,85866270625,5531986451999,marcocastro.br@gmail.com,DAVOS,Lucas Barrientos,NAO_ENCONTRADO,-,,NAO_ENCONTRADO,-,,NAO_ESTA_EM_NENHUM
e239c294-42f6-41f8-9c10-dc1f468c906e,Marco Aurelio Claudino dos Santos,16956922843,5519998435831,marco.clsantos@gmail.com,PHARUS,Hendrick Dorner,NAO_ENCONTRADO,-,,NAO_ENCONTRADO,-,,NAO_ESTA_EM_NENHUM
77b96c12-a94c-4325-aeb6-4d26f85d6983,Marco Aurélio de Freitas Cabral,96227729434,5581992545264,ma_aureliocabral@hotmail.com,PHARUS,Rodrigo Lunardi,NAO_ENCONTRADO,-,,NAO_ENCONTRADO,-,,NAO_ESTA_EM_NENHUM
e3e8f3fe-995b-4a1c-bb4f-1ce77d5475e9,Marco Aurélio Gondim Cordeiro,63606941234,5563999661650,marcoagc2018@gmail.com,PHARUS,Gabriel Oliveira,NAO_ENCONTRADO,-,,NAO_ENCONTRADO,-,,NAO_ESTA_EM_NENHUM
9c65df0a-cf30-4dc8-a40b-2ed56e9cf9a0,Marco Pereira de Souza Borgerth,,5521998581993,marco_borgerth@yahoo.com.br,PHARUS,Hendrick Dorner,NAO_ENCONTRADO,-,,NAO_ENCONTRADO,-,,NAO_ESTA_EM_NENHUM
e0f6df97-b099-4384-9d17-2644666f4dad,Marcolino Evangelista Barbosa Neto,40590305620,5538998457200,marcolinobarbosa@outlook.com,PHARUS,Tales Salinas Rozo,NAO_ENCONTRADO,-,,NAO_ENCONTRADO,-,,NAO_ESTA_EM_NENHUM
74c6fac8-64ad-476f-986f-f1e32812f209,Marcos Alessander Linares Bustos,36443587880,5511978007034,dr.alessmarcos@gmail.com,PHARUS,Tales Salinas Rozo,NAO_ENCONTRADO,-,,NAO_ENCONTRADO,-,,NAO_ESTA_EM_NENHUM
eeefe41c-9d0c-47d7-af79-02bd8836abd4,Marcos Antonio Skistymas Filho,30987933841,5511974333535,skistymas@gmail.com,DAVOS,Eduardo Peroni,NAO_ENCONTRADO,-,,NAO_ENCONTRADO,-,,NAO_ESTA_EM_NENHUM
47fec341-7e0a-467c-8421-378939cc69f2,Marcos Araújo,96833653372,5565996886020,marcoschavesjr@hotmail.com,DAVOS,Eduardo Peroni,NAO_ENCONTRADO,-,,NAO_ENCONTRADO,-,,NAO_ESTA_EM_NENHUM
2005bfb8-cb51-4490-82ab-c735d6411a7c,Marcos Cailleaux Cezar,,5521993192767,marcos@fcxconsultoria.com.br,PHARUS,Gustavo Papeschi Mariano,NAO_ENCONTRADO,-,,NAO_ENCONTRADO,-,,NAO_ESTA_EM_NENHUM
515bb7b8-724d-46b5-b941-b105877beba8,Marcos Caldeira,,5511937751206,marcos.caldeira@gmail.com,PHARUS,Tales Salinas Rozo,NAO_ENCONTRADO,-,,NAO_ENCONTRADO,-,,NAO_ESTA_EM_NENHUM
55538286-c696-4d28-81bb-22390a65ed14,Marcos Cezar Silva de Araújo,,5527992748927,mcsaraujo87@gmail.com,PHARUS,Junior Teixeira,NAO_ENCONTRADO,-,,NAO_ENCONTRADO,-,,NAO_ESTA_EM_NENHUM
a190a131-2e7f-4ca1-808e-eb9e49502c66,Marcos Henrique Gollin,,5535998348484,marcosgollin@hotmail.com,PHARUS,,NAO_ENCONTRADO,-,,NAO_ENCONTRADO,-,,NAO_ESTA_EM_NENHUM
89ffdd42-518a-4a4e-896a-36c57667f1a8,Marcos Henrique Rodrigues da Silva,34087837807,5511981617524,markos8318@gmail.com,PHARUS,Hendrick Dorner,NAO_ENCONTRADO,-,,NAO_ENCONTRADO,-,,NAO_ESTA_EM_NENHUM
4c329a6b-2901-4ffa-9e65-aad9c97ddf59,Marcos Hernani Silva Santos,00086891561,5579991715457,marcoshernani2012@gmail.com,PHARUS,Nelson Marques,NAO_ENCONTRADO,-,,NAO_ENCONTRADO,-,,NAO_ESTA_EM_NENHUM
7708e2aa-36e9-4c90-963e-0869aa350a54,Marcos Laurenço Gonçalves,,5511948439139,dannycelma@hotmail.com,PHARUS,Tales Salinas Rozo,NAO_ENCONTRADO,-,,NAO_ENCONTRADO,-,,NAO_ESTA_EM_NENHUM
4a8795d2-7c20-47fb-bac4-00c4049e1818,Marcos Luis Soares,09662692843,5519981497999,marcossoares@grandpudim.com.br,PHARUS,Tiago Junior,NAO_ENCONTRADO,-,,NAO_ENCONTRADO,-,,NAO_ESTA_EM_NENHUM
16ca4f16-7582-41fa-9b16-03cfea4d567e,Marcos Minini de Castro Junior,73648450115,5518996876633,marcosminini19@hotmail.com,PHARUS,João Gonçalves,NAO_ENCONTRADO,-,,NAO_ENCONTRADO,-,,NAO_ESTA_EM_NENHUM
7a9362e1-546d-4765-bf6f-6111480df87b,Marcos Roberto dos Santos,19747874865,5513997370102,fotomrs@outlook.com,PHARUS,Tiago Junior,NAO_ENCONTRADO,-,,NAO_ENCONTRADO,-,,NAO_ESTA_EM_NENHUM
bf9749bc-d400-4c12-8849-0b86a020440e,Marcos Roberto Rodrigues,,+55 47 99600-0037,marcosrr1810@gmail.com,PHARUS,Tiago Junior,NAO_ENCONTRADO,-,,NAO_ENCONTRADO,-,,NAO_ESTA_EM_NENHUM
22a2c84f-e1d1-41f1-b936-c8ba2eedff80,Marcos Roberto Takimoto,36558206153,5567998686565,marcostakimoto@gmail.com,PHARUS,Junior Teixeira,NAO_ENCONTRADO,-,,NAO_ENCONTRADO,-,,NAO_ESTA_EM_NENHUM
037d2951-d9a7-4db7-bffa-a56ac7305ee7,Marcos Vagner de Santana Pinto,,5571993235536,engvagner82@gmail.com,PHARUS,Hendrick Dorner,NAO_ENCONTRADO,-,,NAO_ENCONTRADO,-,,NAO_ESTA_EM_NENHUM
82143374-be81-4359-849f-d8793526b835,Marcos Vinicius da Silva Soares,10801664756,5521981908514,marcos.soares.arq@gmail.com,PHARUS,Cleuber Anicesio,NAO_ENCONTRADO,-,,NAO_ENCONTRADO,-,,NAO_ESTA_EM_NENHUM
6dfed428-4e2d-4229-8fb0-232a7db771ed,Marcos Vitor Magosso,68928661153,5565992413040,mv.magosso@uol.com.br,PHARUS,Abner Braga,NAO_ENCONTRADO,-,,NAO_ENCONTRADO,-,,NAO_ESTA_EM_NENHUM
310722f7-b1c6-4af8-a287-938490964675,Marcus Bartholomeu,,5527988491124,bartho@gmail.com,PHARUS,Cleuber Anicesio,NAO_ENCONTRADO,-,,NAO_ENCONTRADO,-,,NAO_ESTA_EM_NENHUM
d960f6e2-aadd-4f05-8e62-3e2f04c5e818,Marcus Castilho Monteiro,11600466893,5511981640550,marcusmonteiro05@gmail.com,PHARUS,Tiago Junior,NAO_ENCONTRADO,-,,NAO_ENCONTRADO,-,,NAO_ESTA_EM_NENHUM
19f92314-107f-4781-8ee0-fcb15b79e143,Marcus Dimas do Nascimento Santos,,5598992336250,marcusdimasns@gmail.com,PHARUS,Cleuber Anicesio,NAO_ENCONTRADO,-,,NAO_ENCONTRADO,-,,NAO_ESTA_EM_NENHUM
33f1f65f-3746-4836-aa7b-af7fe74c3b99,Marcus Lucius Rosa Mendes,41922085120,5562999779806,marcusrosamendes@gmail.com,PHARUS,Hendrick Dorner,NAO_ENCONTRADO,-,,NAO_ENCONTRADO,-,,NAO_ESTA_EM_NENHUM
901c047f-033f-4353-8a1d-59d47b81bbf8,Marcus Vinicius Azevedo Tavares,59396830291,5591981133478,marcustavares@gta-pa.com,PHARUS,Tiago Junior,NAO_ENCONTRADO,-,,NAO_ENCONTRADO,-,,NAO_ESTA_EM_NENHUM
c7d0b25c-2a98-4d07-a2f2-1c1b18abf39b,Marcus Vinícius Calazans Barbosa,,5562996810463,marcuscalazans@yahoo.com.br,PHARUS,Gabriel Oliveira,NAO_ENCONTRADO,-,,NAO_ENCONTRADO,-,,NAO_ESTA_EM_NENHUM
cdd79af6-b7b1-4a8e-8bf2-6ad852d98b2f,Marcus Vinícius Mario Miranda,,22 99726-0426,vicksmiranda@hotmail.com,PHARUS,João Aliceda,NAO_ENCONTRADO,-,,NAO_ENCONTRADO,-,,NAO_ESTA_EM_NENHUM
37aab665-58aa-40d1-8012-99752ce8a99e,Marcus Vinicius Pinheiro Reis,10292106670,5592982784860,mvpr.sfcm@gmail.com,DAVOS,Eduardo Peroni,NAO_ENCONTRADO,-,,NAO_ENCONTRADO,-,,NAO_ESTA_EM_NENHUM
7d55d860-c7af-4cb6-8e5a-2a98bb10a6ad,Marcus Vinicius Tabox,,5598988476982,clientefaleceu@sem.email.com,PHARUS,Samuel Araújo,NAO_ENCONTRADO,-,,NAO_ENCONTRADO,-,,NAO_ESTA_EM_NENHUM
ef95815f-d0f2-4786-accf-daf8e31cbedb,Marcus Vinicius Teles Ventura,10487390741,5524999086248,,PHARUS,Willian Oliveira Schimidt,NAO_ENCONTRADO,-,,NAO_ENCONTRADO,-,,NAO_ESTA_EM_NENHUM
71ce20cd-4eb6-45b6-a0a5-5e790d92e678,Marcus Vinicius Vicentini Rosa,10361599650,34992309699,marcus.vicentini@gmail.com,PHARUS,Nelson Marques,NAO_ENCONTRADO,-,,NAO_ENCONTRADO,-,,NAO_ESTA_EM_NENHUM
34cad2b9-f0e1-4ac3-b345-ff6b5f340681,Maria Angela Girardi,28535677615,5532988731244,m-girardi@hotmail.com,PHARUS,Abner Braga,NAO_ENCONTRADO,-,,NAO_ENCONTRADO,-,,NAO_ESTA_EM_NENHUM
912ec32a-f85a-4e89-9a33-318c628e1efe,Maria Aparecida Barbosa Gomes Menezes,39929426515,5574991591613,aparecida.menezes20@gmail.com,PHARUS,Nelson Marques,NAO_ENCONTRADO,-,,NAO_ENCONTRADO,-,,NAO_ESTA_EM_NENHUM
d5113fca-2874-41a9-a1c6-2944bff84f04,Maria Augusta Rosa Kussaba,92148824104,5564981340757,m.augusta.rosa@gmail.com,PHARUS,Rodrigo Lunardi,NAO_ENCONTRADO,-,,NAO_ENCONTRADO,-,,NAO_ESTA_EM_NENHUM
f9c6458d-266b-40f8-bcc4-c838811e3dc7,Maria Beatriz M B L Rodrigues,,,brasilmabe@gmail.com,PHARUS,Carlos Serafim,NAO_ENCONTRADO,-,,NAO_ENCONTRADO,-,,NAO_ESTA_EM_NENHUM
1bb64abf-d179-4bda-94aa-8a29751e568d,Maria Carolina Bousada,,5516992407500,dracarolina37@gmail.com,PHARUS,Abner Braga,NAO_ENCONTRADO,-,,NAO_ENCONTRADO,-,,NAO_ESTA_EM_NENHUM
9698cd9e-2908-440d-999d-cf3f3f0c1c1b,Maria Claudia Steiner Ferme,15145108800,11982451865,mcferme@uol.com.br,DAVOS,Eduardo Peroni,NAO_ENCONTRADO,-,,NAO_ENCONTRADO,-,,NAO_ESTA_EM_NENHUM
f4e64075-60eb-4763-9f63-4de6e827d524,Maria Cristina Quadro da Silva Polli,52976866953,5541988675857,mcqspolli@gmail.com,PHARUS,Cleuber Anicesio,NAO_ENCONTRADO,-,,NAO_ENCONTRADO,-,,NAO_ESTA_EM_NENHUM
3dfe0a9d-d57b-4a0b-a6e9-8ea033a4a801,Maria Del Pilar,44375573520,5571999789803,,DAVOS,Daniel Fentanes,NAO_ENCONTRADO,-,,NAO_ENCONTRADO,-,,NAO_ESTA_EM_NENHUM
a5717e46-a765-4c18-a830-d00bcb31a90b,Maria Deusiane Cavalcante,,5586999028656,deuspontes@hotmail.com,PHARUS,André Rockenbach,NAO_ENCONTRADO,-,,NAO_ENCONTRADO,-,,NAO_ESTA_EM_NENHUM
71faaed4-be6b-4b4d-bccd-4b6ecf1c4f14,Maria Jordana Martins de Souza,12436262756,+5521981863601,jomartinsdesouza@gmail.com,PHARUS,,NAO_ENCONTRADO,-,,NAO_ENCONTRADO,-,,NAO_ESTA_EM_NENHUM
630d315e-582f-4634-a041-eb64d97f5edd,Maria Luiza Emmendörfer,,5548991911810,monyeitan10@gmail.com,PHARUS,,NAO_ENCONTRADO,-,,NAO_ENCONTRADO,-,,NAO_ESTA_EM_NENHUM
97c2af6a-9baf-4ef0-816d-834ea0a1906e,Maria Roberta Tubero Ferreira Fadel,26544829870,+5519997199065,mariarobertaffadel@gmail.com,PHARUS,,NAO_ENCONTRADO,-,,NAO_ENCONTRADO,-,,NAO_ESTA_EM_NENHUM
f283e5f6-add2-46b9-8def-ff8137e115bb,Mariana Azevedo,,5598999700501,marianaazvdo@yahoo.com.br,PHARUS,Tales Salinas Rozo,NAO_ENCONTRADO,-,,NAO_ENCONTRADO,-,,NAO_ESTA_EM_NENHUM
74756cfd-9159-442d-90ae-0cd6631e2f8b,Mariana Cardoso de Lima,28683977862,5548999683828,marianac_lima@yahoo.com.br,PHARUS,Junior Teixeira,NAO_ENCONTRADO,-,,NAO_ENCONTRADO,-,,NAO_ESTA_EM_NENHUM
40da0b4a-ea49-454c-8559-2720a5646453,Mariana Couto Silva Lemos,,5537999653083,marianacouto_s@hotmail.com,PHARUS,Nelson Marques,NAO_ENCONTRADO,-,,NAO_ENCONTRADO,-,,NAO_ESTA_EM_NENHUM
3cbb4f4a-7447-4402-85da-8ae3893d91e2,Mariana Foques Ott,81085885020,5541988667835,marianaott@hotmail.com,PHARUS,Willian Oliveira Schimidt,NAO_ENCONTRADO,-,,NAO_ENCONTRADO,-,,NAO_ESTA_EM_NENHUM
ed1b50dd-6af0-43bf-a897-03da30f0bf83,Mariana Franceschini Brandão,22311049895,11974037424,marifbrandao@gmail.com,DAVOS,Eduardo Peroni,ENCONTRADO_EXATO,QV_ID+CPF+EMAIL+TELEFONE,66b40bb7-525a-4da6-a523-b6a48ac5a0e4,NAO_ENCONTRADO,-,,ESTA_NO_ANCHOR
069af57d-b477-455b-8b87-2729c3f6bfd2,Mariana Ishibashi Onishi,32695452829,11983460995,mishibashi2012@gmail.com,PHARUS,Nelson Marques,NAO_ENCONTRADO,-,,NAO_ENCONTRADO,-,,NAO_ESTA_EM_NENHUM
36066cf2-628b-4f80-b1a7-ea537a42b037,Mariana Meneghisso Ferreira Pasquotto,27254331854,5511976228795,pasquottoarquitetura@gmail.com,PHARUS,Samuel Araújo,NAO_ENCONTRADO,-,,NAO_ENCONTRADO,-,,NAO_ESTA_EM_NENHUM
9c8dc406-7b08-4724-a74f-2e13814b763e,Mariana Natario,,5511995972701,mariana.natario@hotmail.com,PHARUS,Tales Salinas Rozo,NAO_ENCONTRADO,-,,NAO_ENCONTRADO,-,,NAO_ESTA_EM_NENHUM
8ffa4b91-f793-4eb0-bf2f-a2a1c2307b4f,Mariana Pereira,,553588648606,mari_unespfdf@hotmail.com,DAVOS,Eduardo Peroni,NAO_ENCONTRADO,-,,NAO_ENCONTRADO,-,,NAO_ESTA_EM_NENHUM
64437f48-703d-4dea-bbb5-90e8e85a7c84,Mariana Regattieri da Silva,,5521981762658,mariregatt@gmail.com,PHARUS,Cleuber Anicesio,NAO_ENCONTRADO,-,,NAO_ENCONTRADO,-,,NAO_ESTA_EM_NENHUM
c33d57ab-5666-41f6-8ddf-f39d9298878b,Mariana Ribeiro Cruz Saran Azevedo,,,marisaranazevedo@gmail.com,PHARUS,Willian Oliveira Schimidt,NAO_ENCONTRADO,-,,NAO_ENCONTRADO,-,,NAO_ESTA_EM_NENHUM
d55f927c-ab3f-4368-a10e-7131780697aa,Mariana Ribeiro de Souza Rebelo Lemos,11069294705,5513997255873,marirebelo@gmail.com,PHARUS,Willian Oliveira Schimidt,NAO_ENCONTRADO,-,,NAO_ENCONTRADO,-,,NAO_ESTA_EM_NENHUM
b016d2fd-f299-43c1-9386-f77499157444,Mariana Scoralick,,5521981937396,maryscoralick@yahoo.com.br,DAVOS,Lucas Barrientos,NAO_ENCONTRADO,-,,NAO_ENCONTRADO,-,,NAO_ESTA_EM_NENHUM
4eb56b4b-3560-4bfe-96c8-348de2b15c2f,Maridete de Oliveira Moreira,09887414743,+5527999114577,maridete.fisica@gmail.com,PHARUS,,NAO_ENCONTRADO,-,,NAO_ENCONTRADO,-,,NAO_ESTA_EM_NENHUM
b514b8fb-26a5-42e8-a75c-3d98d78404a5,Marielly Machado,,5561999962261,melmmachado@gmail.com,PHARUS,Samuel Araújo,NAO_ENCONTRADO,-,,NAO_ENCONTRADO,-,,NAO_ESTA_EM_NENHUM
f84eb8a8-434d-46cd-8e55-96fe1bd2219f,Marilia Nunes,,5591983830033,,DAVOS,Lucas Barrientos,NAO_ENCONTRADO,-,,NAO_ENCONTRADO,-,,NAO_ESTA_EM_NENHUM
08c434c1-b930-4ff4-b45f-82b383b8d879,Marilidia Guimarães Alves,08686370764,+5543998351366,marilidiauepa@gmail.com,PHARUS,,NAO_ENCONTRADO,-,,NAO_ENCONTRADO,-,,NAO_ESTA_EM_NENHUM
5c446d67-6424-4e0b-a03f-d149eb870618,Marina Aleixo,36623699821,5511999593397,marinaaleixo08@gmail.com,PHARUS,Tiago Junior,NAO_ENCONTRADO,-,,NAO_ENCONTRADO,-,,NAO_ESTA_EM_NENHUM
d9e4411a-269c-4b27-8ae2-736399983bf7,Marina Koche Nunes Cerávolo,,5548991236363,marinaknc@gmail.com,DAVOS,Eduardo Peroni,NAO_ENCONTRADO,-,,NAO_ENCONTRADO,-,,NAO_ESTA_EM_NENHUM
d95e33a2-6a21-491d-9b70-d416de80877c,Marina Trivelato,,5511974914777,marinatrivelatofreitas@hotmail.com,PHARUS,Cleuber Anicesio,NAO_ENCONTRADO,-,,NAO_ENCONTRADO,-,,NAO_ESTA_EM_NENHUM
8a51850d-f662-4bc4-a189-461c34555f1d,Marina Vianna,33649265818,5519992064476,kk.mary@hotmail.com,DAVOS,Daniel Fentanes,NAO_ENCONTRADO,-,,NAO_ENCONTRADO,-,,NAO_ESTA_EM_NENHUM
8f78e002-e547-42a7-ba21-d1ca1894172d,Mario Cesar Romagnoli Pires,25039760850,+55 18 99794-1541,marioromagnoli76@gmail.com,PHARUS,Tiago Junior,NAO_ENCONTRADO,-,,NAO_ENCONTRADO,-,,NAO_ESTA_EM_NENHUM
83055fd4-ce31-49e5-a48b-fb7d811be7ff,Mario Henrique Lott Pacheco,62869230710,5534991440056,mariohlott@yahoo.com.br,PHARUS,Willian Sobral,NAO_ENCONTRADO,-,,NAO_ENCONTRADO,-,,NAO_ESTA_EM_NENHUM
afd42d68-ef0d-418d-b59d-7638954028b6,Mario Kaway Filho,49619594991,5565999958015,mariokawayfilho@gmail.com,PHARUS,Cleuber Anicesio,NAO_ENCONTRADO,-,,NAO_ENCONTRADO,-,,NAO_ESTA_EM_NENHUM
3d0a3590-3b2b-4a3b-9905-a04a91c9c81c,Mario Nozima Júnior,33442621811,5511981686822,mnozima@gmail.com,PHARUS,Cleuber Anicesio,NAO_ENCONTRADO,-,,NAO_ENCONTRADO,-,,NAO_ESTA_EM_NENHUM
3cea4e97-5106-4d11-ad0c-5facd0b83c41,Maristela Hansen Zietz,,5547997325310,maristelahz@gmail.com,PHARUS,Tiago Junior,NAO_ENCONTRADO,-,,NAO_ENCONTRADO,-,,NAO_ESTA_EM_NENHUM
b79d8024-8d37-4bec-99c8-107ea59dcf42,Marjorie Urbano Cintas,38260501856,5512991633864,marjorie.direito@outlook.com,PHARUS,Cleuber Anicesio,NAO_ENCONTRADO,-,,NAO_ENCONTRADO,-,,NAO_ESTA_EM_NENHUM
596141a5-a36b-4613-8700-254a5ecd4267,Marlise Morizzo,77307879034,5555991629804,marlisemorizzo@hotmail.com,PHARUS,Tiago Junior,NAO_ENCONTRADO,-,,NAO_ENCONTRADO,-,,NAO_ESTA_EM_NENHUM
532d7202-21ed-486f-88f0-3fd7fc20e66d,Marushcka Salles Frazão de Assis,15855763870,5511999668023,maruassis@gmail.com,DAVOS,Lucas Barrientos,NAO_ENCONTRADO,-,,NAO_ENCONTRADO,-,,NAO_ESTA_EM_NENHUM
1881da4e-9e3f-4d33-a852-49672818c120,Massahiro Ono,27554473972,5566981140407,ono_1640@hotmail.com,PHARUS,Willian Oliveira Schimidt,NAO_ENCONTRADO,-,,NAO_ENCONTRADO,-,,NAO_ESTA_EM_NENHUM
5a62c33d-03ea-4237-8325-acea876d3ccd,Mateus da Costa Hummelgen,,5547999269557,mateusdh@gmail.com,PHARUS,Tales Salinas Rozo,NAO_ENCONTRADO,-,,NAO_ENCONTRADO,-,,NAO_ESTA_EM_NENHUM
ee501334-e786-4c34-b2bb-9ae6995e5ceb,Mateus Oliveira Bernardes,75734419168,5521968621373,mateusoliverbernades@gmail.com,PHARUS,Pedro Goulart,NAO_ENCONTRADO,-,,NAO_ENCONTRADO,-,,NAO_ESTA_EM_NENHUM
3ae513ea-b80d-4f50-83a3-aa4fa489d0b1,Matheus Andrade Macedo,,5511930776424,matheus_am16@hotmail.com,PHARUS,Rodrigo Lunardi,NAO_ENCONTRADO,-,,NAO_ENCONTRADO,-,,NAO_ESTA_EM_NENHUM
447536dd-a3f6-4f39-bc99-7f46bf861f24,Matheus Eduardo Nascimento Lucas da Silva,,5517981262359,math.enlds@gmail.com,PHARUS,,NAO_ENCONTRADO,-,,NAO_ENCONTRADO,-,,NAO_ESTA_EM_NENHUM
f436f369-e074-41ff-a3d6-e9263f7f0013,Matheus o R Miranda,,5561998062882,matheus.ofugi@gmail.com,PHARUS,Junior Teixeira,NAO_ENCONTRADO,-,,NAO_ENCONTRADO,-,,NAO_ESTA_EM_NENHUM
9870bb4a-6b41-4e36-8cf4-12d50507d249,Matheus Quaini Librelotto,,5593991130820,matheusqlibrelotto@gmail.com,PHARUS,Tales Salinas Rozo,NAO_ENCONTRADO,-,,NAO_ENCONTRADO,-,,NAO_ESTA_EM_NENHUM
a5a403e3-d0d2-4fe4-8b9e-34c751da62ba,Mauren Baccin Ratto da Silva,93170343068,55,mauren@mundodonto.com.br,PHARUS,Abner Braga,NAO_ENCONTRADO,-,,NAO_ENCONTRADO,-,,NAO_ESTA_EM_NENHUM
233e103f-71d8-498e-bf59-15b8d5a6c5c9,Maurício Azzini Hastenreiter Portes,,+55 27 99253-1833,dr.mauricioportes@gmail.com,DAVOS,Tiago Junior,NAO_ENCONTRADO,-,,NAO_ENCONTRADO,-,,NAO_ESTA_EM_NENHUM
0bcdc509-32dc-4da0-b981-d8401dd0d63f,Mauricio Cesar Rodrigues Ribeiro,79225322100,5564992939487,mauriciomundim@hotmail.com,PHARUS,Tiago Junior,NAO_ENCONTRADO,-,,NAO_ENCONTRADO,-,,NAO_ESTA_EM_NENHUM
1f6c5b16-8849-4302-93ee-28a7d76f924b,Mauricio Fogliatto Zacarias,83288910187,556286222021,mfzaca78@hotmail.com,DAVOS,Eduardo Peroni,NAO_ENCONTRADO,-,,NAO_ENCONTRADO,-,,NAO_ESTA_EM_NENHUM
bd7e6746-d0db-4787-a228-9e0af7905650,Mauricio Landi Viana Dias da Silva,80350780544,5573988262005,mauriciolandiviana@gmail.com,PHARUS,Hendrick Dorner,NAO_ENCONTRADO,-,,NAO_ENCONTRADO,-,,NAO_ESTA_EM_NENHUM
37615fb2-1f16-499d-8b22-c9d10a1809ac,Mauricio Pais Bussoletto,25368153821,5547988940071,bussoletto@gmail.com,PHARUS,Willian Oliveira Schimidt,NAO_ENCONTRADO,-,,NAO_ENCONTRADO,-,,NAO_ESTA_EM_NENHUM
13fd6ee2-df39-4126-94f6-b45ac067f388,Mauricio Previdelli / Ivna Previdelli,,5588992213898,mprevidelli@hotmail.com,PHARUS,Hendrick Dorner,NAO_ENCONTRADO,-,,NAO_ENCONTRADO,-,,NAO_ESTA_EM_NENHUM
93dd4e58-3830-4360-9ca0-c549f0c483bd,Mauricio Silveira Mosna,,554999297447,mmosna@hotmail.com,DAVOS,Lucas Barrientos,NAO_ENCONTRADO,-,,NAO_ENCONTRADO,-,,NAO_ESTA_EM_NENHUM
1f253960-07bc-463e-b867-180fc4c424b6,Maurilio Batista,,5544999917169,maupalhares@gmail.com,PHARUS,Tales Salinas Rozo,NAO_ENCONTRADO,-,,NAO_ENCONTRADO,-,,NAO_ESTA_EM_NENHUM
ca00b7b8-d5f0-4f67-ae78-44ccac10919e,Maurilio Oliveira Brandão,41407385615,5512981443721,maobra11@gmail.com,PHARUS,Junior Teixeira,NAO_ENCONTRADO,-,,NAO_ENCONTRADO,-,,NAO_ESTA_EM_NENHUM
f86cf620-d8b6-42d4-b1c2-e516c157dd7d,Mauro Alberto dos Anjos Silva,42413559000,5548998078000,mauro.anjos@hotmail.com,PHARUS,Cleuber Anicesio,NAO_ENCONTRADO,-,,NAO_ENCONTRADO,-,,NAO_ESTA_EM_NENHUM
cffc086f-d33b-4497-ba7f-9e17411043ad,Mauro Fernandes,,5511981613031,mauro.fernandesjr@gmail.com,PHARUS,Samuel Araújo,NAO_ENCONTRADO,-,,NAO_ENCONTRADO,-,,NAO_ESTA_EM_NENHUM
a480acab-9b14-4c9e-a4f9-15019d4d51bf,Mauro Fernando Cardoso Cipolotti,,5519991095771,mauro.cipolotti@gmail.com,PHARUS,Willian Sobral,NAO_ENCONTRADO,-,,NAO_ENCONTRADO,-,,NAO_ESTA_EM_NENHUM
b06f6434-d434-4489-b51f-c2285456345e,Mauro Roberto Becker Gois,,5562996716625,mauro.becker@outlook.com,PHARUS,Samuel Araújo,NAO_ENCONTRADO,-,,NAO_ENCONTRADO,-,,NAO_ESTA_EM_NENHUM
7d6a23e6-00b0-45c2-843c-0b7c2e930ad1,Max de Oliveira Moraes,62159003620,5532999761994,maxomoraes@gmail.com,PHARUS,Gabriel Oliveira,NAO_ENCONTRADO,-,,NAO_ENCONTRADO,-,,NAO_ESTA_EM_NENHUM
76a8e62f-b146-468a-9c7d-98b625352a55,Mayanna Cecília Lago Maia,72664762168,5561981536695,mayannamaia@gmail.com,PHARUS,João Aliceda,NAO_ENCONTRADO,-,,NAO_ENCONTRADO,-,,NAO_ESTA_EM_NENHUM
594c53e0-006c-40c4-8ff6-8430c04e7609,Maykyol Avaroma Melgar,73505277134,5511982324607,maykyol@hotmail.com,PHARUS,Hendrick Dorner,NAO_ENCONTRADO,-,,NAO_ENCONTRADO,-,,NAO_ESTA_EM_NENHUM
df95af17-6357-4f41-9f60-f6ec5e9eba8c,Meuze Alex Vieira Santana,,5579998398829,meuze.alex@gmail.com,PHARUS,Tales Salinas Rozo,NAO_ENCONTRADO,-,,NAO_ENCONTRADO,-,,NAO_ESTA_EM_NENHUM
3eb51611-7583-456b-a8b1-881d04b83acf,Michayllon Franklin Bezerra,43672450391,5585997069234,dr.michayllon@hotmail.com,PHARUS,Tales Salinas Rozo,NAO_ENCONTRADO,-,,NAO_ENCONTRADO,-,,NAO_ESTA_EM_NENHUM
bc6cf1bc-43a4-4b03-854b-34fd5c11ae65,Mike Leandro Gulá,19946393859,5516991314988,mikelgula@gmail.com,PHARUS,Gabriel Oliveira,NAO_ENCONTRADO,-,,NAO_ENCONTRADO,-,,NAO_ESTA_EM_NENHUM
46b09471-b66e-448e-a18a-96c3576e2e92,Milena de Locco Martins,35703985870,5511988085582,mi.martins@outlook.com,PHARUS,Abner Braga,NAO_ENCONTRADO,-,,NAO_ENCONTRADO,-,,NAO_ESTA_EM_NENHUM
8a2717c9-dd64-468a-8ff6-3d9e5936ff1a,Milena de Oliveira Miranda Confortiv,47110171191,5562981131560,milenaomirandaconforti@gmail.com,PHARUS,Junior Teixeira,NAO_ENCONTRADO,-,,NAO_ENCONTRADO,-,,NAO_ESTA_EM_NENHUM
4781e8b6-d4e8-4a9a-aeb7-3f9213d9c8dc,Milena Reami Sabbadini,,5511993526710,milenasabbadini@gmail.com,PHARUS,Tales Salinas Rozo,NAO_ENCONTRADO,-,,NAO_ENCONTRADO,-,,NAO_ESTA_EM_NENHUM
e651f36a-9829-430f-a584-5a7e85339ae0,Milene Castoldi,22210532817,5513997012353,adm_jacupiranga@federalinvest.com.br,PHARUS,Willian Sobral,NAO_ENCONTRADO,-,,NAO_ENCONTRADO,-,,NAO_ESTA_EM_NENHUM
f59f7945-e353-4d03-9ad1-0f42676b4ae2,Milton Gustavo Santos Florentino,95184686720,5521994112686,gustavoakr@hotmail.com,PHARUS,Cleuber Anicesio,NAO_ENCONTRADO,-,,NAO_ENCONTRADO,-,,NAO_ESTA_EM_NENHUM
66ccb471-5286-40a8-bef1-b01f63c022e9,Milton Reinert,15813088253,5548984048453,reiwart@hotmail.com,PHARUS,Willian Oliveira Schimidt,NAO_ENCONTRADO,-,,NAO_ENCONTRADO,-,,NAO_ESTA_EM_NENHUM
389ac06a-8bf2-42ce-8b1d-bc438e8ed473,Mirella Rodrigues,21342195809,5511989928445,lellicastro@hotmail.com,PHARUS,Samuel Araújo,NAO_ENCONTRADO,-,,NAO_ENCONTRADO,-,,NAO_ESTA_EM_NENHUM
5891ebf7-8d98-407b-a738-f1a6ee1583f2,Miriam Burgese Theodoro Oliveira da Silva,,,theosilva88@proton.me,PHARUS,Carlos Serafim,NAO_ENCONTRADO,-,,NAO_ENCONTRADO,-,,NAO_ESTA_EM_NENHUM
082280a5-c059-4907-84a0-66f992020924,Miriam Patrícia Zanatta,88813126972,5548988605115,adm.patriciaz@gmail.com,PHARUS,Cleuber Anicesio,NAO_ENCONTRADO,-,,NAO_ENCONTRADO,-,,NAO_ESTA_EM_NENHUM
a23b8a86-26ec-4782-b2c0-462221cd0dda,Mirian Bento de Oliveira Sobrinho,87608014172,5562996071458,mirianbnutri@hotmail.com,PHARUS,Thiago Henrique Trova,NAO_ENCONTRADO,-,,NAO_ENCONTRADO,-,,NAO_ESTA_EM_NENHUM
20c6d869-5f0f-41d5-9e2f-f8648a8bf45c,Mirna Zandonadi Maia,,5521985789712,mzandonadim@yahoo.com.br,DAVOS,Lucas Barrientos,NAO_ENCONTRADO,-,,NAO_ENCONTRADO,-,,NAO_ESTA_EM_NENHUM
dbd5da27-46cc-4f27-bece-818de59112c9,Moisés Pasini Fernandes,82374163091,5551999337990,drmoises@icloud.com,PHARUS,Abner Braga,NAO_ENCONTRADO,-,,NAO_ENCONTRADO,-,,NAO_ESTA_EM_NENHUM
e2bcd15d-c69e-4476-9ab9-6c3f0b530f04,Monica de Luna Abrantes Loureiro,10127423770,+5592995145313,monicaedaniela@hotmail.com,PHARUS,,NAO_ENCONTRADO,-,,NAO_ENCONTRADO,-,,NAO_ESTA_EM_NENHUM
30fd47eb-af71-4911-9fa7-3529790c626b,Monica Giseli Moser,33958846866,5511981330623,veterinariamonica1@hotmail.com,PHARUS,Willian Sobral,NAO_ENCONTRADO,-,,NAO_ENCONTRADO,-,,NAO_ESTA_EM_NENHUM
41891e41-2e0a-4296-8353-3f82c532060a,Monique Barreto Galvao,81434472515,5511999662000,monique.galvao@gmail.com,PHARUS,Abner Braga,NAO_ENCONTRADO,-,,NAO_ENCONTRADO,-,,NAO_ESTA_EM_NENHUM
b36a5a64-9772-496d-96ee-162e5295ca1f,Monyca Magalhães Cruz,31877460125,11 975508420,lavynekhunyin9969@gmail.com,PHARUS,Rodrigo Lunardi,NAO_ENCONTRADO,-,,NAO_ENCONTRADO,-,,NAO_ESTA_EM_NENHUM
91efb302-5bd8-492f-a3f0-3f94175b4411,Morgana Carolina de Araújo,,5587999817075,morganacarolina@hotmail.com,PHARUS,Junior Teixeira,NAO_ENCONTRADO,-,,NAO_ENCONTRADO,-,,NAO_ESTA_EM_NENHUM
4be68953-a889-414b-9747-b7cf82aca1d0,Murilo Cesar Viante,,5542991274877,murilo@farmaisirati.com.br,PHARUS,Hendrick Dorner,NAO_ENCONTRADO,-,,NAO_ENCONTRADO,-,,NAO_ESTA_EM_NENHUM
0fe81446-804a-435f-8390-f6a32acd48ed,Murilo Franco Rocha Santos,,556481106068,industrially@hotmail.com,PHARUS,Gustavo Papeschi Mariano,NAO_ENCONTRADO,-,,NAO_ENCONTRADO,-,,NAO_ESTA_EM_NENHUM
a52247ba-527f-4e80-bdc6-920987ac0209,Murilo Schimit Gonzalez,36412390871,11945948269,MURILOGONZA@HOTMAIL.COM,DAVOS,Lucas Barrientos,NAO_ENCONTRADO,-,,NAO_ENCONTRADO,-,,NAO_ESTA_EM_NENHUM
bfe3de1a-723f-43e2-84bd-82b7dff92d5e,Murilo Vita Tamarindo,,,murilo_vt@hotmail.com,PHARUS,Carlos Serafim,NAO_ENCONTRADO,-,,NAO_ENCONTRADO,-,,NAO_ESTA_EM_NENHUM
392832e0-d3c9-4528-b795-9580c3b2279e,Myriam Paloma Mendonça Aguiar Portela,72058773268,5521975506106,paloma@portelaaguiar.com.br,PHARUS,Abner Braga,NAO_ENCONTRADO,-,,NAO_ENCONTRADO,-,,NAO_ESTA_EM_NENHUM
32724454-367a-4397-9e9e-b9616a897748,Naasom Luciano da Rocha,,5551991230770,naasomluciano@hotmail.com,PHARUS,,NAO_ENCONTRADO,-,,NAO_ENCONTRADO,-,,NAO_ESTA_EM_NENHUM
caae0fc6-460f-476f-9a37-bd4ff79da8db,Nacipe Jacob,,5532988178889,nacipe@gmail.com,PHARUS,,NAO_ENCONTRADO,-,,NAO_ENCONTRADO,-,,NAO_ESTA_EM_NENHUM
87dd00a6-e64f-4dee-bd9b-f622b5d2a815,Nadjaneyre Linhares,05539652479,5511915183939,nadjaneyre@gmail.com,PHARUS,Hendrick Dorner,NAO_ENCONTRADO,-,,NAO_ENCONTRADO,-,,NAO_ESTA_EM_NENHUM
2535b10b-c271-4f5c-be94-0719111d24c2,Naiana Roriz e Silva,,+55 11 99558-1605,naianaroriz@gmail.com,PHARUS,Willian Sobral,NAO_ENCONTRADO,-,,NAO_ENCONTRADO,-,,NAO_ESTA_EM_NENHUM
867712d2-f780-4205-978a-e1c642530083,Nairo Fischer,,5555996597670,compras.nairo@gmail.com,PHARUS,Junior Teixeira,NAO_ENCONTRADO,-,,NAO_ENCONTRADO,-,,NAO_ESTA_EM_NENHUM
cbde8a34-cec2-450c-8e38-ccd34cd8e7b8,Naldo Wiegert,,5555999643585,dr.naldowiegert@gmail.com,PHARUS,Samuel Araújo,NAO_ENCONTRADO,-,,NAO_ENCONTRADO,-,,NAO_ESTA_EM_NENHUM
eac8a9fd-f6e4-4c40-bb12-b13443a2e88a,Nanci Zeurgo,,5511995957460,nanci.zeurgo@uol.com.br,PHARUS,Junior Teixeira,NAO_ENCONTRADO,-,,NAO_ENCONTRADO,-,,NAO_ESTA_EM_NENHUM
394fbb37-8fbb-4582-999f-72d7ddb63d5f,Natália de Andrade Castelo Branco Diniz,,5565996049179,natcbdiniz@hotmail.com,PHARUS,,NAO_ENCONTRADO,-,,NAO_ENCONTRADO,-,,NAO_ESTA_EM_NENHUM
5b43a70b-f004-449f-bef2-a8d1d4b7ebce,Natalia de Matos Branco Tobal,01833859189,67 8145-4594,natalia.branco@hotmail.com,PHARUS,João Aliceda,NAO_ENCONTRADO,-,,NAO_ENCONTRADO,-,,NAO_ESTA_EM_NENHUM
2aa61ad6-ff28-4edd-803f-59644764ccf1,Natalia Honorato Coelho Silva,11265716609,5533998220859,dra.nataliahonorato@gmail.com,PHARUS,Willian Oliveira Schimidt,NAO_ENCONTRADO,-,,NAO_ENCONTRADO,-,,NAO_ESTA_EM_NENHUM
8f364188-4e36-4b88-8475-0c4c11bb60a0,Natalia Ponce,95138544420,5561993332923,nataliapleon1@gmail.com,PHARUS,Willian Sobral,NAO_ENCONTRADO,-,,NAO_ENCONTRADO,-,,NAO_ESTA_EM_NENHUM
433073c5-7856-49ec-a594-09145eeacb6d,Natan de Araujo Aragão,17172974719,5521998849533,ntaragao@gmail.com,PHARUS,João Aliceda,NAO_ENCONTRADO,-,,NAO_ENCONTRADO,-,,NAO_ESTA_EM_NENHUM
55748f1f-50b3-43e7-ab5d-9b34f81bdf79,Natassia Batista Genova Caselato,33920388810,5518997452241,nbgenova@gmail.com,DAVOS,Lucas Barrientos,NAO_ENCONTRADO,-,,NAO_ENCONTRADO,-,,NAO_ESTA_EM_NENHUM
eba2e6dc-7438-4d59-b622-8cd2b8d4360f,Nathalia Mareca,,554591353836,nathalia@assertt.com.br,DAVOS,Eduardo Peroni,NAO_ENCONTRADO,-,,NAO_ENCONTRADO,-,,NAO_ESTA_EM_NENHUM
0180d89d-ce18-4ef6-8c8b-127d8ef24d67,Nayara Holanda,,5585987999559,nayaracastelo@gmail.com,PHARUS,Tales Salinas Rozo,NAO_ENCONTRADO,-,,NAO_ENCONTRADO,-,,NAO_ESTA_EM_NENHUM
60e2f2c0-4938-4d8e-b403-b4b21b0d8fed,Neila Hagge Belloni de Medeiros,50911210210,5592981137743,neila.hagge@trt11.jus.br,PHARUS,Willian Sobral,NAO_ENCONTRADO,-,,NAO_ENCONTRADO,-,,NAO_ESTA_EM_NENHUM
12b5b101-4921-4c47-be42-54facd55f37d,Nelber Cristiano da Silva Lolli,,5527981639387,nelber.cristiano@gmail.com,PHARUS,Gabriel Oliveira,NAO_ENCONTRADO,-,,NAO_ENCONTRADO,-,,NAO_ESTA_EM_NENHUM
c642faac-635a-4516-a7bc-f585b59e8eb8,Nelbia Pricilla de Aguiar Dambroz,,5566996781635,nelbia.juara@gmail.com,PHARUS,Gabriel Oliveira,NAO_ENCONTRADO,-,,NAO_ENCONTRADO,-,,NAO_ESTA_EM_NENHUM
6c9200b2-d407-4104-8837-f4c2136b4cfa,Neli Terra dos Santos,49002708149,5584999842015,neliterra@gmail.com,PHARUS,Hendrick Dorner,NAO_ENCONTRADO,-,,NAO_ENCONTRADO,-,,NAO_ESTA_EM_NENHUM
e6a77b67-47f4-4024-a9ce-c12d9b90c782,Nelson Muradian,12625696800,5519974115444,nelson.muradian@gmail.com,PHARUS,Rodrigo Amorim,NAO_ENCONTRADO,-,,NAO_ENCONTRADO,-,,NAO_ESTA_EM_NENHUM
8459b17c-4ed2-4ee9-bc14-39511ae366ca,Nestor Silva do Amarilho,,5518997959283,nestor_amarilho@hotmail.com,PHARUS,Cleuber Anicesio,NAO_ENCONTRADO,-,,NAO_ENCONTRADO,-,,NAO_ESTA_EM_NENHUM
981bb6bc-f02f-4a04-87bd-e03f2419fd66,Newton Cristiano Palma,33236775874,5519988109434,newtoncpalma@gmail.com,PHARUS,Junior Teixeira,NAO_ENCONTRADO,-,,NAO_ENCONTRADO,-,,NAO_ESTA_EM_NENHUM
5c530258-bbb8-45a8-9fc6-7b58b3da28f9,Newton Ota,15266245832,5511970983815,ota@dutoleve.com.br,DAVOS,Lucas Barrientos,NAO_ENCONTRADO,-,,NAO_ENCONTRADO,-,,NAO_ESTA_EM_NENHUM
79ddaa35-3333-40c9-ab1b-b67d2948fac5,Nivaldo de Oliveira Coimbra,,5551992383638,nivaldocoimbra.1@gmail.com,PHARUS,Hendrick Dorner,NAO_ENCONTRADO,-,,NAO_ENCONTRADO,-,,NAO_ESTA_EM_NENHUM
ddc6d79e-061d-49bb-8b0a-8d996d0a2867,Nivea Maria Pacheco,,5547999188254,niveamp@gmail.com,PHARUS,Samuel Araújo,NAO_ENCONTRADO,-,,NAO_ENCONTRADO,-,,NAO_ESTA_EM_NENHUM
d89991ee-bb0f-4aa4-8f49-8783c28b8e62,Odair José Nardi,50814842020,5554991842507,odairnardi@yahoo.com.br,PHARUS,Hendrick Dorner,NAO_ENCONTRADO,-,,NAO_ENCONTRADO,-,,NAO_ESTA_EM_NENHUM
87ac46dd-db93-4194-a46c-38bfda785bee,Odelmo Siqueira,,5564981149543,odelmojr@oxynobre.com.br,PHARUS,Junior Teixeira,NAO_ENCONTRADO,-,,NAO_ENCONTRADO,-,,NAO_ESTA_EM_NENHUM
744d4717-38a7-4188-8c8e-5739e7f8098a,Olga Aparecida Campos Machado Silva,24997063843,5516982519199,olgaacmcampos@gmail.com,PHARUS,Cleuber Anicesio,NAO_ENCONTRADO,-,,NAO_ENCONTRADO,-,,NAO_ESTA_EM_NENHUM
a1111ac2-9036-4a8a-b259-934de11c6c34,Omar Alexandre,89722990063,5555992302615,alexandrebertholdi@gmail.com,DAVOS,Lucas Barrientos,NAO_ENCONTRADO,-,,NAO_ENCONTRADO,-,,NAO_ESTA_EM_NENHUM
d0d4b995-3441-43dd-805e-07523d4d7916,Omar Santiago Maciel,55527302672,+5533991935651,omarbkp@gmail.com,PHARUS,,NAO_ENCONTRADO,-,,NAO_ENCONTRADO,-,,NAO_ESTA_EM_NENHUM
f35fda79-8ff9-4fe8-b65d-691f1b24f6e5,Orlando Pereira do Carmo Netto,,5562999181985,doutororlandonetto@gmail.com,PHARUS,Samuel Araújo,NAO_ENCONTRADO,-,,NAO_ENCONTRADO,-,,NAO_ESTA_EM_NENHUM
679dbcf4-4c28-499f-bc38-a33bc537bb1c,Ornella Oguihara,22002491879,5511964754304,nella_oguihara@hotmail.com,PHARUS,Tales Salinas Rozo,NAO_ENCONTRADO,-,,NAO_ENCONTRADO,-,,NAO_ESTA_EM_NENHUM
8bb4a5dd-14c1-43b4-a51d-109be7483af3,Osvan de Sousa Rocha Junior,43793754120,5562996865587,osvanjunior@gmail.com,PHARUS,Tiago Junior,NAO_ENCONTRADO,-,,NAO_ENCONTRADO,-,,NAO_ESTA_EM_NENHUM
f8c7e0e3-6fa2-4038-bea4-6758a2fc3968,Otávio Augusto Silvério,01569586608,5511998589434,otavioasilverio@gmail.com,DAVOS,Eduardo Peroni,NAO_ENCONTRADO,-,,NAO_ENCONTRADO,-,,NAO_ESTA_EM_NENHUM
27877cfc-80bc-433c-87cd-dcee2e173a92,Pablo de Almeida Quesado,,5521988994008,pabloquesado@gmail.com,PHARUS,Tales Salinas Rozo,NAO_ENCONTRADO,-,,NAO_ENCONTRADO,-,,NAO_ESTA_EM_NENHUM
5deb9c59-8521-4587-94fe-0cb527302fec,Pablo dos Santos Freitas,,,pablofreitas99@hotmail.com,PHARUS,Carlos Serafim,NAO_ENCONTRADO,-,,NAO_ENCONTRADO,-,,NAO_ESTA_EM_NENHUM
1403ddb6-2583-4b64-9c7a-bf984587925a,Pablo Luiz Rosa Oliveira,,5527999377770,pablorosa@gmail.com,PHARUS,Abner Braga,NAO_ENCONTRADO,-,,NAO_ENCONTRADO,-,,NAO_ESTA_EM_NENHUM
e66e9ac4-94f7-4554-bd11-999d9dc70c79,Pablo Maziero Pozzobon,,5566996421688,pablomp@me.com,PHARUS,Gabriel Oliveira,NAO_ENCONTRADO,-,,NAO_ENCONTRADO,-,,NAO_ESTA_EM_NENHUM
21bc2a47-58a5-4b98-9fe7-3a15af1842dd,Pablo Resende Saa,29285310842,5511999699996,prsaa1979@gmail.com,PHARUS,Tiago Junior,NAO_ENCONTRADO,-,,NAO_ENCONTRADO,-,,NAO_ESTA_EM_NENHUM
487aa50a-9967-4d58-8443-c2de4bdc8093,Paola Katrina Sa Sobrinho,,5511934740272,paolakatrina@hotmail.com,PHARUS,Tales Salinas Rozo,NAO_ENCONTRADO,-,,NAO_ENCONTRADO,-,,NAO_ESTA_EM_NENHUM
50b7fb33-e574-4ff1-908b-0afda743ec2d,Paolo Bicca da Silva,69370745068,5541984034936,paolobicca@gmail.com,PHARUS,Gabriel Oliveira,NAO_ENCONTRADO,-,,NAO_ENCONTRADO,-,,NAO_ESTA_EM_NENHUM
61d6eee1-d7b1-4d7c-9950-bcf342023ce5,Paolo Henrique Cassano,,5531985918133,paolocassano702@gmail.com,PHARUS,Cleuber Anicesio,NAO_ENCONTRADO,-,,NAO_ENCONTRADO,-,,NAO_ESTA_EM_NENHUM
8064b1ed-5908-4945-9499-c455f3b12d5d,Patrícia Alves Ribeiro,08529666607,31 8233-2099,pattypatriciaribeiro7@gmail.com,PHARUS,João Aliceda,NAO_ENCONTRADO,-,,NAO_ENCONTRADO,-,,NAO_ESTA_EM_NENHUM
3a651309-79bc-4672-9af8-b58fd3a93303,Patrícia Cavalcanti Albuquerque,84437804104,5565984025347,pcalbuq@yahoo.com.br,PHARUS,Samuel Araújo,NAO_ENCONTRADO,-,,NAO_ENCONTRADO,-,,NAO_ESTA_EM_NENHUM
8a18e22c-ad3f-4589-85cc-099853b0820f,Patricia Fritsch,,5565999635705,patty_fritsch@hotmail.com,PHARUS,Willian Oliveira Schimidt,NAO_ENCONTRADO,-,,NAO_ENCONTRADO,-,,NAO_ESTA_EM_NENHUM
b35c212c-336f-4ae7-bc63-9d34fceb57fc,Patricia Gelati Motta Perera,28859298806,11981639775,patricia.gelati@uol.com.br,PHARUS,Thiago Henrique Trova,NAO_ENCONTRADO,-,,NAO_ENCONTRADO,-,,NAO_ESTA_EM_NENHUM
a5a91adf-f0a2-4408-b57e-b85330e9c7e5,Patricia Lae de Souza,28449496810,5511972054087,patricialae2@gmail.com,DAVOS,Lucas Barrientos,NAO_ENCONTRADO,-,,NAO_ENCONTRADO,-,,NAO_ESTA_EM_NENHUM
bac9b06f-4e78-493a-9609-cccfbbba23c5,Patricia Rotsztajn Lusvarghi,,5511986321220,patricia.rotsztajn@imedgroup.com.br,DAVOS,Eduardo Peroni,NAO_ENCONTRADO,-,,NAO_ENCONTRADO,-,,NAO_ESTA_EM_NENHUM
efa98686-dcca-4bef-8813-61ccfe342609,Patrícia Silveira Bandeira de Mello Campos,17760211856,5519993159513,pamoura@gmail.com,PHARUS,Gabriel Oliveira,NAO_ENCONTRADO,-,,NAO_ENCONTRADO,-,,NAO_ESTA_EM_NENHUM
9d067074-1acf-410b-82c6-6c272c637f5f,Paula Bazzo,,5511975765200,paulabazzo@yahoo.com.br,PHARUS,Junior Teixeira,NAO_ENCONTRADO,-,,NAO_ENCONTRADO,-,,NAO_ESTA_EM_NENHUM
56178ac1-4625-4743-8919-7a81660f3b2b,Paulo Arns Júnior,,5548996754325,paulinho_arns@hotmail.com,PHARUS,Hendrick Dorner,NAO_ENCONTRADO,-,,NAO_ENCONTRADO,-,,NAO_ESTA_EM_NENHUM
ec4582be-4470-4f62-a7b5-1f55d6b9fdbe,Paulo Augusto Cozar Figueiredo,31095434861,+5511973371997,gutocozar@gmail.com,DAVOS,Lucas Barrientos,ENCONTRADO_EXATO,QV_ID+CPF+EMAIL+TELEFONE,69c94c3b-bdd4-4124-824d-92b2b75faff3,NAO_ENCONTRADO,-,,ESTA_NO_ANCHOR
a92f5e25-ba9b-4618-94a1-424f2034da59,Paulo Beraldo,28204349831,5512988017337,beraldoonline@gmail.com,PHARUS,Tales Salinas Rozo,NAO_ENCONTRADO,-,,NAO_ENCONTRADO,-,,NAO_ESTA_EM_NENHUM
6c60cdca-9abc-48f8-ae86-71213bec744c,Paulo Cesar Alves da Silva,23266048814,5511958361556,pcasdroid@gmail.com,PHARUS,Rodrigo Amorim,NAO_ENCONTRADO,-,,NAO_ENCONTRADO,-,,NAO_ESTA_EM_NENHUM
bb6fada9-7437-4b52-9507-95ffad1daecf,Paulo César Junior de Alcântara,12724418735,5524999013159,pauloalcantara.financas@gmail.com,PHARUS,Tales Salinas Rozo,NAO_ENCONTRADO,-,,NAO_ENCONTRADO,-,,NAO_ESTA_EM_NENHUM
10ea5fac-c853-43f6-a0a1-877dba24e13e,Paulo Conde,,5521972183933,pjconde77@gmail.com,PHARUS,Tiago Junior,NAO_ENCONTRADO,-,,NAO_ENCONTRADO,-,,NAO_ESTA_EM_NENHUM
ec788930-544a-48e7-84e5-fdb5d200bb0b,Paulo Eduardo Kyburz,,5521964467121,pauloeduardokyburz@gmail.com,PHARUS,João Gonçalves,NAO_ENCONTRADO,-,,NAO_ENCONTRADO,-,,NAO_ESTA_EM_NENHUM
2d1070da-085f-4d46-bc69-d451dcfaab8e,Paulo Ernesto Tofano Neto,,5516988368811,petn@uol.com.br,PHARUS,Carlos Serafim,NAO_ENCONTRADO,-,,NAO_ENCONTRADO,-,,NAO_ESTA_EM_NENHUM
3ea469c1-e7db-4601-b44a-5c08ad3ee42e,Paulo Fernando Mesquita de Carvalho,75239523649,5535984278125,paulofernando@implanteperio.com.br,PHARUS,Samuel Araújo,NAO_ENCONTRADO,-,,NAO_ENCONTRADO,-,,NAO_ESTA_EM_NENHUM
f7a32b9d-41bc-4df9-b656-9edf81be20f3,Paulo Forti,99148498149,5577981272603,esteticalaseraf@gmail.com,PHARUS,Samuel Araújo,NAO_ENCONTRADO,-,,NAO_ENCONTRADO,-,,NAO_ESTA_EM_NENHUM
b0e63956-5e31-4bd8-8f04-bab876a61be0,Paulo Freitas,,5561991789178,paulobfreitas@gmail.com,PHARUS,Cleuber Anicesio,NAO_ENCONTRADO,-,,NAO_ENCONTRADO,-,,NAO_ESTA_EM_NENHUM
e3020922-6a7d-4d22-838d-d538d1c9f144,Paulo Generino da Silva,14962446487,5561981129872,pgenerino@gmail.com,PHARUS,Junior Teixeira,NAO_ENCONTRADO,-,,NAO_ENCONTRADO,-,,NAO_ESTA_EM_NENHUM
33266903-eb3c-4565-9938-358d96cd08b3,Paulo Gomes,31865994820,5511974938878,paulosagil@gmail.com,PHARUS,Cleuber Anicesio,NAO_ENCONTRADO,-,,NAO_ENCONTRADO,-,,NAO_ESTA_EM_NENHUM
6a86ac18-4b5f-4902-beee-74311b52e4ef,Paulo Henrique dos Santos Macedo,,5563984507125,phmacedo299@gmail.com,PHARUS,Rodrigo Lunardi,NAO_ENCONTRADO,-,,NAO_ENCONTRADO,-,,NAO_ESTA_EM_NENHUM
6b90b47d-6c49-4fdd-b10b-f3824ca49f37,Paulo Henrique Farias Lobo,,5541985043112,phflobo@yahoo.com.br,PHARUS,Willian Sobral,NAO_ENCONTRADO,-,,NAO_ENCONTRADO,-,,NAO_ESTA_EM_NENHUM
c3bd5238-9926-456e-9cf1-85278a963c14,Paulo Magno Amorim Sanches,,5567998008545,contato@paulomagno.com.br,PHARUS,Carlos Serafim,NAO_ENCONTRADO,-,,NAO_ENCONTRADO,-,,NAO_ESTA_EM_NENHUM
6dd4ff8d-9c22-4fb8-bfdc-89250a19a206,Paulo Martins Leite,12558180851,5511999001041,pauloleite@advarsl.com.br,PHARUS,Gabriel Oliveira,NAO_ENCONTRADO,-,,NAO_ENCONTRADO,-,,NAO_ESTA_EM_NENHUM
1d6bccfe-2eb7-4c50-9d33-18a8f1eb1254,Paulo Ramos,11907804889,5511996867977,paulo.ramos3008@gmail.com,PHARUS,Junior Teixeira,NAO_ENCONTRADO,-,,NAO_ENCONTRADO,-,,NAO_ESTA_EM_NENHUM
93975bac-63cd-4335-a5bf-cef955a56363,Paulo Ricardo Mafra,,5565999001466,pauloricardomsl@hotmail.com,PHARUS,Tales Salinas Rozo,NAO_ENCONTRADO,-,,NAO_ENCONTRADO,-,,NAO_ESTA_EM_NENHUM
e1a21b8d-8f7d-4a5b-b665-3822a3701c9b,Paulo Roberto de Morais,01956723137,+5562984971430,paulorobertoevoque@gmail.com,PHARUS,,NAO_ENCONTRADO,-,,NAO_ENCONTRADO,-,,NAO_ESTA_EM_NENHUM
7c228e5c-b4fd-41ad-8a40-09ac98a601af,Paulo Roberto dos Anjos Cabral,33999524812,5511971980448,pauloracabral@gmail.com,PHARUS,Samuel Araújo,NAO_ENCONTRADO,-,,NAO_ENCONTRADO,-,,NAO_ESTA_EM_NENHUM
ba2e8b66-9a40-4281-aa23-508b333154e6,Paulo Roberto Simões de Francisco,,5519981773000,paulorsimoesf@gmail.com,DAVOS,Lucas Barrientos,NAO_ENCONTRADO,-,,NAO_ENCONTRADO,-,,NAO_ESTA_EM_NENHUM
cde597cb-065a-4176-9d42-76cbcb328f67,Paulo Seixas,32759945812,5511999528263,,DAVOS,Lucas Barrientos,NAO_ENCONTRADO,-,,NAO_ENCONTRADO,-,,NAO_ESTA_EM_NENHUM
f0700fed-bebc-4807-acf8-53347ab352dc,Paulo Sergio Galdeano,,5511996950060,psgaldeano@hotmail.com,PHARUS,Hendrick Dorner,NAO_ENCONTRADO,-,,NAO_ENCONTRADO,-,,NAO_ESTA_EM_NENHUM
faf41f57-5b76-44bb-89f5-5eed4c06a194,Pedro Alexandre Kuhn,92505511004,5551999718118,pkuhn@trt4.jus.br,PHARUS,Cleuber Anicesio,NAO_ENCONTRADO,-,,NAO_ENCONTRADO,-,,NAO_ESTA_EM_NENHUM
f765f05c-0de8-4bba-84be-10c4091f6204,Pedro Augusto Pereira do Amaral,31889330884,5567981649293,pedroamaral.hspe@gmail.com,PHARUS,Willian Sobral,NAO_ENCONTRADO,-,,NAO_ENCONTRADO,-,,NAO_ESTA_EM_NENHUM
cc117fb1-b272-4715-883f-afac4184aed5,Pedro Crocamo,13747210775,5521998613960,crocamo.pedro@gmail.com,PHARUS,Thiago Henrique Trova,NAO_ENCONTRADO,-,,NAO_ENCONTRADO,-,,NAO_ESTA_EM_NENHUM
2c112ed1-5a28-4c8c-94e6-264c10d6ba59,Pedro de Azeredo Gameiro Alvares Calvet,,5521967444434,pedrocalvet@gmail.com,PHARUS,Tales Salinas Rozo,NAO_ENCONTRADO,-,,NAO_ENCONTRADO,-,,NAO_ESTA_EM_NENHUM
ac027f4b-1f54-4b7a-9b01-8dfeab15019d,Pedro Egydio Bestle Vieira D Almeida,31087082870,5511999674828,pedrodelfigo@gmail.com,PHARUS,Hendrick Dorner,NAO_ENCONTRADO,-,,NAO_ENCONTRADO,-,,NAO_ESTA_EM_NENHUM
0c518e36-8390-407e-bdd6-819e8c397b0c,Pedro Henrique Cruz Sousa,,5551998842711,pedrohenrique.csousa@gmail.com,PHARUS,Hendrick Dorner,NAO_ENCONTRADO,-,,NAO_ENCONTRADO,-,,NAO_ESTA_EM_NENHUM
76858571-5e0f-455d-a0af-813e9db64471,Pedro Henrique Quintão de Sá Soares,11237238692,21997015843,phquintao8@gmail.com,PHARUS,Willian Oliveira Schimidt,ENCONTRADO_EXATO,QV_ID+CPF+EMAIL+TELEFONE,8a0bedbf-c495-48ac-aa92-5c5c729933dd,NAO_ENCONTRADO,-,,ESTA_NO_ANCHOR
da52b1c0-4c99-4658-9333-c9b9ad79d638,Pedro Junqueira Carvalho,,5531991775565,tijunca@yahoo.com.br,PHARUS,Abner Braga,NAO_ENCONTRADO,-,,NAO_ENCONTRADO,-,,NAO_ESTA_EM_NENHUM
08b72a12-8b21-4e55-9448-8948fd0e5b84,Pedro Kanan,98676989087,5548991901611,,DAVOS,Daniel Fentanes,NAO_ENCONTRADO,-,,NAO_ENCONTRADO,-,,NAO_ESTA_EM_NENHUM
54e2ca85-d9b8-4b05-9ada-656e46b3b5e2,Pedro Lucas Pereira Matos,,5562984942464,pedrooxperia@gmail.com,PHARUS,Rodrigo Lunardi,NAO_ENCONTRADO,-,,NAO_ENCONTRADO,-,,NAO_ESTA_EM_NENHUM
cb61b121-8625-4a06-98b9-f908e7cb8539,Pedro Moura Silva Ramos,38721398860,5511994207013,pedro@integralmidia.com.br,DAVOS,Lucas Barrientos,NAO_ENCONTRADO,-,,NAO_ENCONTRADO,-,,NAO_ESTA_EM_NENHUM
31fecbda-f94a-4b16-b102-3e3724f79fd1,Pedro Rafael Carvalho de Lima,,+55 19 98171-8616,Pedrorcl@gmail.com,PHARUS,Willian Sobral,NAO_ENCONTRADO,-,,NAO_ENCONTRADO,-,,NAO_ESTA_EM_NENHUM
b96eccdb-6d58-452e-bfaf-60040813f324,Pedro Sarubo Júnior,31788752805,5598991641145,pedrosarubo82@gmail.com,PHARUS,Cleuber Anicesio,NAO_ENCONTRADO,-,,NAO_ENCONTRADO,-,,NAO_ESTA_EM_NENHUM
4304eb2c-d90b-4e3d-a550-58ede748250a,Pedro Seixas Trani,32759945812,5511982804851,djtrani@gmail.com,DAVOS,Lucas Barrientos,NAO_ENCONTRADO,-,,NAO_ENCONTRADO,-,,NAO_ESTA_EM_NENHUM
1e311f99-a249-4e34-93bd-af0b9fac53de,Pedro Sesar Junior,87693658220,5593991994147,pedrojunior_2@msn.com,PHARUS,Thiago Freire,NAO_ENCONTRADO,-,,NAO_ENCONTRADO,-,,NAO_ESTA_EM_NENHUM
f75fe9af-f05f-4cf2-af74-b284cc82f763,Persio Bianchini Mariani,14117555880,5511991291040,persiobm@uol.com.br,PHARUS,Tales Salinas Rozo,NAO_ENCONTRADO,-,,NAO_ENCONTRADO,-,,NAO_ESTA_EM_NENHUM
c69b3a19-ad75-4384-99c9-870d7886fb28,Philipe Augusto Silveira,08106166619,5534999561186,psilv86@gmail.com,PHARUS,Tales Salinas Rozo,NAO_ENCONTRADO,-,,NAO_ENCONTRADO,-,,NAO_ESTA_EM_NENHUM
fcb950a3-4069-4802-a82d-d4b6529580b8,Plinio Abreu de Carvalho,,5531995931637,pliniolavizoo@gmail.com,PHARUS,Tales Salinas Rozo,NAO_ENCONTRADO,-,,NAO_ENCONTRADO,-,,NAO_ESTA_EM_NENHUM
c9397a84-9b13-4b5e-998c-154cd4bbf40a,Plínio Marinho de Carvalho,96364602304,5598988476982,pliniocarvalho@outlook.com,PHARUS,Samuel Araújo,NAO_ENCONTRADO,-,,NAO_ENCONTRADO,-,,NAO_ESTA_EM_NENHUM
6c51da33-d342-4a05-b607-fab5493c7c80,Pollyana Cristina,17217623880,5534999088090,pollyana.valize@gmail.com,PHARUS,Tales Salinas Rozo,NAO_ENCONTRADO,-,,NAO_ENCONTRADO,-,,NAO_ESTA_EM_NENHUM
0840c6ed-f24d-47bb-9103-64ad4ce503a8,Priscila Albuquerque Nasser,28118198863,5511964470525,priscilanasser@hotmail.com,DAVOS,Lucas Barrientos,NAO_ENCONTRADO,-,,NAO_ENCONTRADO,-,,NAO_ESTA_EM_NENHUM
0bc3a397-87db-4a0c-b74d-82dbea88d76f,Priscila Nunes de Oliveira,30461078899,5511982453505,priscila@projectplan.com.br,PHARUS,Andrieli Campesato,NAO_ENCONTRADO,-,,NAO_ENCONTRADO,-,,NAO_ESTA_EM_NENHUM
010cf9d5-fdcd-4526-9e54-c056ad0cdcc3,Priscila Teixeira Caporal,,,priscilacaporal@gmail.com,PHARUS,Carlos Serafim,NAO_ENCONTRADO,-,,NAO_ENCONTRADO,-,,NAO_ESTA_EM_NENHUM
ca0f8d3d-bef2-4dd6-a381-436bc078d376,Priscilla Barbuto Botelho Teixeira,,5532988822713,priscillabbt3@gmail.com,PHARUS,Hendrick Dorner,NAO_ENCONTRADO,-,,NAO_ENCONTRADO,-,,NAO_ESTA_EM_NENHUM
6fcf3940-6f9d-4e9b-828f-50fd22d33dc2,Priscilla Bilecki de Freitas,,5516992407500,priscillabilecki@gmail.com,PHARUS,Samuel Araújo,NAO_ENCONTRADO,-,,NAO_ENCONTRADO,-,,NAO_ESTA_EM_NENHUM
44f0dc93-e065-4e19-8faf-9293569fbdbd,Públio Osler de Almeida,,5561999815401,publio.almeida@gmail.com,PHARUS,Junior Teixeira,NAO_ENCONTRADO,-,,NAO_ENCONTRADO,-,,NAO_ESTA_EM_NENHUM
8a26cd3d-399b-4280-af7e-37d99c4a3824,Rachel Santos de Andrade das Chagas,78958857234,5596981331514,drarachelhof@gmail.com,PHARUS,Samuel Araújo,NAO_ENCONTRADO,-,,NAO_ENCONTRADO,-,,NAO_ESTA_EM_NENHUM
5889da23-ad57-43dd-a46e-0a51d688cc91,Rafael Almeida de Araujo,,5544998775147,rafael.araujop1@gmail.com,PHARUS,Willian Sobral,NAO_ENCONTRADO,-,,NAO_ENCONTRADO,-,,NAO_ESTA_EM_NENHUM
058a4277-60d9-4c79-b51c-3b06beeb504a,Rafael Baima de Melo Lima,34496462818,5511972069433,rabaima@hotmail.com,PHARUS,Tales Salinas Rozo,NAO_ENCONTRADO,-,,NAO_ENCONTRADO,-,,NAO_ESTA_EM_NENHUM
cac0fa40-8516-483b-a658-59c4305251f8,Rafael Bastos Pecoraro,36964962867,5511999924425,rafaelbastospecoraro@hotmail.com,PHARUS,Carlos Serafim,NAO_ENCONTRADO,-,,NAO_ENCONTRADO,-,,NAO_ESTA_EM_NENHUM
804f834b-2a55-4173-bb2a-d1cce60e5fed,Rafael Bonato,,5519992786958,mbdiretor@gmail.com,PHARUS,,NAO_ENCONTRADO,-,,NAO_ENCONTRADO,-,,NAO_ESTA_EM_NENHUM
07fd6967-9a94-433c-a172-53577bd97830,Rafael Braga Pimenta,,44991044453,rafapimenta@hotmail.com,PHARUS,Rodrigo Lunardi,NAO_ENCONTRADO,-,,NAO_ENCONTRADO,-,,NAO_ESTA_EM_NENHUM
c22e3b6e-5640-4810-ba0d-dfb270cdbeb3,Rafael Bruno Carneiro Nascimento,,+55 86 9929-1727,engrafaelbrunocn@gmail.com,PHARUS,Ana Ávalos,NAO_ENCONTRADO,-,,NAO_ENCONTRADO,-,,NAO_ESTA_EM_NENHUM
ff520ed6-cc29-4d3a-80fb-9110d44af7ad,Rafael Cândido,,5543984331469,rafa-candido@hotmail.com,PHARUS,André Rockenbach,NAO_ENCONTRADO,-,,NAO_ENCONTRADO,-,,NAO_ESTA_EM_NENHUM
8698975b-40f2-4ba1-a034-ab201306e4e4,Rafael de Montier Pompeu Barroso,97926442372,5585999560045,rafaeldemontier@hotmail.com,PHARUS,João Aliceda,NAO_ENCONTRADO,-,,NAO_ENCONTRADO,-,,NAO_ESTA_EM_NENHUM
6c941749-b1f8-49e0-8065-76ae24897b5e,Rafael de Oliveira,,5511941141201,rafael_88_oliveira@hotmail.com,DAVOS,Eduardo Peroni,NAO_ENCONTRADO,-,,NAO_ENCONTRADO,-,,NAO_ESTA_EM_NENHUM
42a6f0b6-5047-4042-990d-822db7db7bb0,Rafael de Oliveira Carmo,34720860842,5511996078983,rafaeloliveira0192@gmail.com,PHARUS,Hendrick Dorner,NAO_ENCONTRADO,-,,NAO_ENCONTRADO,-,,NAO_ESTA_EM_NENHUM
2341447f-cfcc-4f28-8b0c-3fb5403f32e7,Rafael Ferraz e Silva,26684400842,5512997204100,rafaelferraz@me.com,PHARUS,Tiago Junior,NAO_ENCONTRADO,-,,NAO_ENCONTRADO,-,,NAO_ESTA_EM_NENHUM
1c424012-a3f3-40c9-a88a-2c8d4aaa4bb1,Rafael Ferreira Vianna,,554188462077,del.rvianna@gmail.com,PHARUS,Willian Sobral,NAO_ENCONTRADO,-,,NAO_ENCONTRADO,-,,NAO_ESTA_EM_NENHUM
7ffce77c-eeb7-4ad3-b43c-4c357dad0103,Rafael Fontana Kohle,,5519981815356,rafaelkohle@hotmail.com,PHARUS,Gabriel Oliveira,NAO_ENCONTRADO,-,,NAO_ENCONTRADO,-,,NAO_ESTA_EM_NENHUM
308457a2-b3ce-4cea-9126-d7d9bba99284,Rafael Francisco Pereira,34064291816,5511996215391,rafausjt@gmail.com,PHARUS,Junior Teixeira,NAO_ENCONTRADO,-,,NAO_ENCONTRADO,-,,NAO_ESTA_EM_NENHUM
92e0a6c9-6d73-4af5-80c8-58e09c7fc3dc,Rafael Furquim Siqueira,28467793848,5511972249090,rafafs@hotmail.com,PHARUS,Hendrick Dorner,NAO_ENCONTRADO,-,,NAO_ENCONTRADO,-,,NAO_ESTA_EM_NENHUM
4cb443b1-5f82-4060-85de-af7b336e476f,Rafael Gomes da Silva,,5571999071272,,PHARUS,Samuel Araújo,NAO_ENCONTRADO,-,,NAO_ENCONTRADO,-,,NAO_ESTA_EM_NENHUM
169df5e9-52dc-4a61-8226-dc8accb152c9,Rafael Govari,,5566999883611,rafaelgovari@gmail.com,PHARUS,Abner Braga,NAO_ENCONTRADO,-,,NAO_ENCONTRADO,-,,NAO_ESTA_EM_NENHUM
1f2792a1-e589-4d4c-8c26-191877ab01a5,Rafael Gustavo Gomide Alcantara,,553299506112,rafaelgustavoga@gmail.com,DAVOS,Lucas Barrientos,NAO_ENCONTRADO,-,,NAO_ENCONTRADO,-,,NAO_ESTA_EM_NENHUM
7b6a4f78-3526-4723-b786-d92a4805c377,Rafael Jaques,89437187053,5551981517505,rjaques75@yahoo.com.br,PHARUS,Hendrick Dorner,NAO_ENCONTRADO,-,,NAO_ENCONTRADO,-,,NAO_ESTA_EM_NENHUM
33929e88-a2ff-4dfb-99e1-6459fd3b3120,Rafael Martorano de Santis,37776237841,16 981111011,rafaelmsantis@hotmail.com,PHARUS,Rodrigo Lunardi,NAO_ENCONTRADO,-,,NAO_ENCONTRADO,-,,NAO_ESTA_EM_NENHUM
22667b05-c949-41f9-960f-cafa0c8ca3ef,Rafael Matias,42788810881,5513997255873,rafamatias1497@outlook.com,PHARUS,Tales Salinas Rozo,NAO_ENCONTRADO,-,,NAO_ENCONTRADO,-,,NAO_ESTA_EM_NENHUM
bf40f788-7fad-45cd-8185-d74221bb8e00,Rafael Mello de Lima Martins,69137706187,5564999718320,rafamlm@hotmail.com,PHARUS,Rodrigo Lunardi,NAO_ENCONTRADO,-,,NAO_ENCONTRADO,-,,NAO_ESTA_EM_NENHUM
aedb44be-adf6-468a-9eb5-4ba8c03d766f,Rafael Mozer Ribeiro,,5533984440650,rmozerr@yahoo.com.br,PHARUS,André Rockenbach,NAO_ENCONTRADO,-,,NAO_ENCONTRADO,-,,NAO_ESTA_EM_NENHUM
2c9a7f2f-67e8-4578-92e0-0576c7cae4a7,Rafael Santa Cruz Cad,,5561992157900,rafacad@gmail.com,PHARUS,Cleuber Anicesio,NAO_ENCONTRADO,-,,NAO_ENCONTRADO,-,,NAO_ESTA_EM_NENHUM
68cbed10-e6ac-42ad-91f9-b360a29f0c44,Rafael Saraiva Nery,,5531998254253,rafaelsnery@gmail.com,PHARUS,Gabriel Oliveira,NAO_ENCONTRADO,-,,NAO_ENCONTRADO,-,,NAO_ESTA_EM_NENHUM
fa371c59-b863-4ca0-adf9-95be6f2a5b2e,Rafael Tadeu Gonçalves,41135349851,5511976542654,rafaeltg5@gmail.com,PHARUS,Hendrick Dorner,NAO_ENCONTRADO,-,,NAO_ENCONTRADO,-,,NAO_ESTA_EM_NENHUM
5ccf67ac-b373-4608-86dc-284689720f0c,Rafael Vicentini de Queiroz,35240817898,5517997614963,rafaelvdeq@gmail.com,PHARUS,Willian Sobral,NAO_ENCONTRADO,-,,NAO_ENCONTRADO,-,,NAO_ESTA_EM_NENHUM
f70042c6-e8c0-4614-8dc1-954f6257a048,Rafaella Cassaro,,5548988384334,rafaella.cassaro@gmail.com,PHARUS,,NAO_ENCONTRADO,-,,NAO_ENCONTRADO,-,,NAO_ESTA_EM_NENHUM
537c1fcf-ab92-4f33-99fd-4bfb204d37d1,Ralph Caires Rudolph,95145621191,5521981080450,ralph_crudolph@yahoo.com.br,PHARUS,Willian Oliveira Schimidt,NAO_ENCONTRADO,-,,NAO_ENCONTRADO,-,,NAO_ESTA_EM_NENHUM
5efb7a6f-5664-4b50-b461-c7a5c6149bbb,Ramon Luiz Canthé Vidinhas Valim,11929038704,5521988923633,ramonvalim03@gmail.com,DAVOS,Julio Cienkonog,NAO_ENCONTRADO,-,,NAO_ENCONTRADO,-,,NAO_ESTA_EM_NENHUM
e11b0fc5-5166-402f-80dd-cae60b568e3f,Ramon Rodrigues Marins,,5521998775830,ramonrmarins@gmail.com,PHARUS,Tales Salinas Rozo,NAO_ENCONTRADO,-,,NAO_ENCONTRADO,-,,NAO_ESTA_EM_NENHUM
09b6a10f-7786-4870-a729-481a24688186,Ranniere Gurgel Furtado de Aquino,,558599730828,rannieregurgel@hotmail.com,PHARUS,Junior Teixeira,NAO_ENCONTRADO,-,,NAO_ENCONTRADO,-,,NAO_ESTA_EM_NENHUM
9013fd23-affc-4888-a378-9e0f3187c25e,Raphael Ferreira Minato,04238987950,5543991412996,raphaminato@gmail.com,DAVOS,Eduardo Peroni,NAO_ENCONTRADO,-,,NAO_ENCONTRADO,-,,NAO_ESTA_EM_NENHUM
ee25e0e0-30b5-41cf-a395-9f723cfd71fb,Raphael Lahr Vasconcellos Sampaio,,554799701100,rapha.lahr@gmail.com,PHARUS,Willian Sobral,NAO_ENCONTRADO,-,,NAO_ENCONTRADO,-,,NAO_ESTA_EM_NENHUM
0ed75bd5-e253-47ab-8d46-f5adea1e0472,Raphael Vinicius Gonzaga Vieira,44568008875,5511982121019,reopgonzaga@gmail.com,PHARUS,Tales Salinas Rozo,NAO_ENCONTRADO,-,,NAO_ENCONTRADO,-,,NAO_ESTA_EM_NENHUM
7acc344a-c925-4fb1-bb8c-56e32ccf18ba,Raquel Lino Miranda de Oliveira,,5532984173082,raquellino@gmail.com,PHARUS,Cleuber Anicesio,NAO_ENCONTRADO,-,,NAO_ENCONTRADO,-,,NAO_ESTA_EM_NENHUM
c17e12fb-e9b6-4140-8b1b-eef553fec9b1,Raul Alberto Valiente,,+55 11 99722-4323,rvaliente@uol.com.br,PHARUS,Willian Sobral,NAO_ENCONTRADO,-,,NAO_ENCONTRADO,-,,NAO_ESTA_EM_NENHUM
2f5f715f-4d29-4255-b0bf-5a10d7936b99,Rayane de Menezes Rocha,,5593991130820,drarayanerocha@hotmail.com,PHARUS,André Rockenbach,NAO_ENCONTRADO,-,,NAO_ENCONTRADO,-,,NAO_ESTA_EM_NENHUM
4cbe5f2b-2f58-47ab-a5cb-2fa4b6fb3031,Raymundo do Espirito Santo Pedreira,,5563984400401,netopedreira@hotmail.com,PHARUS,Tales Salinas Rozo,NAO_ENCONTRADO,-,,NAO_ENCONTRADO,-,,NAO_ESTA_EM_NENHUM
83b91e28-8e98-4d0f-99db-183808f35de5,Raynier Silva Nascimento,14569700705,5527999455692,rayniersn@gmail.com,PHARUS,Junior Teixeira,NAO_ENCONTRADO,-,,NAO_ENCONTRADO,-,,NAO_ESTA_EM_NENHUM
cbff2c6b-5a3f-435b-822c-cd3e7a0d249a,Regina Cunha,,5599991225664,regina.cunha@gmail.com,PHARUS,Samuel Araújo,NAO_ENCONTRADO,-,,NAO_ENCONTRADO,-,,NAO_ESTA_EM_NENHUM
3a8ba8f7-b417-4b43-8e47-ed4237c9467f,Regina de Lima Cavalcante,69671478115,5561984267418,reginacavalcante@hotmail.com,PHARUS,Cleuber Anicesio,NAO_ENCONTRADO,-,,NAO_ENCONTRADO,-,,NAO_ESTA_EM_NENHUM
020a676a-8c38-42e8-ae1e-7fe38bfa4edb,Reginaldo Ferreira da Silva,12621094856,5513991024848,reginaldofer@uol.com.br,PHARUS,Junior Teixeira,NAO_ENCONTRADO,-,,NAO_ENCONTRADO,-,,NAO_ESTA_EM_NENHUM
f41c56eb-caba-44cf-b330-74997584c613,Reginaldo Passero,22328339840,5511999930479,rj_passero@hotmail.com,PHARUS,Tales Salinas Rozo,NAO_ENCONTRADO,-,,NAO_ENCONTRADO,-,,NAO_ESTA_EM_NENHUM
5287c7d9-ad29-4fcc-b02d-3ce3a85674e6,Reinaldo Rosemberg de Carvalho,03033294677,31 995088784,reinaldo.ed@gmail.com,PHARUS,Rodrigo Lunardi,NAO_ENCONTRADO,-,,NAO_ENCONTRADO,-,,NAO_ESTA_EM_NENHUM
4e50fbca-d112-4650-8a66-c76588190103,Remerson G Souza,,5531999118889,remerson@damatatransportes.com.br,PHARUS,Junior Teixeira,NAO_ENCONTRADO,-,,NAO_ENCONTRADO,-,,NAO_ESTA_EM_NENHUM
b45fac9e-4f7f-42b4-9a05-ba8e233be461,Renan Gandolfo Henschel,39055059838,5511941415727,renan.gh@hotmail.com,DAVOS,Eduardo Peroni,NAO_ENCONTRADO,-,,NAO_ENCONTRADO,-,,NAO_ESTA_EM_NENHUM
77f3e313-9c6e-492e-890d-0af38419eb36,Renan Vinicius Pinheiro,,5535997467484,drrenanpinheiro@yahoo.com.br,PHARUS,André Rockenbach,NAO_ENCONTRADO,-,,NAO_ENCONTRADO,-,,NAO_ESTA_EM_NENHUM
e2ebb388-bc1a-4480-8df2-5dfa32cdb5a6,Renata Cristina Chagas Meier,21885706855,5511981613031,renatameier@hotmail.com,PHARUS,Abner Braga,NAO_ENCONTRADO,-,,NAO_ENCONTRADO,-,,NAO_ESTA_EM_NENHUM
29bfaf93-bb0f-4aa4-b35a-3d520a7a9e5d,Renata da Silva Donega Cunha,15974293843,5516992010701,renata.donega@hotmail.com,PHARUS,Samuel Araújo,NAO_ENCONTRADO,-,,NAO_ENCONTRADO,-,,NAO_ESTA_EM_NENHUM
cc55b8ff-66e2-461c-9a25-a0de0db27fdb,Renata de Rezende Macedo,66636469153,5561999638235,renacedo@gmail.com,PHARUS,Gabriel Oliveira,NAO_ENCONTRADO,-,,NAO_ENCONTRADO,-,,NAO_ESTA_EM_NENHUM
c23f9f65-0e27-466c-8996-5bf7552aed68,Renata Faria Silva,70646279149,5561982329100,r.fariamed@gmail.com,PHARUS,Tales Salinas Rozo,NAO_ENCONTRADO,-,,NAO_ENCONTRADO,-,,NAO_ESTA_EM_NENHUM
968d5786-cfd6-4664-afda-b1e287f38934,Renata Iversen,24687319807,12997865128,reiversen@hotmail.com,DAVOS,Eduardo Peroni,NAO_ENCONTRADO,-,,NAO_ENCONTRADO,-,,NAO_ESTA_EM_NENHUM
813c8fa6-d73e-4084-888d-ba1db6e6d69a,Renata Laviola Carreiro,91277728704,5561991421250,renatalaviola@gmail.com,PHARUS,Tiago Junior,NAO_ENCONTRADO,-,,NAO_ENCONTRADO,-,,NAO_ESTA_EM_NENHUM
b914c46a-f4a2-4c68-8e99-f01d8f6dfb84,Renata Livi Ramos,,5551994119516,rereramoszen@gmail.com,PHARUS,Willian Sobral,NAO_ENCONTRADO,-,,NAO_ENCONTRADO,-,,NAO_ESTA_EM_NENHUM
066b96ef-1fdb-4a68-b5b5-18ee9be4f1f2,Renata Luciana de Campos Raymundo,12928246894,5584994267705,reluray04@gmail.com,PHARUS,Cleuber Anicesio,NAO_ENCONTRADO,-,,NAO_ENCONTRADO,-,,NAO_ESTA_EM_NENHUM
0e65c03c-001b-463d-b8b3-a3b43fd6e119,Renata Martins Alonso,28714009897,5511998294900,renalonso@gmail.com,PHARUS,Abner Braga,NAO_ENCONTRADO,-,,NAO_ENCONTRADO,-,,NAO_ESTA_EM_NENHUM
d7a4c13f-9aab-413b-86b0-a2189335a5a2,Renata Mendes Segat da Silva,,5562992412096,renatamendessegato@hotmail.com,PHARUS,Cleuber Anicesio,NAO_ENCONTRADO,-,,NAO_ENCONTRADO,-,,NAO_ESTA_EM_NENHUM
e8cd9d73-3228-41c8-b276-332592423192,Renata Mesquita da Silva Santos,,5522999478119,renatames@gmail.com,PHARUS,Tales Salinas Rozo,NAO_ENCONTRADO,-,,NAO_ENCONTRADO,-,,NAO_ESTA_EM_NENHUM
e3059cbb-0e16-4d96-9460-b93215d21027,Renata Pigliasco Ferreira Branco de Souza,,,renatapigliasco@yahoo.com.br,PHARUS,Carlos Serafim,NAO_ENCONTRADO,-,,NAO_ENCONTRADO,-,,NAO_ESTA_EM_NENHUM
e0096a7a-dd37-4092-8c20-5007788ef7e0,Renata Pires Machado,,5524999405523,re_pyres@hotmail.com,PHARUS,Tales Salinas Rozo,NAO_ENCONTRADO,-,,NAO_ENCONTRADO,-,,NAO_ESTA_EM_NENHUM
d0408388-cbe8-44a9-be40-1b95f9579cde,Renata Resende Lima Castro e Barbosa,,5531987083695,renatalimacastroebarbosa@gmail.com,PHARUS,,NAO_ENCONTRADO,-,,NAO_ENCONTRADO,-,,NAO_ESTA_EM_NENHUM
34be55f5-6f5c-44d9-a8b2-7c7b301f4ae5,Renata Vidal Martinelli,,5521985789712,renvm@hotmail.com,PHARUS,Tales Salinas Rozo,NAO_ENCONTRADO,-,,NAO_ENCONTRADO,-,,NAO_ESTA_EM_NENHUM
3e7b7a88-3941-4758-87b7-87df9b69cfd9,Renato Augusto Soares Oliveira de Alcantara,10355678497,083 981607795,renatoasoalcantara@gmail.com,PHARUS,Rodrigo Lunardi,NAO_ENCONTRADO,-,,NAO_ENCONTRADO,-,,NAO_ESTA_EM_NENHUM
e097f254-4197-4a13-93f8-ed698c5ff64d,Renato Boechat,,5531988046722,atoboechat@yahoo.com.br,PHARUS,,NAO_ENCONTRADO,-,,NAO_ENCONTRADO,-,,NAO_ESTA_EM_NENHUM
f8ebc765-f3a5-46e5-ac68-72fdfc2c3d4d,Renato Joia,,553599845007,joiarenato@gmail.com,DAVOS,Eduardo Peroni,NAO_ENCONTRADO,-,,NAO_ENCONTRADO,-,,NAO_ESTA_EM_NENHUM
97cf1929-c118-433d-b471-26230e5ccd25,Renato Marino,28571492808,5511992741115,renatomarinocoach@gmail.com,PHARUS,Hendrick Dorner,NAO_ENCONTRADO,-,,NAO_ENCONTRADO,-,,NAO_ESTA_EM_NENHUM
cd9f7f58-9d1c-4261-a414-e789ac21e73c,Renato Mello de Moraes,10409852708,5521981363700,renato.mello.moraes@gmail.com,PHARUS,Tales Salinas Rozo,NAO_ENCONTRADO,-,,NAO_ENCONTRADO,-,,NAO_ESTA_EM_NENHUM
0d752b29-2810-456f-a5ad-431e4fc1a1f8,Renato Mimoto de Brito,30209565870,5511995488971,rmimoto@gmail.com,PHARUS,Carlos Serafim,NAO_ENCONTRADO,-,,NAO_ENCONTRADO,-,,NAO_ESTA_EM_NENHUM
c94d892f-2b7d-45ea-aa7e-03c2d02e9c40,Renato Oberg,,5521996289169,,DAVOS,Lucas Barrientos,NAO_ENCONTRADO,-,,NAO_ENCONTRADO,-,,NAO_ESTA_EM_NENHUM
710ce336-0347-4a3b-9893-12ffb9cbc1c9,Renato Pei An Chan,27040015889,5511982788000,chan.renato@gmail.com,PHARUS,Willian Sobral,NAO_ENCONTRADO,-,,NAO_ENCONTRADO,-,,NAO_ESTA_EM_NENHUM
481ce679-a7e8-43db-862f-c5df92ad25ba,Renato Ponte Portela Aguiar,,5585999010614,renatoponteportela@gmail.com,PHARUS,Abner Braga,NAO_ENCONTRADO,-,,NAO_ENCONTRADO,-,,NAO_ESTA_EM_NENHUM
51e1e8a3-8bfb-4656-b450-9b9de52dc4ad,Renato Ribeiro Diogo,,,rrdiogo@icloud.com,PHARUS,Carlos Serafim,NAO_ENCONTRADO,-,,NAO_ENCONTRADO,-,,NAO_ESTA_EM_NENHUM
b0f85407-7169-4b3e-b3dd-28d2f0bcff7a,Renato Serafim Francisco Junior,,5521981356723,renatoserafimjr@gmail.com,PHARUS,Cleuber Anicesio,NAO_ENCONTRADO,-,,NAO_ENCONTRADO,-,,NAO_ESTA_EM_NENHUM
eb7e2e78-0d4d-47be-985f-1c4aa3a27f12,Renato Sivieri,63019957672,5534999600010,rsivieri@terra.com.br,PHARUS,Tales Salinas Rozo,NAO_ENCONTRADO,-,,NAO_ENCONTRADO,-,,NAO_ESTA_EM_NENHUM
d755d86f-217d-4bc0-a6af-61d501bb29b5,Renato Tatagiba,,5521998490399,,DAVOS,Lucas Barrientos,NAO_ENCONTRADO,-,,NAO_ENCONTRADO,-,,NAO_ESTA_EM_NENHUM
e2836d24-e646-40c5-8454-da2837d3c5f3,Rene Carvalho Bayma,84932988320,5598999762574,renebayma@yahoo.com.br,PHARUS,Nelson Marques,NAO_ENCONTRADO,-,,NAO_ENCONTRADO,-,,NAO_ESTA_EM_NENHUM
d0b2184c-58cb-45be-9757-a520b2e9198f,Reynier Fernández,,5593981212267,liurey89@gmail.com,PHARUS,Tales Salinas Rozo,NAO_ENCONTRADO,-,,NAO_ENCONTRADO,-,,NAO_ESTA_EM_NENHUM
8e14e8f6-a993-4773-b12d-29957fbd80da,Rhuan Paulo Lopes,,55 51 9170-0000,rhuanbarros@gmail.com,PHARUS,Ana Ávalos,NAO_ENCONTRADO,-,,NAO_ENCONTRADO,-,,NAO_ESTA_EM_NENHUM
377a5a6c-414e-4dbf-ad4c-4e4ebc13b8cf,Rian Alarcão,13324719780,5521999279269,rianrj@hotmail.com,PHARUS,Samuel Araújo,NAO_ENCONTRADO,-,,NAO_ENCONTRADO,-,,NAO_ESTA_EM_NENHUM
67e5597b-4111-4b48-988d-2a76152cdd86,Ricardo Albernaz,,5582982111956,ricardoalbernaz.mds@gmail.com,PHARUS,Abner Braga,NAO_ENCONTRADO,-,,NAO_ENCONTRADO,-,,NAO_ESTA_EM_NENHUM
41902ba2-3ad4-429d-a781-b5967758ffc8,Ricardo Batista de Queiroz,,5511985007801,ricardobatistaq@outlook.com,PHARUS,Samuel Araújo,NAO_ENCONTRADO,-,,NAO_ENCONTRADO,-,,NAO_ESTA_EM_NENHUM
75c0bb21-f261-42ef-95f4-6671f1ef3191,Ricardo Borges e Silva,06508742698,34 999386820,ricardoborges84@hotmail.com,DAVOS,Eduardo Peroni,NAO_ENCONTRADO,-,,NAO_ENCONTRADO,-,,NAO_ESTA_EM_NENHUM
2f5c5fbc-96b4-445a-89e9-25b80ad2ac14,Ricardo Curado,,5562999757122,ricurado@gmail.com,PHARUS,,NAO_ENCONTRADO,-,,NAO_ENCONTRADO,-,,NAO_ESTA_EM_NENHUM
a3a880bc-0c0a-48a2-b3d6-8c1d6c0f3907,Ricardo da Silva Sena,43484387220,5568999840418,medsena77@yahoo.com.br,PHARUS,Junior Teixeira,NAO_ENCONTRADO,-,,NAO_ENCONTRADO,-,,NAO_ESTA_EM_NENHUM
7fa48bdd-50d8-44ab-b93b-4461ad2acea7,Ricardo Della Rosa,33987934875,5516992147481,ricardodellarosas@gmail.com,PHARUS,Samuel Araújo,NAO_ENCONTRADO,-,,NAO_ENCONTRADO,-,,NAO_ESTA_EM_NENHUM
713fde31-5451-431a-9642-768c9c7b616c,Ricardo Diaz Savoldelli,30929574826,5511918291616,rdsavoldelli@outlook.com,PHARUS,Carlos Serafim,NAO_ENCONTRADO,-,,NAO_ENCONTRADO,-,,NAO_ESTA_EM_NENHUM
c2ad965d-8d3e-48bf-9a2e-0d8e589ead6d,Ricardo Filipe Romani,,552196804-1429,rfromani@gmail.com,PHARUS,Gustavo Papeschi Mariano,NAO_ENCONTRADO,-,,NAO_ENCONTRADO,-,,NAO_ESTA_EM_NENHUM
3c48bb1a-7775-4381-b545-6da0bf52abd9,Ricardo Fonseca,88727882500,5571996603089,ricardorfonseca25@gmail.com,PHARUS,Abner Braga,NAO_ENCONTRADO,-,,NAO_ENCONTRADO,-,,NAO_ESTA_EM_NENHUM
4f02c71f-7fde-4d4c-9be6-45b83b0633ec,Ricardo Honda,14826841876,11 970788040,ricardohonda@gmail.com,PHARUS,Rodrigo Lunardi,NAO_ENCONTRADO,-,,NAO_ENCONTRADO,-,,NAO_ESTA_EM_NENHUM
53e8b6cb-87ac-4cf5-9cf9-2f2ea198c9ec,Ricardo Kenji Iguchi Panucci,36849874845,5511987297577,panucci.ricardo@gmail.com,PHARUS,Tales Salinas Rozo,NAO_ENCONTRADO,-,,NAO_ENCONTRADO,-,,NAO_ESTA_EM_NENHUM
5f66d010-99cb-497e-98a4-cd9b73b62d01,Ricardo Lincoln Fernandes Silva,15879088839,5569981220140,ricardolincoln05@gmail.com,PHARUS,João Aliceda,NAO_ENCONTRADO,-,,NAO_ENCONTRADO,-,,NAO_ESTA_EM_NENHUM
a24316de-960f-404e-b466-236339b8fd70,Ricardo Luis Silva Lobo,,5538999821361,ricardolobo1973@hotmail.com,PHARUS,,NAO_ENCONTRADO,-,,NAO_ENCONTRADO,-,,NAO_ESTA_EM_NENHUM
1157780b-6f25-4b94-b4f9-f2af8c94eac2,Ricardo Nascimento Brito,,5541996101325,ricardo.n.brito@hotmail.com,PHARUS,Abner Braga,NAO_ENCONTRADO,-,,NAO_ENCONTRADO,-,,NAO_ESTA_EM_NENHUM
0afe21d1-7e92-436d-9e2f-c5ea13958c33,Ricardo Oliveira dos Santos Soares,30742709850,5514998815325,med.ricardosoares@gmail.com,PHARUS,Gabriel Oliveira,NAO_ENCONTRADO,-,,NAO_ENCONTRADO,-,,NAO_ESTA_EM_NENHUM
2bac5350-a0ab-4eb8-8cfc-62b8d1336982,Ricardo Rodrigues Kanashiro,26609796858,+5511982319923,ricardo.kanashiro@gmail.com,PHARUS,,NAO_ENCONTRADO,-,,NAO_ENCONTRADO,-,,NAO_ESTA_EM_NENHUM
42b78992-b9ed-471f-b73a-ec411b482228,Ricardo Roscoe,76363376149,61981179815,roscoe.ricardo@gmail.com,PHARUS,Gustavo Papeschi Mariano,NAO_ENCONTRADO,-,,NAO_ENCONTRADO,-,,NAO_ESTA_EM_NENHUM
a3eea197-7f17-44d6-811b-819b3875e015,Ricardo Soares de Souza,34038067823,5522999792227,3ricardosouza@gmail.com,PHARUS,Nelson Marques,NAO_ENCONTRADO,-,,NAO_ENCONTRADO,-,,NAO_ESTA_EM_NENHUM
379ffdfd-6372-45d8-b803-ae076ab9acb1,Ricardo Suarez Castedo,22172390828,5519996250973,rcastedo@gmail.com,DAVOS,Eduardo Peroni,NAO_ENCONTRADO,-,,NAO_ENCONTRADO,-,,NAO_ESTA_EM_NENHUM
1812c05d-cd5e-4488-a6e6-f8895d53c18e,Ricardo Thompson Nora,18968802823,5566999748565,rthompson_nora@yahoo.com.br,PHARUS,João Gonçalves,NAO_ENCONTRADO,-,,NAO_ENCONTRADO,-,,NAO_ESTA_EM_NENHUM
6f074739-24da-4f9f-9c19-5e8a99494615,Ricardo Vieira de Carvalho Fernandes,,,churncancelamento@sem.email.com,PHARUS,Samuel Araújo,NAO_ENCONTRADO,-,,NAO_ENCONTRADO,-,,NAO_ESTA_EM_NENHUM
3edf226e-aadb-456f-9e49-e780197d52d4,Ricardo Villela Prado,32207320898,5516991657147,rivprado@gmail.com,PHARUS,Abner Braga,NAO_ENCONTRADO,-,,NAO_ENCONTRADO,-,,NAO_ESTA_EM_NENHUM
f5181076-0487-47e9-8456-851b33599753,Rinaldi Cardinal de Lima,,556899831858,rinaldicardinal@hotmail.com,PHARUS,Ana Ávalos,NAO_ENCONTRADO,-,,NAO_ENCONTRADO,-,,NAO_ESTA_EM_NENHUM
4b19798f-5c1d-4428-baeb-4ddc6381b20e,Riolando Gião,27194122871,5511991361949,,DAVOS,Daniel Fentanes,NAO_ENCONTRADO,-,,NAO_ENCONTRADO,-,,NAO_ESTA_EM_NENHUM
5e3b355d-2183-408a-824b-a13e8d7f74f1,Rita de Cassia Cabana Prado,,5511966203323,cassiaralf@gmail.com,PHARUS,,NAO_ENCONTRADO,-,,NAO_ENCONTRADO,-,,NAO_ESTA_EM_NENHUM
b2bd19a6-7352-4ee2-997a-8c566634c564,Roberta Santos Lima,73269972416,5581993092031,betaslima70@gmail.com,PHARUS,Samuel Araújo,NAO_ENCONTRADO,-,,NAO_ENCONTRADO,-,,NAO_ESTA_EM_NENHUM
4d80b282-de16-4c0e-919e-c99a5fd4e1cc,Roberto Alessandro Giummarresi Torres,,5567981526264,ragt83@gmail.com,PHARUS,Hendrick Dorner,NAO_ENCONTRADO,-,,NAO_ENCONTRADO,-,,NAO_ESTA_EM_NENHUM
9519ce54-aaa7-4fb6-b6ed-3b2de698822e,Roberto de Paula Correa,15417331856,+5511965640064,Robertoadvogado@outlook.com,PHARUS,,NAO_ENCONTRADO,-,,NAO_ENCONTRADO,-,,NAO_ESTA_EM_NENHUM
550a73d9-31fc-4e38-958e-3028adda7cd7,Roberto Mizuki Dias dos Santos,79848990534,5583996919191,euteajudoapassar@gmail.com,PHARUS,Nelson Marques,NAO_ENCONTRADO,-,,NAO_ENCONTRADO,-,,NAO_ESTA_EM_NENHUM
a32d0411-4b55-4ae6-b531-56b3fe8a1f6d,Roberto Nunes Campos Filho,,+55 71 8872-4857,rnunescf@yahoo.com.br,PHARUS,Abner Braga,NAO_ENCONTRADO,-,,NAO_ENCONTRADO,-,,NAO_ESTA_EM_NENHUM
3af668c7-f48f-4715-a166-5be9b70dd541,Roberto Peixoto Reis,51108992234,556193296866,peixotoreis@gmail.com,DAVOS,Eduardo Peroni,NAO_ENCONTRADO,-,,NAO_ENCONTRADO,-,,NAO_ESTA_EM_NENHUM
d40830af-f6ae-4997-9461-f001e500c1be,Roberto Pessoni Diniz,,5562985948735,roberto@pessonitecnologia.com.br,PHARUS,Gabriel Oliveira,NAO_ENCONTRADO,-,,NAO_ENCONTRADO,-,,NAO_ESTA_EM_NENHUM
be443142-9c7f-44ba-b2d0-d71a6dd2bc30,Roberto Pires Siles,,5543991910138,betosiles@hotmail.com,PHARUS,Thiago Freire,NAO_ENCONTRADO,-,,NAO_ENCONTRADO,-,,NAO_ESTA_EM_NENHUM
87e7ef8c-3902-41cf-958f-1a38896d854f,Roberto Ventin,48844586568,5571987543226,robertom2216@yahoo.com.br,DAVOS,Daniel Fentanes,NAO_ENCONTRADO,-,,NAO_ENCONTRADO,-,,NAO_ESTA_EM_NENHUM
f15fa5c4-9dfc-4bc0-9bf5-ab3845dab652,Robson Argolo,16065145807,5511982020033,robson.freitas@gmail.com,PHARUS,Abner Braga,NAO_ENCONTRADO,-,,NAO_ENCONTRADO,-,,NAO_ESTA_EM_NENHUM
482ae634-9628-402f-86fa-6b8da859c54a,Robson Ta,,,,PHARUS,,NAO_ENCONTRADO,-,,NAO_ENCONTRADO,-,,NAO_ESTA_EM_NENHUM
22b344c0-57ab-442d-b4a4-bdc75fb4978c,Rodolpho de Carvalho Candiotto,,5527997800717,rodolphocandiotto@gmail.com,PHARUS,,NAO_ENCONTRADO,-,,NAO_ENCONTRADO,-,,NAO_ESTA_EM_NENHUM
ff5dfa1e-480d-412b-8e39-88ac74b7cbf4,Rodrigo Albejante Hoffmann,32547304880,5519998884054,rodrigo_hoffmann@hotmail.com,PHARUS,João Aliceda,NAO_ENCONTRADO,-,,NAO_ENCONTRADO,-,,NAO_ESTA_EM_NENHUM
4c3876b1-7b6e-4f0a-9457-ca2525827a78,Rodrigo Alves Costa,,5583988865112,rodrigo.costa@gmail.com,PHARUS,Tiago Junior,NAO_ENCONTRADO,-,,NAO_ENCONTRADO,-,,NAO_ESTA_EM_NENHUM
63b9691d-e07d-45da-a958-98824105867f,Rodrigo Andreta,,5511977692755,rodrigoandreta@hotmail.com,PHARUS,João Gonçalves,NAO_ENCONTRADO,-,,NAO_ENCONTRADO,-,,NAO_ESTA_EM_NENHUM
47ad7cf5-09a0-4ee2-89c0-044fa33da002,Rodrigo Beraldi Korman,,5541999793491,beraldiocular@gmail.com,PHARUS,João Gonçalves,NAO_ENCONTRADO,-,,NAO_ENCONTRADO,-,,NAO_ESTA_EM_NENHUM
2fd73e0b-c81d-495a-83c2-9adba4dfeb0e,Rodrigo Candido de Abreu,29700427897,5511937000647,rabreu1900@gmail.com,DAVOS,Eduardo Peroni,NAO_ENCONTRADO,-,,NAO_ENCONTRADO,-,,NAO_ESTA_EM_NENHUM
d5961a82-e1d0-4a0a-8158-353c0d006e5d,Rodrigo César Jarochinski e Santos,,,rodrigocesan@gmail.com,PHARUS,Carlos Serafim,NAO_ENCONTRADO,-,,NAO_ENCONTRADO,-,,NAO_ESTA_EM_NENHUM
4c7f2454-6d55-4efd-97d6-945a27470167,Rodrigo da Cunha Rodrigues,,5534998016798,rrodrigues@altagenetics.com,PHARUS,Carlos Serafim,NAO_ENCONTRADO,-,,NAO_ENCONTRADO,-,,NAO_ESTA_EM_NENHUM
ba7bd765-8361-4b46-a4d1-d2137c8f4f0e,Rodrigo da Silva Teixeira,,5521983850401,Rodrigojordan70@gmail.com.br,PHARUS,Carlos Serafim,NAO_ENCONTRADO,-,,NAO_ENCONTRADO,-,,NAO_ESTA_EM_NENHUM
25cce226-2041-470a-9c16-eb67db58fb56,Rodrigo Dantas da Rocha,42973707862,5511982354999,rdr_dantas@hotmail.com,PHARUS,Nícolas Alves,NAO_ENCONTRADO,-,,NAO_ENCONTRADO,-,,NAO_ESTA_EM_NENHUM
7310d0f9-d1ad-4568-adb4-d72e03876c1a,Rodrigo Elamid,80983448272,5592984055218,rodrigoelamid@gmail.com,PHARUS,Abner Braga,NAO_ENCONTRADO,-,,NAO_ENCONTRADO,-,,NAO_ESTA_EM_NENHUM
0cd85da1-771c-4c5e-999d-ebd80127c725,Rodrigo Fernandes,49763547172,5562999748978,rodrigoeffe@uol.com.br,PHARUS,Samuel Araújo,NAO_ENCONTRADO,-,,NAO_ENCONTRADO,-,,NAO_ESTA_EM_NENHUM
31e014d8-b9e0-4047-aa28-6c8b73ebe0c2,Rodrigo Irineu de Souza,,011 977189282,rodrigoirineu@hotmail.com,PHARUS,Willian Oliveira Schimidt,NAO_ENCONTRADO,-,,NAO_ENCONTRADO,-,,NAO_ESTA_EM_NENHUM
9b79079e-4f48-4ca9-9e6c-41a4bc3a47ec,Rodrigo Luiz Pontes,28792398855,5511930299537,rodrigo@barolo.tur.br,PHARUS,Gabriel Oliveira,NAO_ENCONTRADO,-,,NAO_ENCONTRADO,-,,NAO_ESTA_EM_NENHUM
5dd01324-cc01-4cf4-91b7-24b0040010c9,Rodrigo Luiz Porn,,54999280990,rodrigolporn@gmail.com,PHARUS,Carlos Serafim,NAO_ENCONTRADO,-,,NAO_ENCONTRADO,-,,NAO_ESTA_EM_NENHUM
b63cbfa7-8fae-4b1a-9564-9e948c31c871,Rodrigo Macedo,,5531992718936,rodrigomacedo54@hotmail.com,PHARUS,Gabriel Oliveira,NAO_ENCONTRADO,-,,NAO_ENCONTRADO,-,,NAO_ESTA_EM_NENHUM
da27ce51-dbe8-4f44-a471-0799bb446860,Rodrigo Mendes Barreto,67147321634,5535997359994,drrodrigobarreto@hotmail.com,PHARUS,Willian Oliveira Schimidt,NAO_ENCONTRADO,-,,NAO_ENCONTRADO,-,,NAO_ESTA_EM_NENHUM
73a7991e-5ccc-45ed-9fe5-041dd076ee5e,Rodrigo Monjardim,,5514997429004,,DAVOS,Lucas Barrientos,NAO_ENCONTRADO,-,,NAO_ENCONTRADO,-,,NAO_ESTA_EM_NENHUM
bb656bc4-5157-40a4-a3f0-f064604b2b2c,Rodrigo Murauskas Goncalves,31805516825,5511941554857,rmurauskas@hotmail.com,PHARUS,Willian Sobral,NAO_ENCONTRADO,-,,NAO_ENCONTRADO,-,,NAO_ESTA_EM_NENHUM
966de61f-536a-414e-9755-bdfea5978f8d,Rodrigo Oliveira Morandin,96076577053,5547984335599,emagrecendocomrodrigo@gmail.com,PHARUS,Nelson Marques,NAO_ENCONTRADO,-,,NAO_ENCONTRADO,-,,NAO_ESTA_EM_NENHUM
fc8d2f5c-b5ea-4d5e-b116-2d0d07565421,Rodrigo Paes de Menezes,,5569981113345,tenmenezes@yahoo.com.br,PHARUS,Hendrick Dorner,NAO_ENCONTRADO,-,,NAO_ENCONTRADO,-,,NAO_ESTA_EM_NENHUM
71df0097-c3c4-46c7-b3e8-3fef5d8d183f,Rodrigo Passos Severo,,,admfazendafigueira@gmail.com,PHARUS,Carlos Serafim,NAO_ENCONTRADO,-,,NAO_ENCONTRADO,-,,NAO_ESTA_EM_NENHUM
8a54ceb0-5b08-4c92-9335-94d15d51ca05,Rodrigo Pereira de Freitas Santos,,5531984984336,rodrigo.santos@terezasantos.com.br,PHARUS,João Aliceda,NAO_ENCONTRADO,-,,NAO_ENCONTRADO,-,,NAO_ESTA_EM_NENHUM
6c779d94-ac65-4860-a6b7-445f62d342bf,Rodrigo Petronio Delgado,53611195049,5554999418889,petronioosteopatia@gmail.com,PHARUS,Hendrick Dorner,NAO_ENCONTRADO,-,,NAO_ENCONTRADO,-,,NAO_ESTA_EM_NENHUM
1bb3529e-bba1-4002-98c0-95fe4be44651,Rodrigo Protazio Lacerda / Agatha Cinthia Martins de Aguiar Protazio,30293739838,5511996469636,protazio.rodrigo@gmail.com,PHARUS,Hendrick Dorner,NAO_ENCONTRADO,-,,NAO_ENCONTRADO,-,,NAO_ESTA_EM_NENHUM
809c9bf0-a43a-4704-b8e0-ba922164dc1f,Rodrigo Rodrigues,,5554984248200,rtzrepresentacoes@gmail.com,PHARUS,,NAO_ENCONTRADO,-,,NAO_ENCONTRADO,-,,NAO_ESTA_EM_NENHUM
67108c31-1ad8-4c35-95c9-28b6c98c9813,Rodrigo Seiki Kiyohara,28662674860,5511989577395,rodrigo.kiyohara@gmail.com,PHARUS,Gabriel Oliveira,NAO_ENCONTRADO,-,,NAO_ENCONTRADO,-,,NAO_ESTA_EM_NENHUM
351832ba-1c6e-4f92-aa87-3d367e62663e,Rodrigo Soares Marques Abreu,,5538988276645,arquiteto.rodrigo@gmail.com,PHARUS,Hendrick Dorner,NAO_ENCONTRADO,-,,NAO_ENCONTRADO,-,,NAO_ESTA_EM_NENHUM
f252e3dd-6625-4ce5-80f5-50bf788603b6,Rodrigo Tavares Orru,18430504800,5519971209300,rtorru@hotmail.com,PHARUS,Cleuber Anicesio,NAO_ENCONTRADO,-,,NAO_ENCONTRADO,-,,NAO_ESTA_EM_NENHUM
f1e5b664-471b-4708-9705-f8e2ddff1019,Rodrigo Tranquillini Rezende,15494983803,5519981547438,,DAVOS,Lucas Barrientos,NAO_ENCONTRADO,-,,NAO_ENCONTRADO,-,,NAO_ESTA_EM_NENHUM
25019477-cf9d-4169-bf89-1d7e05768217,Rodrigo Veloso Mizuno,45541558115,5561982238586,romizuno@gmail.com,PHARUS,Nelson Marques,NAO_ENCONTRADO,-,,NAO_ENCONTRADO,-,,NAO_ESTA_EM_NENHUM
3b84c271-92bc-4090-b807-79023093a078,Rodrigo Ventris Cordeiro,36051774840,5511974559341,rodrigoventris@gmail.com,PHARUS,Carlos Serafim,NAO_ENCONTRADO,-,,NAO_ENCONTRADO,-,,NAO_ESTA_EM_NENHUM
c5f2954d-ce5f-49c3-a2bd-0c1c0901a9fe,Rodrigo Zabaglia,27139362840,5519999942904,rodrigozabaglia21@gmail.com,PHARUS,Samuel Araújo,NAO_ENCONTRADO,-,,NAO_ENCONTRADO,-,,NAO_ESTA_EM_NENHUM
09061f67-b0fc-4edc-ae39-c51752482907,Roger William Moraes Mendes,64557421687,5535991809898,rogermendesitajuba@gmail.com,PHARUS,Samuel Araújo,NAO_ENCONTRADO,-,,NAO_ENCONTRADO,-,,NAO_ESTA_EM_NENHUM
0dc9449d-ddcb-4b0d-9eb9-ec9a800f96cc,Rogerio Borges,,5533999851384,rogerioborgesrocharocha@gmail.com,PHARUS,Tales Salinas Rozo,NAO_ENCONTRADO,-,,NAO_ENCONTRADO,-,,NAO_ESTA_EM_NENHUM
cd1f9dd4-7a56-40b4-a540-6c8db845da64,Rogerio Caldeira,,5511947474729,rogeriocaldeira46@gmail.com,PHARUS,Rodrigo Lunardi,NAO_ENCONTRADO,-,,NAO_ENCONTRADO,-,,NAO_ESTA_EM_NENHUM
8f5832f0-f101-4d57-a6cd-61f901710838,Rogério de Araújo Assis,77903757253,5591984267812,rogeriocpt@gmail.com,PHARUS,João Aliceda,NAO_ENCONTRADO,-,,NAO_ENCONTRADO,-,,NAO_ESTA_EM_NENHUM
16f3ae3d-ebb7-4e75-998e-afeabd8133a8,Rogério Faria,94383758649,5535988637320,rogeriovisualize@hotmail.com,PHARUS,Nelson Marques,NAO_ENCONTRADO,-,,NAO_ENCONTRADO,-,,NAO_ESTA_EM_NENHUM
2c9a3e73-51e6-4b56-a959-640bc2010ee2,Rogerio Leite,41588606104,5565992867474,rogerioleite2007@gmail.com,DAVOS,Lucas Barrientos,NAO_ENCONTRADO,-,,NAO_ENCONTRADO,-,,NAO_ESTA_EM_NENHUM
51e38c6f-fe51-47af-936d-87ad933a6e09,Rogério Matheus de Moraes Júnior,43090467895,18997080439,rogerio.mmjr@gmail.com,PHARUS,Gustavo Papeschi Mariano,NAO_ENCONTRADO,-,,NAO_ENCONTRADO,-,,NAO_ESTA_EM_NENHUM
7c3ce9e3-f293-49f2-be45-c74ef4a15b33,Romario Martins,39191151805,5511985897385,romariomartins90@gmail.com,PHARUS,Cleuber Anicesio,NAO_ENCONTRADO,-,,NAO_ENCONTRADO,-,,NAO_ESTA_EM_NENHUM
559c3145-3bfa-4d3d-bce8-09ecd23daab6,Romero Candido de Santana,94181756653,5531999687985,romero@distribuidoragama.com.br,DAVOS,Lucas Barrientos,NAO_ENCONTRADO,-,,NAO_ENCONTRADO,-,,NAO_ESTA_EM_NENHUM
c4637ccf-8b7b-42df-9147-4f391a4721b8,Romildo Coelho de Sousa,,5599991300882,romildo@rcstopografia.com.br,PHARUS,Hendrick Dorner,NAO_ENCONTRADO,-,,NAO_ENCONTRADO,-,,NAO_ESTA_EM_NENHUM
2aa34d93-d1d4-4de4-8bf0-34df0bda2875,Romulo Henriques,,5521973074033,romulohsm@gmail.com,PHARUS,Abner Braga,NAO_ENCONTRADO,-,,NAO_ENCONTRADO,-,,NAO_ESTA_EM_NENHUM
a8d30aa4-db01-451f-9960-a5daa2baa8b6,Ronaldo Goldbach,42539030700,5521986381818,ronaldogoldbach@gmail.com,PHARUS,Willian Sobral,NAO_ENCONTRADO,-,,NAO_ENCONTRADO,-,,NAO_ESTA_EM_NENHUM
86a9ee35-c25f-4884-93b7-bf20b8c78471,Ronaldo Reis Fontoura,76423816700,21999896702,rfontoura.uro@gmail.com,PHARUS,Willian Oliveira Schimidt,NAO_ENCONTRADO,-,,NAO_ENCONTRADO,-,,NAO_ESTA_EM_NENHUM
c8996bdd-cc8d-417b-ac26-1676c0aa42b4,Ronilson Oliveira Durães,88769313687,5535992252575,roniduraes1@yahoo.com,PHARUS,Cleuber Anicesio,NAO_ENCONTRADO,-,,NAO_ENCONTRADO,-,,NAO_ESTA_EM_NENHUM
645c3433-4490-4542-a1e7-a1733ded6095,Rosa Maria de Castro,,5521995281626,rosa.castro28@outlook.com,PHARUS,Junior Teixeira,NAO_ENCONTRADO,-,,NAO_ENCONTRADO,-,,NAO_ESTA_EM_NENHUM
6ed8716c-736f-4f30-96ea-80c4d2f43e8d,Rosali Bernardes de Castro,,5531999100443,rosalibernardes@gmail.com,PHARUS,Gabriel Oliveira,NAO_ENCONTRADO,-,,NAO_ENCONTRADO,-,,NAO_ESTA_EM_NENHUM
de4fb383-aa57-4e57-9202-26a0d6ba8444,Rosana Pereira Martins da Costa,28050563880,5511953170958,ropmccc@gmail.com,PHARUS,Junior Teixeira,NAO_ENCONTRADO,-,,NAO_ENCONTRADO,-,,NAO_ESTA_EM_NENHUM
6d5cf45b-b38f-44ea-a34a-08d4f87606bb,Rosana Ribas Marcondes,,5566999849413,rosanaribasmarcondes@gmail.com,PHARUS,Gabriel Oliveira,NAO_ENCONTRADO,-,,NAO_ENCONTRADO,-,,NAO_ESTA_EM_NENHUM
d7cf7dfe-1256-43e5-849b-ad09dd69d869,Rosane Clades Reder,,5566999819082,rosanereder@hotmail.com,PHARUS,Junior Teixeira,NAO_ENCONTRADO,-,,NAO_ENCONTRADO,-,,NAO_ESTA_EM_NENHUM
5beca94c-210b-4932-99cf-de794e677241,Rosane Coelho,,,,PHARUS,,NAO_ENCONTRADO,-,,NAO_ENCONTRADO,-,,NAO_ESTA_EM_NENHUM
623057f4-0c60-4c55-9a02-7bbda3162cda,Rosângela Pereira Gomes,,5514998525990,potencialmaximo@gmail.com,PHARUS,Samuel Araújo,NAO_ENCONTRADO,-,,NAO_ENCONTRADO,-,,NAO_ESTA_EM_NENHUM
fed4b102-b2ad-4b69-b867-81d020dba20b,Rose a Malagoli,,5531991820739,rosemedicinaestetica@gmail.com,PHARUS,,NAO_ENCONTRADO,-,,NAO_ENCONTRADO,-,,NAO_ESTA_EM_NENHUM
7b48e0f7-ff65-42d9-9427-1cada1268744,Roselange Guimarães Goudinho,30428882153,5566984215960,rguimaraesgoudinho@gmail.com,PHARUS,Hendrick Dorner,NAO_ENCONTRADO,-,,NAO_ENCONTRADO,-,,NAO_ESTA_EM_NENHUM
2ee5daea-eb16-4194-ad6a-746f0532f031,Rossana de Moura Guedes,80845517104,5562991288569,guedesrossana@gmail.com,PHARUS,Gabriel Oliveira,NAO_ENCONTRADO,-,,NAO_ENCONTRADO,-,,NAO_ESTA_EM_NENHUM
d9138131-af28-47c9-90b2-f93670c13087,Rossana Peruck,32130035817,5519991891164,,DAVOS,Lucas Barrientos,NAO_ENCONTRADO,-,,NAO_ENCONTRADO,-,,NAO_ESTA_EM_NENHUM
1c7e023b-3892-4160-b9fc-c6c409832c29,Rossany Paola Luiz de Toledo,,,rossanyplt@hotmail.com,PHARUS,Carlos Serafim,NAO_ENCONTRADO,-,,NAO_ENCONTRADO,-,,NAO_ESTA_EM_NENHUM
cf161878-1036-47ce-8aad-724cc7892ea9,Ruan Domith,,5524999590895,ruandomith@hotmail.com,PHARUS,,NAO_ENCONTRADO,-,,NAO_ENCONTRADO,-,,NAO_ESTA_EM_NENHUM
a6d87589-c181-4e3a-b170-d6da34e1443a,Russel de Farias,,5527992790788,rdfarias@gmail.com,PHARUS,Nelson Marques,NAO_ENCONTRADO,-,,NAO_ENCONTRADO,-,,NAO_ESTA_EM_NENHUM
59fd2132-1ba5-43bc-96b5-a31529cd6165,Ruth Broglio Silveira,81050488920,5547999340464,ruthbroglio@outlook.com,PHARUS,Gabriel Oliveira,NAO_ENCONTRADO,-,,NAO_ENCONTRADO,-,,NAO_ESTA_EM_NENHUM
c01fcc69-16f3-4406-91b0-7c2cfd2eec89,Ruth Rodrigues,,5521981570605,ruthconspira@bol.com.br,PHARUS,Cleuber Anicesio,NAO_ENCONTRADO,-,,NAO_ENCONTRADO,-,,NAO_ESTA_EM_NENHUM
f3496b74-28b2-41d4-b913-3f901c95f5cc,Sabrina Moutinho Marmith,92026060215,5591991425776,sabmarmith@gmail.com,PHARUS,Tales Salinas Rozo,NAO_ENCONTRADO,-,,NAO_ENCONTRADO,-,,NAO_ESTA_EM_NENHUM
c2cf4b12-ae35-4268-82bf-417fd3423352,Sabrina Rinaldi,37184662873,5511942402274,sabrinasr0410@gmail.com,PHARUS,Gabriel Oliveira,NAO_ENCONTRADO,-,,NAO_ENCONTRADO,-,,NAO_ESTA_EM_NENHUM
de0953c7-7b4f-43f3-9e4d-57bb7b2571e8,Salma Bakhit,14206651892,11991661245,Salmabak@yahoo.com.br,PHARUS,Rodrigo Amorim,NAO_ENCONTRADO,-,,NAO_ENCONTRADO,-,,NAO_ESTA_EM_NENHUM
12e67514-49aa-46e2-94fa-00b475eb0fbe,Samuel Akihiro Hirooka,11667211838,5543991053334,hirooka.samuel@gmail.com,PHARUS,Samuel Araújo,NAO_ENCONTRADO,-,,NAO_ENCONTRADO,-,,NAO_ESTA_EM_NENHUM
d97ba66d-6ead-45ae-a50b-14e121be8259,Samuel Pires Passos Junior,,5543999701784,samuel_junior1@hotmail.com,PHARUS,Rodrigo Lunardi,NAO_ENCONTRADO,-,,NAO_ENCONTRADO,-,,NAO_ESTA_EM_NENHUM
71a9ff1b-0a12-4e79-9b9a-11b13d289ab2,Samuel Rodrigues Souza,,5522998476383,contatosdesamuel@gmail.com,PHARUS,Willian Sobral,NAO_ENCONTRADO,-,,NAO_ENCONTRADO,-,,NAO_ESTA_EM_NENHUM
6705b36c-a968-412c-9e00-40757fe75b43,Samuel Scheidegger Rangel Passos,11532805748,5521971945227,samuel_passos@hotmail.com,PHARUS,Tiago Junior,NAO_ENCONTRADO,-,,NAO_ENCONTRADO,-,,NAO_ESTA_EM_NENHUM
c026064c-b6ee-4121-b25e-546e9b802efe,Samuel Victor Maia Nascimento,10007321694,5531988790654,smaia.civil@gmail.com,PHARUS,Gabriel Oliveira,NAO_ENCONTRADO,-,,NAO_ENCONTRADO,-,,NAO_ESTA_EM_NENHUM
a1b6e529-d177-4331-a1a5-6a05eb1b2a64,Sandra da Silva Ferreira,,5565996427735,ssfc.apple@gmail.com,PHARUS,Hendrick Dorner,NAO_ENCONTRADO,-,,NAO_ENCONTRADO,-,,NAO_ESTA_EM_NENHUM
ca965e60-b2f8-41fa-882c-c3d1c1b6a6e2,Sandra Maria Cintra Cavalcanti,14901892894,5511989009293,cavalcanti1@yahoo.com,PHARUS,Junior Teixeira,NAO_ENCONTRADO,-,,NAO_ENCONTRADO,-,,NAO_ESTA_EM_NENHUM
d72adf69-8a08-4150-9a75-83fe6ca5d624,Sandro Berton da Costa,,5541988574007,sandroberton75@gmail.com,PHARUS,Tiago Junior,NAO_ENCONTRADO,-,,NAO_ENCONTRADO,-,,NAO_ESTA_EM_NENHUM
bda48d8a-8016-4882-859e-269927425840,Sandro Borsato,,,sandro@i9imobiliariadigital.com.br,PHARUS,Abner Braga,NAO_ENCONTRADO,-,,NAO_ENCONTRADO,-,,NAO_ESTA_EM_NENHUM
35a0d25f-7dcf-45a4-b3bb-8d90d6a4985f,Sandro Raphael Martins Startari,80526934115,5567991983411,startari@yahoo.com,PHARUS,Abner Braga,NAO_ENCONTRADO,-,,NAO_ENCONTRADO,-,,NAO_ESTA_EM_NENHUM
b26b3c36-31f1-447b-86a4-a98a5dccc4de,Sanzio Carvalho Lima Barrios,,5567992081818,sanziobarrios@gmail.com,PHARUS,Cleuber Anicesio,NAO_ENCONTRADO,-,,NAO_ENCONTRADO,-,,NAO_ESTA_EM_NENHUM
114bed8e-f2e4-43a9-9de7-e96b16325fe3,Sarah de Sousa Freitas,09662035699,+55 31 8827-4154,sarahhfreitas@gmail.com,PHARUS,Tiago Junior,NAO_ENCONTRADO,-,,NAO_ENCONTRADO,-,,NAO_ESTA_EM_NENHUM
9df3c8c5-8042-4e69-a0b4-34e21c0d6317,Sarah Eduarda da Silva Oliveira,,81996319310,eduarda_contabil@hotmail.com,PHARUS,João Gonçalves,NAO_ENCONTRADO,-,,NAO_ENCONTRADO,-,,NAO_ESTA_EM_NENHUM
4df9d5f3-2a8c-4e19-a8c8-55a3e4834889,Sarah Virgínia Dantas Guimarães,,5574988060569,drasarahguimaraes23@gmail.com,PHARUS,Willian Oliveira Schimidt,NAO_ENCONTRADO,-,,NAO_ENCONTRADO,-,,NAO_ESTA_EM_NENHUM
b6de292b-8074-4640-b386-842f8ff4650e,Sarita da Matta Dias Peres,31094151866,5518991050337,advocacia_sarita@hotmail.com,PHARUS,Cleuber Anicesio,NAO_ENCONTRADO,-,,NAO_ENCONTRADO,-,,NAO_ESTA_EM_NENHUM
dfbba895-95a0-4370-8e48-4ada443f8391,Saulo Alves,15431654780,5522997506629,sauloalves2013@gmail.com,PHARUS,Tales Salinas Rozo,NAO_ENCONTRADO,-,,NAO_ENCONTRADO,-,,NAO_ESTA_EM_NENHUM
44418e3c-3799-4a4e-a5c9-14dc63fd9e1c,Saulo Jorge Souza Parreira,55575676668,5533988773010,sauloparreira@yahoo.com.br,PHARUS,Tales Salinas Rozo,NAO_ENCONTRADO,-,,NAO_ENCONTRADO,-,,NAO_ESTA_EM_NENHUM
8e9ef2a8-a94c-4c48-9569-24f2df3cfcce,Sebastião Gabriel Sayago de Laet Júnior,10912358807,556191866058,vistalaet@gmail.com,PHARUS,Samuel Araújo,NAO_ENCONTRADO,-,,NAO_ENCONTRADO,-,,NAO_ESTA_EM_NENHUM
5990ea36-4b6c-4bfb-8b03-e68fbc80b37d,Selma Raquel Medeiros Marques,77415205391,5585991839892,selminha99@yahoo.com.br,PHARUS,Tiago Junior,NAO_ENCONTRADO,-,,NAO_ENCONTRADO,-,,NAO_ESTA_EM_NENHUM
809bef3b-c5ed-463a-b6b4-280c63a6090d,Sérgio Augusto Porto Ribeiro,,5567996694477,sergio@ctedbrasil.com.br,PHARUS,Gabriel Oliveira,NAO_ENCONTRADO,-,,NAO_ENCONTRADO,-,,NAO_ESTA_EM_NENHUM
0183e635-6659-45c8-8ef2-c8ae8c3517eb,Sergio Augusto Silva,,5511985015875,,DAVOS,Eduardo Peroni,NAO_ENCONTRADO,-,,NAO_ENCONTRADO,-,,NAO_ESTA_EM_NENHUM
28a03605-1b46-4475-a25d-26b6a0739225,Sergio Dantas de Andrade,17124756812,5511994818451,sandrade.new@gmail.com,PHARUS,Tiago Junior,NAO_ENCONTRADO,-,,NAO_ENCONTRADO,-,,NAO_ESTA_EM_NENHUM
9d1d9fc8-f3fb-48b5-9d31-252d888fe21b,Sergio Galdino,,5519983630983,galdino.sergio@terra.com.br,PHARUS,Junior Teixeira,NAO_ENCONTRADO,-,,NAO_ENCONTRADO,-,,NAO_ESTA_EM_NENHUM
c20f5604-554e-4aba-9162-b753445d52c9,Sergio Henrique Bugy,28597874880,5511975573366,shbugy@gmail.com,PHARUS,Junior Teixeira,NAO_ENCONTRADO,-,,NAO_ENCONTRADO,-,,NAO_ESTA_EM_NENHUM
f3a91b8f-d46d-47ae-9315-e5e8355a691c,Sérgio Jabali Imperatriz,,5543984312222,sjimperatriz@gmail.com,DAVOS,Eduardo Peroni,NAO_ENCONTRADO,-,,NAO_ENCONTRADO,-,,NAO_ESTA_EM_NENHUM
734506b3-64a4-4d93-8047-f09daae56ce6,Sergio Roberto Masiero,26236741832,5566999847311,masiero121@hotmail.com,PHARUS,Hendrick Dorner,NAO_ENCONTRADO,-,,NAO_ENCONTRADO,-,,NAO_ESTA_EM_NENHUM
22c7a3ee-f6c6-478a-89b0-d3aac9424a5a,Sergio San Juan Dertkigil,19111914890,+5511999156702,sergiosj@unicamp.br,PHARUS,,NAO_ENCONTRADO,-,,NAO_ENCONTRADO,-,,NAO_ESTA_EM_NENHUM
089d58fd-ecd4-489b-894e-6c74b6848ec4,Sheila Regio Secute,,5581999097722,sheilaregiosecute@hotmail.com,PHARUS,Hendrick Dorner,NAO_ENCONTRADO,-,,NAO_ENCONTRADO,-,,NAO_ESTA_EM_NENHUM
8280be84-034d-4883-8ae3-3686f3e7bd99,Sheila Silva Lucio Botelho,,5531999744465,sheilasl.botelho@gmail.com,PHARUS,Cleuber Anicesio,NAO_ENCONTRADO,-,,NAO_ENCONTRADO,-,,NAO_ESTA_EM_NENHUM
1151fb69-3982-4a3b-bec1-8cf46e2ab53c,Sheila Vieira Lage,63552701753,552999870586,lsvanestesiologia@gmail.com,PHARUS,João Aliceda,NAO_ENCONTRADO,-,,NAO_ENCONTRADO,-,,NAO_ESTA_EM_NENHUM
ec3f2916-cf66-4064-9b54-e10668a106b5,Sheyla Arieh de Souza Rezende,73054011100,5564984144645,sheyla_arieh@yahoo.com.br,DAVOS,Eduardo Peroni,NAO_ENCONTRADO,-,,NAO_ENCONTRADO,-,,NAO_ESTA_EM_NENHUM
2571a295-d02c-4b46-b087-54b91f3d1d97,Sheyla Milena Costa de Souza,,84987013945,,PHARUS,João Aliceda,NAO_ENCONTRADO,-,,NAO_ENCONTRADO,-,,NAO_ESTA_EM_NENHUM
bcfac6a3-3199-44a4-8678-20078f1c77b0,Sheyla Rezende,,,,PHARUS,,NAO_ENCONTRADO,-,,NAO_ENCONTRADO,-,,NAO_ESTA_EM_NENHUM
b1b125d7-4cc8-40ea-9815-7142bde9e378,Sidnei Andreotti Galhardi,25711123840,5511992119540,sdnag@hotmail.com,PHARUS,Junior Teixeira,NAO_ENCONTRADO,-,,NAO_ENCONTRADO,-,,NAO_ESTA_EM_NENHUM
9f05e747-11eb-4838-8315-dfcf114bb90e,Silvana Richter,,554191378117,silvanarichter@terra.com.br,PHARUS,Willian Sobral,NAO_ENCONTRADO,-,,NAO_ENCONTRADO,-,,NAO_ESTA_EM_NENHUM
4393282b-f544-4cff-9118-07355cf5a634,Silvânia Alves de Azevedo,93788355549,556196812306,silvaniamamae@gmail.com,PHARUS,Junior Teixeira,NAO_ENCONTRADO,-,,NAO_ENCONTRADO,-,,NAO_ESTA_EM_NENHUM
a94a6e3f-5c66-4f96-8008-df7d7f53a93d,Silvania Ouvrie,66324920453,5511991217653,,DAVOS,Eduardo Peroni,NAO_ENCONTRADO,-,,NAO_ENCONTRADO,-,,NAO_ESTA_EM_NENHUM
2541d984-c72d-441a-999a-28b0a5c7ee8b,Silvia Daniela Scarpel de Oliveira,26549109892,5511999683062,sdscarpel@gmail.com,PHARUS,Tales Salinas Rozo,NAO_ENCONTRADO,-,,NAO_ENCONTRADO,-,,NAO_ESTA_EM_NENHUM
055cd611-124a-4f90-85a6-b4e7aa5c9998,Silvia Gurgueira de Lacerda Rodrigues,22409484859,5511987652847,drasilvialr@gmail.com,PHARUS,João Aliceda,NAO_ENCONTRADO,-,,NAO_ENCONTRADO,-,,NAO_ESTA_EM_NENHUM
a576cd61-1e43-4671-8daf-9c4c5025e67d,Silvia Maria Vecchio Barreira,,5511987770076,silvia.mvbarreira@gmail.com,PHARUS,Hendrick Dorner,NAO_ENCONTRADO,-,,NAO_ENCONTRADO,-,,NAO_ESTA_EM_NENHUM
50e30f08-1140-4893-8770-6c9a385732f1,Silvia Regina de Oliveira Freitas,,5541991112690,silviarofreitas@gmail.com,PHARUS,João Gonçalves,NAO_ENCONTRADO,-,,NAO_ENCONTRADO,-,,NAO_ESTA_EM_NENHUM
4ea0dc4b-732e-4add-b1a7-663543de7516,Silvio Fontana Velludo,32113207842,5511974442224,dr.silviofv@gmail.com,PHARUS,Tiago Junior,NAO_ENCONTRADO,-,,NAO_ENCONTRADO,-,,NAO_ESTA_EM_NENHUM
5394c367-0bdd-4eff-a2d6-098122a4b66d,Simone Henriques Bisconsin Torres,51993058249,5511980871232,dra.simone.henriques@gmail.com,PHARUS,Rodrigo Lunardi,NAO_ENCONTRADO,-,,NAO_ENCONTRADO,-,,NAO_ESTA_EM_NENHUM
d5e3446c-f207-4aec-836c-2f750064c622,Simone Lopes Ferreira,29794128805,5511946184438,moneflima@gmail.com,PHARUS,Cleuber Anicesio,NAO_ENCONTRADO,-,,NAO_ENCONTRADO,-,,NAO_ESTA_EM_NENHUM
e04be88e-4faa-49da-ab45-4ab59916d4cf,Sirlene Maria da Silva,61491470291,5542988742152,sirlenemariadasilva315@gmail.com,PHARUS,Junior Teixeira,NAO_ENCONTRADO,-,,NAO_ENCONTRADO,-,,NAO_ESTA_EM_NENHUM
987b2025-8047-44b3-9494-b1fa7dde48c7,Soeli Yacatu Nakamura do Espírito Santo,22301291987,5511973380156,,PHARUS,Hendrick Dorner,NAO_ENCONTRADO,-,,NAO_ENCONTRADO,-,,NAO_ESTA_EM_NENHUM
9986f017-c372-4309-96fb-eb340fc02427,Sonia Lucia Vieira da Silva,53955633691,5541988663223,soniavieira0411@gmail.com,PHARUS,Junior Teixeira,NAO_ENCONTRADO,-,,NAO_ENCONTRADO,-,,NAO_ESTA_EM_NENHUM
836812ab-1943-4e01-85b5-ac9e39f50a49,Soraia de Andrade,26836402850,5512991059090,advsoraiaandrade@yahoo.com.br,PHARUS,Cleuber Anicesio,NAO_ENCONTRADO,-,,NAO_ENCONTRADO,-,,NAO_ESTA_EM_NENHUM
0bfeb21d-7e2c-4986-8b58-7d27f29d7a88,Suame Kono,32821538804,5515981163610,su_c_k_to@hotmail.com,DAVOS,Eduardo Peroni,NAO_ENCONTRADO,-,,NAO_ENCONTRADO,-,,NAO_ESTA_EM_NENHUM
b022ce8e-9379-4d7d-b030-88c4df8bc193,Suzana Freitas de Almeida,,5548991928223,suzanafreitasalmeida@yahoo.com.br,PHARUS,Tales Salinas Rozo,NAO_ENCONTRADO,-,,NAO_ENCONTRADO,-,,NAO_ESTA_EM_NENHUM
97fe3dd0-7b8d-414a-905d-b4e86af3be64,Suzane Elias Santos,84184337104,5562981453684,suzaneelias@hotmail.com,PHARUS,Nelson Marques,NAO_ENCONTRADO,-,,NAO_ENCONTRADO,-,,NAO_ESTA_EM_NENHUM
cb652ee5-daba-45e8-a783-87a313208cee,Sylvia Regina Pereira Storniolo,17261013803,11987912045,Sylvia.storniolo@gmail.com,PHARUS,Tiago Junior,NAO_ENCONTRADO,-,,NAO_ENCONTRADO,-,,NAO_ESTA_EM_NENHUM
5e661955-f80a-41d5-a8c1-c5bd0acddd00,Taiguara Pacheco Melo,05777153569,+55 73 99902-0324,Taiguara.pmelo@gmail.com,PHARUS,Tiago Junior,NAO_ENCONTRADO,-,,NAO_ENCONTRADO,-,,NAO_ESTA_EM_NENHUM
f56a4208-4c2c-43b8-8a75-d619e59988e7,Taís Mazzini,,5549991412049,medicatais@gmail.com,PHARUS,André Rockenbach,NAO_ENCONTRADO,-,,NAO_ENCONTRADO,-,,NAO_ESTA_EM_NENHUM
eaf1fc5d-0172-424b-830b-ede296f20a38,Tamires Ferreira Franco Rana,36125146871,5512982790911,tamires_franco@hotmail.com,PHARUS,Hendrick Dorner,NAO_ENCONTRADO,-,,NAO_ENCONTRADO,-,,NAO_ESTA_EM_NENHUM
6ebbc62b-2e7d-4a42-92de-074f2c0fb838,Tamiris Terin Martins Hernandes,,5518996467006,tamiristerinmartins@gmail.com,PHARUS,Rodrigo Lunardi,NAO_ENCONTRADO,-,,NAO_ENCONTRADO,-,,NAO_ESTA_EM_NENHUM
a9f223a2-56c5-4d35-bef1-83bf4a4808a5,Tania C. Dal Porto,,5543991090709,tacdalporto@gmail.com,PHARUS,Junior Teixeira,NAO_ENCONTRADO,-,,NAO_ENCONTRADO,-,,NAO_ESTA_EM_NENHUM
e221fbbe-6b46-48eb-bdd2-425677a4f1ca,Tania Maria da Silva Ruy,,5511974091009,tania@navcargo.com.br,PHARUS,Gabriel Oliveira,NAO_ENCONTRADO,-,,NAO_ENCONTRADO,-,,NAO_ESTA_EM_NENHUM
b997e30f-34aa-4b3b-a23c-4fb390fa6754,Tarlen Nascimento Gaiato,11333620799,5522999449292,tarlen.gaiato@hotmail.com,PHARUS,Cleuber Anicesio,NAO_ENCONTRADO,-,,NAO_ENCONTRADO,-,,NAO_ESTA_EM_NENHUM
44c390e1-1c27-42f6-923c-f48011714441,Tatiana Lima Bezerra,78912091387,85981661348,tatianalimabezerra@hotmail.com,PHARUS,Tales Salinas Rozo,ENCONTRADO_EXATO,QV_ID+CPF+EMAIL+TELEFONE,77955a3b-118b-4104-bdfb-9221cc518a7c,NAO_ENCONTRADO,-,,ESTA_NO_ANCHOR
0085024f-e18e-4049-985b-c5e78be1e7b1,Tatiana Peres Vilasboas Alves,,5511972551275,tatianavilasboas@hotmail.com,PHARUS,Samuel Araújo,NAO_ENCONTRADO,-,,NAO_ENCONTRADO,-,,NAO_ESTA_EM_NENHUM
8737dbaf-efcb-40de-9014-901493683dd0,Tatiana Rodrigues Costa,,5586988548741,tatianarcosta.adv@icloud.com,DAVOS,Eduardo Peroni,NAO_ENCONTRADO,-,,NAO_ENCONTRADO,-,,NAO_ESTA_EM_NENHUM
4844d616-e65a-4a07-a7ce-43bd1f0e9fc6,Tatiana Trad,,67992893695,fernanda.satie.ikeda@gmail.com,DAVOS,Eduardo Peroni,NAO_ENCONTRADO,-,,NAO_ENCONTRADO,-,,NAO_ESTA_EM_NENHUM
844bd511-1569-48cf-9b80-1df2c3bd89c3,Tatiana Vaz Horta Xavier Schwenck,,5531987134059,tatavazxavier@gmail.com,PHARUS,,NAO_ENCONTRADO,-,,NAO_ENCONTRADO,-,,NAO_ESTA_EM_NENHUM
46253f15-65cd-4a36-810f-afd30d8db882,Tatiane Bortolin Marmentini,85468592991,5569984854848,pediatati@hotmail.com,PHARUS,Samuel Araújo,NAO_ENCONTRADO,-,,NAO_ENCONTRADO,-,,NAO_ESTA_EM_NENHUM
52d0e3c7-d00f-4ff6-81b3-d94fd942b570,Tayalles Tavares Leite,,85999356809,Tayallestavares@outlook.com,PHARUS,Ana Ávalos,NAO_ENCONTRADO,-,,NAO_ENCONTRADO,-,,NAO_ESTA_EM_NENHUM
d4901877-a7d7-4845-8215-b688230beb5a,Tedi Augusto Gutier Biffi,70605980144,5561999721279,tedi_biffi@hotmail.com,PHARUS,Carlos Serafim,NAO_ENCONTRADO,-,,NAO_ENCONTRADO,-,,NAO_ESTA_EM_NENHUM
00aeb03d-a153-40bc-811c-74f3356e9328,Teresa Cristina Gerolamo,13042396835,5516982195330,teresagerolamo@gmail.com,PHARUS,Gabriel Oliveira,NAO_ENCONTRADO,-,,NAO_ENCONTRADO,-,,NAO_ESTA_EM_NENHUM
47f62714-fa32-48a9-8049-3f7fcb3f35b2,Teresa Cristina Muniz Queiroz,72495138691,5534999612425,tcryz2014@gmail.com,PHARUS,Tiago Junior,NAO_ENCONTRADO,-,,NAO_ENCONTRADO,-,,NAO_ESTA_EM_NENHUM
51d62b37-d534-4dbb-a0b9-cc0343e3008d,Teste Y,72084161339,84998432054,potew14571@homvela.com,,,AMBIGUO,QV_ID+CPF+EMAIL+TELEFONE,,NAO_ENCONTRADO,-,,AMBIGUO
3e5b353f-ae66-4715-8d43-035f19c0b77d,Thadeu de Ávila Ribeiro Junqueira,32757152831,5511963978602,thadeuarj@gmail.com,PHARUS,Cleuber Anicesio,NAO_ENCONTRADO,-,,NAO_ENCONTRADO,-,,NAO_ESTA_EM_NENHUM
77201d16-f591-4cd0-b7ae-336befe332ea,Thaís Mendes Webber Barelli,,5541999727972,thaiswebber@hotmail.com,PHARUS,Gabriel Oliveira,NAO_ENCONTRADO,-,,NAO_ENCONTRADO,-,,NAO_ESTA_EM_NENHUM
5e0bc7ea-9b15-46bc-bf91-39aa89126b62,Thais Mesquita Medeiros,74756346200,5598981515571,thaismedeiros21@gmail.com,PHARUS,Rodrigo Lunardi,NAO_ENCONTRADO,-,,NAO_ENCONTRADO,-,,NAO_ESTA_EM_NENHUM
5099b99f-2c1b-4282-82e3-1020daeb556f,Thais Moglieri Marconato Gonzalez,27208778833,5511973435696,thaismmarconato@hotmail.com,PHARUS,Tales Salinas Rozo,NAO_ENCONTRADO,-,,NAO_ENCONTRADO,-,,NAO_ESTA_EM_NENHUM
239736af-aa99-4417-a928-0121561d4bbc,Thais Troll,30719576881,5511997416592,thaistroll@yahoo.com.br,PHARUS,Nelson Marques,NAO_ENCONTRADO,-,,NAO_ENCONTRADO,-,,NAO_ESTA_EM_NENHUM
02f862b1-b85c-418a-bda4-ef37cd407409,Thaísa Valentim Moreira Pretto,33907813820,5511987417592,thaisavmpretto@gmail.com,PHARUS,Tales Salinas Rozo,NAO_ENCONTRADO,-,,NAO_ENCONTRADO,-,,NAO_ESTA_EM_NENHUM
1755aa8f-d1f6-409f-9a48-c4f1208cf9fe,Thaline Carvalho Medeiros Costa,,55 86 9955-6785,medeirosthaline@gmail.com,PHARUS,Thiago Freire,NAO_ENCONTRADO,-,,NAO_ENCONTRADO,-,,NAO_ESTA_EM_NENHUM
c649bf99-ab78-4d7d-bc87-906dd383806b,Thayla Fernandes,,5549999005152,thayla.fernandes@hotmail.com,PHARUS,Cleuber Anicesio,NAO_ENCONTRADO,-,,NAO_ENCONTRADO,-,,NAO_ESTA_EM_NENHUM
def99840-21bc-4a92-9372-61ac22946b8c,Thays Paula Lopes Custódio,35940739806,5511991305652,thays.custodio@gmail.com,PHARUS,Junior Teixeira,NAO_ENCONTRADO,-,,NAO_ENCONTRADO,-,,NAO_ESTA_EM_NENHUM
85442300-9e1b-4d07-9642-9bfbd5572dce,Thelma Nascimento,20086342304,55 86 9981-4241,thelmamn@gmail.com,DAVOS,Eduardo Peroni,NAO_ENCONTRADO,-,,NAO_ENCONTRADO,-,,NAO_ESTA_EM_NENHUM
b2970228-7978-45d9-abab-5fa16de7798a,Thiago Adriano Silva Guimarães,,5534984021928,thiagovascular@gmail.com,PHARUS,Cleuber Anicesio,NAO_ENCONTRADO,-,,NAO_ENCONTRADO,-,,NAO_ESTA_EM_NENHUM
908a6b0d-d0a2-4d13-af4c-50c5e055f7db,Thiago Alves Derrico,21604625864,5512991920000,contato@thiagoderrico.com.br,PHARUS,Nelson Marques,NAO_ENCONTRADO,-,,NAO_ENCONTRADO,-,,NAO_ESTA_EM_NENHUM
71efa39e-6979-4b2c-b63c-df1cd739f7b0,Thiago Bettin Lazzarotto,89880633091,5554996389124,thiagolazzarotto29@hotmail.com,PHARUS,Tales Salinas Rozo,NAO_ENCONTRADO,-,,NAO_ENCONTRADO,-,,NAO_ESTA_EM_NENHUM
7ab42eb1-239c-41f7-8be8-f9457b917a26,Thiago Caldi de Carvalho,21700268864,5511999034037,dr.thiagocaldi@gmail.com,DAVOS,Lucas Barrientos,NAO_ENCONTRADO,-,,NAO_ENCONTRADO,-,,NAO_ESTA_EM_NENHUM
6f897501-f8b3-43f6-8ac4-508e4417e4f0,Thiago Camargo de Marco,,5511983473682,thiago@hdibrasil.com.br,PHARUS,Junior Teixeira,NAO_ENCONTRADO,-,,NAO_ENCONTRADO,-,,NAO_ESTA_EM_NENHUM
08cfa43c-466c-4a2a-8ff3-47084776f272,Thiago Cordovani,,5524992617674,thicordovani@hotmail.com,PHARUS,,NAO_ENCONTRADO,-,,NAO_ENCONTRADO,-,,NAO_ESTA_EM_NENHUM
826e2211-948c-4a5d-9b67-58360de2601b,Thiago Farleiy de Assis,,5537999216760,thiagofadvocacia@gmail.com,PHARUS,Junior Teixeira,NAO_ENCONTRADO,-,,NAO_ENCONTRADO,-,,NAO_ESTA_EM_NENHUM
4d426fdf-9b15-4118-a036-1b6e8f6cd0b9,Thiago Galanti,,5511910044970,thiagogalanti90@gmail.com,PHARUS,Willian Sobral,NAO_ENCONTRADO,-,,NAO_ENCONTRADO,-,,NAO_ESTA_EM_NENHUM
8a8e720f-4289-45a3-846b-910f478cf59d,Thiago Henrique de Andrade Barbosa,,+55 83 98190-7007,Thiago_henriq_@hotmail.com,PHARUS,Tiago Junior,NAO_ENCONTRADO,-,,NAO_ENCONTRADO,-,,NAO_ESTA_EM_NENHUM
48b2ba04-3df0-4b4e-a380-b746b6603654,Thiago Laurino da Silva,04575775924,+5541998396535,elizeu.laurino@gmail.com,DAVOS,Julio Cienkonog,NAO_ENCONTRADO,-,,NAO_ENCONTRADO,-,,NAO_ESTA_EM_NENHUM
5d92a9dd-dc07-4a1e-8671-1c7e7b083535,Thiago Marinho de Oliveira,,5567999584700,tgmarinho@gmail.com,PHARUS,Samuel Araújo,NAO_ENCONTRADO,-,,NAO_ENCONTRADO,-,,NAO_ESTA_EM_NENHUM
51cf72e0-217b-45c1-8f08-91ebdafb3252,Thiago Martins Taglietti,94844666053,5554991671134,ttaglietti@hotmail.com,PHARUS,Willian Oliveira Schimidt,NAO_ENCONTRADO,-,,NAO_ENCONTRADO,-,,NAO_ESTA_EM_NENHUM
d08a438c-8d41-4e5f-bb8a-6ea44fb12653,Thiago Omena,,5511983532442,,DAVOS,Eduardo Peroni,NAO_ENCONTRADO,-,,NAO_ENCONTRADO,-,,NAO_ESTA_EM_NENHUM
45687f7d-c4fc-4043-a30a-5089f7d04248,Thiago Silverio,21891910841,5511984085253,thiag.o@terra.com.br,PHARUS,Thiago Freire,NAO_ENCONTRADO,-,,NAO_ENCONTRADO,-,,NAO_ESTA_EM_NENHUM
4fcc51cd-93e9-479f-bd06-e450363395b4,Thyago Nogueira Dantas,34855055875,5511930030009,dantas_thyago@hotmail.com,PHARUS,Thiago Henrique Trova,NAO_ENCONTRADO,-,,NAO_ENCONTRADO,-,,NAO_ESTA_EM_NENHUM
dcc494a8-a0ec-42cc-b6d4-dbafad40350a,Tiago Alessandro Girardi de Lima,,5551997158705,girardi.elite@gmail.com,PHARUS,Carlos Serafim,NAO_ENCONTRADO,-,,NAO_ENCONTRADO,-,,NAO_ESTA_EM_NENHUM
e37c36af-0aee-4978-93d5-2f8fcf153966,Tiago Blaya,,5551999972055,tiagoblaya@me.com,PHARUS,André Rockenbach,NAO_ENCONTRADO,-,,NAO_ENCONTRADO,-,,NAO_ESTA_EM_NENHUM
6d7435bc-a21a-4249-9c9a-a94bb175e4c1,Tiago Bonora da Silva,32282181808,5518997219988,tiagobonora@hotmail.com,PHARUS,Cleuber Anicesio,NAO_ENCONTRADO,-,,NAO_ENCONTRADO,-,,NAO_ESTA_EM_NENHUM
c6fdeb56-6eee-487a-9a22-891795b918b1,Tiago Bordignon,,555496673009,mdtiagobordignon@gmail.com,PHARUS,Abner Braga,NAO_ENCONTRADO,-,,NAO_ENCONTRADO,-,,NAO_ESTA_EM_NENHUM
82c338c8-a92c-4e55-8ac1-72c4bd7c65e4,Tiago Corrêa Saldanha,95906509100,5517997767616,tcsaldanha@hotmail.com,PHARUS,Rodrigo Lunardi,NAO_ENCONTRADO,-,,NAO_ENCONTRADO,-,,NAO_ESTA_EM_NENHUM
bda6a2e2-a49e-4ac2-811d-efdccb94e333,Tiago de Moraes Rocha,,5562992373147,tgmrocha@gmail.com,PHARUS,Samuel Araújo,NAO_ENCONTRADO,-,,NAO_ENCONTRADO,-,,NAO_ESTA_EM_NENHUM
5bfb025f-718e-4634-8a49-797ef9ff8d02,Tiago Luis da Silva,22000902855,+5511970585958,ttiagoluis@gmail.com,PHARUS,,NAO_ENCONTRADO,-,,NAO_ENCONTRADO,-,,NAO_ESTA_EM_NENHUM
755dfc60-72d4-4846-91e3-6db8085b5893,Tiago Luiz Panini,98839888934,5547984133131,tiagoluizpanini@gmail.com,PHARUS,Gabriel Oliveira,NAO_ENCONTRADO,-,,NAO_ENCONTRADO,-,,NAO_ESTA_EM_NENHUM
37191829-1d42-4b60-b10b-88a20b495f5d,Tiago Pereira Ramalho Dias,,5584996624555,ramalho310@hotmail.com,PHARUS,Abner Braga,NAO_ENCONTRADO,-,,NAO_ENCONTRADO,-,,NAO_ESTA_EM_NENHUM
4e5f8f1b-5fc6-411c-9fdb-eb2c7756f282,Tito Costa,,5521982673003,titocosta3000@yahoo.com.br,PHARUS,Willian Sobral,NAO_ENCONTRADO,-,,NAO_ENCONTRADO,-,,NAO_ESTA_EM_NENHUM
405529da-f82b-4b24-af03-42a81ef19653,Ulisses Alves Somaio,71470700115,5544991216660,ulichev@gmail.com,PHARUS,Cleuber Anicesio,NAO_ENCONTRADO,-,,NAO_ENCONTRADO,-,,NAO_ESTA_EM_NENHUM
87328c9b-1219-4e78-899b-65ef48ac2fe0,Ulisses Fernando de Souza,25006373873,551192759000,ulisses@i9menu.com.br,PHARUS,Samuel Araújo,NAO_ENCONTRADO,-,,NAO_ENCONTRADO,-,,NAO_ESTA_EM_NENHUM
a73bb11b-4bfc-45e7-8d54-22afab26d4ac,Ursulino Martins Neiva,76834077391,5586981932000,ursulinoneiva@yahoo.com.br,PHARUS,Junior Teixeira,NAO_ENCONTRADO,-,,NAO_ENCONTRADO,-,,NAO_ESTA_EM_NENHUM
f861511d-13ad-4a89-abb3-684be5d239ab,Vagner Garcia de Souza,,5521980532299,garciamarsu@yahoo.com.br,PHARUS,Thiago Henrique Trova,NAO_ENCONTRADO,-,,NAO_ENCONTRADO,-,,NAO_ESTA_EM_NENHUM
4c9234e1-c167-4e7a-8cd9-7e3c171b578f,Vagner Jose do Sacramento Rodrigues,84184663168,5562981650620,vsacramento@gmail.com,PHARUS,Tales Salinas Rozo,NAO_ENCONTRADO,-,,NAO_ENCONTRADO,-,,NAO_ESTA_EM_NENHUM
500793fc-2b15-46da-a8d3-91ccf15bff01,Valdecir Augusto Ribeiro Ferreira,31230097856,5518996576887,augustoribeiro670@gmail.com,PHARUS,Hendrick Dorner,NAO_ENCONTRADO,-,,NAO_ENCONTRADO,-,,NAO_ESTA_EM_NENHUM
9413d819-00ee-402d-bb57-d9e3e9c48184,Valdir Santana Kaftan,,5511999412503,vs.kaftan@gmail.com,PHARUS,Thiago Henrique Trova,NAO_ENCONTRADO,-,,NAO_ENCONTRADO,-,,NAO_ESTA_EM_NENHUM
ea914122-8416-4b30-a3ea-ceb386fbce72,Valeria Gomes de Abreu,70089493320,5585996567260,valeria7.abreu@gmail.com,PHARUS,Thiago Henrique Trova,NAO_ENCONTRADO,-,,NAO_ENCONTRADO,-,,NAO_ESTA_EM_NENHUM
ccfe8ab3-f347-4c96-8eda-9e6da3a41a24,Valéria Ribeiro Viana do Amaral,18424642805,5519999628800,lelavidasaudavel@gmail.com,PHARUS,Gabriel Oliveira,NAO_ENCONTRADO,-,,NAO_ENCONTRADO,-,,NAO_ESTA_EM_NENHUM
dc05d98f-6e70-4feb-a932-055fb374379e,Valmir Cezar Tottoli da Silva*,,5519997344322,valmir01tottoli@outlook.com,PHARUS,Hendrick Dorner,NAO_ENCONTRADO,-,,NAO_ENCONTRADO,-,,NAO_ESTA_EM_NENHUM
744fd068-4e0c-49e7-84fb-f3441a0d2dfe,Valquiria Alves Miguéis Campos Cordeiro,,+55 21 96411-4199,valmigueis.corretora@gmail.com,PHARUS,Tiago Junior,NAO_ENCONTRADO,-,,NAO_ENCONTRADO,-,,NAO_ESTA_EM_NENHUM
67147be3-951b-40e5-8a07-63d4f2966d01,Valter Bende,44724900130,5565999500711,valter.bende@gmail.com,PHARUS,Cleuber Anicesio,NAO_ENCONTRADO,-,,NAO_ENCONTRADO,-,,NAO_ESTA_EM_NENHUM
4da63226-eba2-41f4-b093-19f3dc60e662,Vanda Alves Souza,,5565999853585,alvessouza_vanda@hotmail.com,PHARUS,Junior Teixeira,NAO_ENCONTRADO,-,,NAO_ENCONTRADO,-,,NAO_ESTA_EM_NENHUM
8b92edb1-52f6-4c1c-a066-878071de2905,Vander Paulo Ribeiro do Nascimento,02467344770,+5527999114829,vander.paulo@gmail.com,PHARUS,,NAO_ENCONTRADO,-,,NAO_ENCONTRADO,-,,NAO_ESTA_EM_NENHUM
508948fd-990c-4835-afb0-73f520bfa4f1,Vanderaldo Rodrigues Palma,17224871869,5512988680185,,DAVOS,Lucas Barrientos,NAO_ENCONTRADO,-,,NAO_ENCONTRADO,-,,NAO_ESTA_EM_NENHUM
921ed357-edf9-4a3f-a15e-b6701cf92fda,Vanessa da Silva Machado,,5522974014349,vanaedfisica@hotmail.com,PHARUS,Gabriel Oliveira,NAO_ENCONTRADO,-,,NAO_ENCONTRADO,-,,NAO_ESTA_EM_NENHUM
aed8db4d-5201-4de5-934b-870c7410695e,Vanessa Sanabria Bevilaqua,92180590172,5566996600306,dra.vanessasanabria@gmail.com,PHARUS,Tiago Junior,NAO_ENCONTRADO,-,,NAO_ENCONTRADO,-,,NAO_ESTA_EM_NENHUM
9620ef74-c282-41ca-ad13-fa6d3394d609,Vanessa Sole Ferreira Magalhães,,5561981158833,vanessasole@hotmail.com,PHARUS,Gabriel Oliveira,NAO_ENCONTRADO,-,,NAO_ENCONTRADO,-,,NAO_ESTA_EM_NENHUM
f5afb723-9351-4013-9f14-160c9ec1b53f,Vanessa Strambeck Lofrano,30023692847,5511994437285,vanessa.lofrano@gmail.com,PHARUS,Hendrick Dorner,NAO_ENCONTRADO,-,,NAO_ENCONTRADO,-,,NAO_ESTA_EM_NENHUM
23ee0755-f903-4522-a31a-cf405cb15453,Vania Zanon Fachini,,5577999880313,vaniafachini@hotmail.com,DAVOS,Eduardo Peroni,NAO_ENCONTRADO,-,,NAO_ENCONTRADO,-,,NAO_ESTA_EM_NENHUM
57617b2d-2dd1-4376-bbd2-1c7dc89b4224,Vanielle Santos,,558699916448,vaniellesousa.adv@gmail.com,DAVOS,Eduardo Peroni,NAO_ENCONTRADO,-,,NAO_ENCONTRADO,-,,NAO_ESTA_EM_NENHUM
8ece52e9-2443-447e-a07f-53c504b48c9d,Varley Machiavelli Junior,,,varleyagrow@gmail.com,PHARUS,Carlos Serafim,NAO_ENCONTRADO,-,,NAO_ENCONTRADO,-,,NAO_ESTA_EM_NENHUM
d7b585c2-7022-437e-8ceb-6b829e9a4ea8,Vicente Lopes da Silva Junior,,5521981227376,vicentelopes03@gmail.com,PHARUS,Hendrick Dorner,NAO_ENCONTRADO,-,,NAO_ENCONTRADO,-,,NAO_ESTA_EM_NENHUM
37f9d631-b7b7-47d5-a829-47098aa9c63b,Vicente Lordello Cortez,,5511984590040,lordellocortez@yahoo.com.br,PHARUS,Hendrick Dorner,NAO_ENCONTRADO,-,,NAO_ENCONTRADO,-,,NAO_ESTA_EM_NENHUM
9b4811ca-9479-4514-b742-f4d2a18ba22f,Vicente Nardin,,,videnardin@gmail.com,PHARUS,,NAO_ENCONTRADO,-,,NAO_ENCONTRADO,-,,NAO_ESTA_EM_NENHUM
f6daa9ec-4f47-48fd-a385-16dce309a53f,Victor Alexandrino Milfont de Brito,34376365882,11973832093,victoralebrito@msn.com,DAVOS,Lucas Barrientos,NAO_ENCONTRADO,-,,NAO_ENCONTRADO,-,,NAO_ESTA_EM_NENHUM
eb8f1fd9-3da2-45da-8153-a0070cbf58e7,Victor Augusto Silva Dias Bicalho,,5531992183611,victorvasdb@gmail.com,PHARUS,Thiago Henrique Trova,NAO_ENCONTRADO,-,,NAO_ENCONTRADO,-,,NAO_ESTA_EM_NENHUM
ed043034-1e76-4bc4-9acd-06c45e104013,Victor Gomes Martins,11105723798,5521981290529,victorgmartins85@hotmail.com,PHARUS,Samuel Araújo,NAO_ENCONTRADO,-,,NAO_ENCONTRADO,-,,NAO_ESTA_EM_NENHUM
262d4ca5-7d0e-42ed-ab4a-b789dcecc32c,Victor Henrique Medeiros Loureiro,10692659420,83998004954,victorhenrique154@gmail.com,PHARUS,João Aliceda,NAO_ENCONTRADO,-,,NAO_ENCONTRADO,-,,NAO_ESTA_EM_NENHUM
371e3e74-456d-4e7c-8f3b-7dedb944d83a,Victor Hugo João,,5521973781307,vihujo@gmail.com,DAVOS,Lucas Barrientos,NAO_ENCONTRADO,-,,NAO_ENCONTRADO,-,,NAO_ESTA_EM_NENHUM
acaa071f-f222-462f-a8fc-c3e2e3949a51,Victor Hugo Macedo Mattos,,5541991254063,,DAVOS,Daniel Fentanes,NAO_ENCONTRADO,-,,NAO_ENCONTRADO,-,,NAO_ESTA_EM_NENHUM
7612e0f6-290e-4a06-8f1d-88d61ce3a91e,Victor Luiz de Matos Franco,,5531996360161,victorfraanco@gmail.com,PHARUS,André Rockenbach,NAO_ENCONTRADO,-,,NAO_ENCONTRADO,-,,NAO_ESTA_EM_NENHUM
922fec85-94ee-4107-be81-58a01f5566c1,Victor M. Taveira,,5521988298829,vtaveira@gmail.com,PHARUS,Cleuber Anicesio,NAO_ENCONTRADO,-,,NAO_ENCONTRADO,-,,NAO_ESTA_EM_NENHUM
5a7257f9-ada7-41e1-887f-45f99f3f95ab,Victor Scotton Leal,,551199338-1826,Victor.sl@gmail.com,PHARUS,Tiago Junior,NAO_ENCONTRADO,-,,NAO_ENCONTRADO,-,,NAO_ESTA_EM_NENHUM
3248b5ff-9c0f-4012-820d-58a473c6aa6c,Victor Vinícius Soares de Mello,13305574763,5521969663999,victorbrink28@gmail.com,PHARUS,Gabriel Oliveira,NAO_ENCONTRADO,-,,NAO_ENCONTRADO,-,,NAO_ESTA_EM_NENHUM
09e4c2a5-8d7b-488e-901f-fe18cc6ec973,Vilsonei Vieira,81451563949,5551998958887,saguibateria@gmail.com,PHARUS,Cleuber Anicesio,NAO_ENCONTRADO,-,,NAO_ENCONTRADO,-,,NAO_ESTA_EM_NENHUM
da78d2e2-2302-4f57-96b7-dd74f555860a,Vinicius Antunes Menezes,,5522988137402,vinicius7402@gmail.com,PHARUS,Willian Sobral,NAO_ENCONTRADO,-,,NAO_ENCONTRADO,-,,NAO_ESTA_EM_NENHUM
59e89134-d7a7-486e-89a1-10355850c7f4,Vinicius Augusto Vieira Sousa,,5521975421878,dr.augusto.sousa@gmail.com,PHARUS,Abner Braga,NAO_ENCONTRADO,-,,AMBIGUO,NOME_APENAS,,AMBIGUO
18cdc40c-b0f5-4c1b-a700-1d594fc0cced,Vinicius Batista Ribeiro,,5598981358562,viniciusribeiro.jus@gmail.com,PHARUS,Gabriel Oliveira,NAO_ENCONTRADO,-,,NAO_ENCONTRADO,-,,NAO_ESTA_EM_NENHUM
6374365e-f03a-46b7-ad5b-1105b5b267a5,Vinicius Cunha,72150386100,5561991550505,viniciusantoscunha@yahoo.com.br,PHARUS,Tales Salinas Rozo,NAO_ENCONTRADO,-,,NAO_ENCONTRADO,-,,NAO_ESTA_EM_NENHUM
2e9bdf25-5d79-4183-8a88-113969e1737f,Vinicius Delgado Caminha,,5521989077772,viniciuscaminha@gmail.com,PHARUS,Gabriel Oliveira,NAO_ENCONTRADO,-,,NAO_ENCONTRADO,-,,NAO_ESTA_EM_NENHUM
a8feee95-a686-4b57-9a08-8b57e73fcd65,Vinicius Diniz Rodrigues,,559284518702,viniciusdr@hotmail.com,PHARUS,Willian Sobral,NAO_ENCONTRADO,-,,NAO_ENCONTRADO,-,,NAO_ESTA_EM_NENHUM
8e22f7d7-3c6f-4038-894f-9b0cd5e5ebff,Vinicius Drumond,,5531995275252,vinicius@baterge.com.br,PHARUS,Hendrick Dorner,NAO_ENCONTRADO,-,,NAO_ENCONTRADO,-,,NAO_ESTA_EM_NENHUM
725b49f9-fd93-4bf7-a56b-a098d9a3422e,Vinicius Fernando Vieira,,+55 43 9905-7220,Viniciusfervieira@gmail.com,PHARUS,Tiago Junior,NAO_ENCONTRADO,-,,NAO_ENCONTRADO,-,,NAO_ESTA_EM_NENHUM
fb034ad5-851d-4819-b50a-fafb628a69f4,Vinicius Gomes Lippi,,5515997888484,,DAVOS,Eduardo Peroni,NAO_ENCONTRADO,-,,NAO_ENCONTRADO,-,,NAO_ESTA_EM_NENHUM
8226c2dc-d51b-45ee-8353-4997fa104bcd,Vinicius Henrique Rocha da Luz,,5511948303758,viniciusrocha2507@gmail.com,PHARUS,Willian Sobral,NAO_ENCONTRADO,-,,NAO_ENCONTRADO,-,,NAO_ESTA_EM_NENHUM
ebd2e504-c3b4-4bd7-aa24-b6f195289167,Vinícius Melo Miranda,,5521979804250,viniciusmiranda.ime@gmail.com,PHARUS,Abner Braga,NAO_ENCONTRADO,-,,NAO_ENCONTRADO,-,,NAO_ESTA_EM_NENHUM
270c0c90-33fb-49a8-a184-14284ac444f1,Vinicius Mendes Gomide,,5548999760380,vinigomide@gmail.com,PHARUS,Hendrick Dorner,NAO_ENCONTRADO,-,,NAO_ENCONTRADO,-,,NAO_ESTA_EM_NENHUM
97cd5381-c661-4845-97d5-0fe55ae7e8ba,Vinicius Messias Ramos,26576566840,5511992442627,vinicius.mramos@gmail.com,PHARUS,Thiago Henrique Trova,NAO_ENCONTRADO,-,,NAO_ENCONTRADO,-,,NAO_ESTA_EM_NENHUM
69008670-c2c0-450a-a8f7-fb2901b08ffd,Vinicius Oliveira Ferro Costa,,86988020902,Viniciusferrocosta@hotmail.com,PHARUS,Rodrigo Lunardi,NAO_ENCONTRADO,-,,NAO_ENCONTRADO,-,,NAO_ESTA_EM_NENHUM
41ccc991-ecdd-41ad-8ecb-d152543bae73,Vinicius Rocha Peres,,5561981106044,viniciusrperes@gmail.com,PHARUS,Thiago Henrique Trova,NAO_ENCONTRADO,-,,NAO_ENCONTRADO,-,,NAO_ESTA_EM_NENHUM
bfa3aa01-1488-484a-9364-fd99ad91398f,Vinicius Tadeu Sattin Rodrigues,,5515997946172,dr.vtrodrigues@gmail.com,PHARUS,João Aliceda,NAO_ENCONTRADO,-,,NAO_ENCONTRADO,-,,NAO_ESTA_EM_NENHUM
5f411ec8-d1d5-435a-afd9-6b9070cea5de,Vinícius Zolezi da Silva,32300730880,5519981872478,viniciuszolezi@hotmail.com,PHARUS,João Gonçalves,NAO_ENCONTRADO,-,,NAO_ENCONTRADO,-,,NAO_ESTA_EM_NENHUM
811b30c8-48dd-4360-a7a4-b9d0b0625ad1,Vitor Cachoeira,19998350000,5592981540061,,DAVOS,Lucas Barrientos,NAO_ENCONTRADO,-,,NAO_ENCONTRADO,-,,NAO_ESTA_EM_NENHUM
d20843f5-52a1-48e2-8b78-4128b28ef3f9,Vitor César de Morais Dutra,,5511966922384,vitor.cesar.dutra@gmail.com,PHARUS,,NAO_ENCONTRADO,-,,NAO_ENCONTRADO,-,,NAO_ESTA_EM_NENHUM
9fa477a0-4295-4e3a-93fa-7b8561042ef0,Vitor Daniel Braga Ramos,33020134854,5511996181216,vbraga.ramos@gmail.com,DAVOS,Julio Cienkonog,NAO_ENCONTRADO,-,,NAO_ENCONTRADO,-,,NAO_ESTA_EM_NENHUM
ce0b7e07-c33e-4cec-a414-0473cd0646c8,Vitor de Sousa Medeiros,,48991882636,vitordesousamedeiros@gmail.com,PHARUS,Willian Oliveira Schimidt,NAO_ENCONTRADO,-,,NAO_ENCONTRADO,-,,NAO_ESTA_EM_NENHUM
4c2ef402-c08f-4c4f-8d9c-73f2a18e9b30,Vitor Oliveira Alves,13919764609,33984095478,alvesolit@gmail.com,PHARUS,João Aliceda,NAO_ENCONTRADO,-,,NAO_ENCONTRADO,-,,NAO_ESTA_EM_NENHUM
ede69a48-9c97-4e3a-b2bf-dd19ec08455a,Vitor Tezzotto,34211037803,5515997997684,webtezz@gmail.com,PHARUS,Nelson Marques,NAO_ENCONTRADO,-,,NAO_ENCONTRADO,-,,NAO_ESTA_EM_NENHUM
5e8a6062-9023-4cc9-8380-be45211c09f4,Vitor Yukio Ninomiya,,5511972608197,vitor.ninomiya@gmail.com,PHARUS,,NAO_ENCONTRADO,-,,NAO_ENCONTRADO,-,,NAO_ESTA_EM_NENHUM
8fb3bbf2-8187-4f31-a27d-caac35646adb,Vívian Moyses,32294185811,5516992323775,vivianpmiguel@yahoo.com.br,PHARUS,Tales Salinas Rozo,NAO_ENCONTRADO,-,,NAO_ENCONTRADO,-,,NAO_ESTA_EM_NENHUM
be32c1b4-f71c-4395-8f4d-05bac69ff211,Vivian Pereira de Oliveira,,5511996495544,vivian.oliveiraped@gmail.com,PHARUS,Tales Salinas Rozo,NAO_ENCONTRADO,-,,NAO_ENCONTRADO,-,,NAO_ESTA_EM_NENHUM
f0c719e8-37a2-42be-b4f8-f2a9fd8f0355,Viviana de Mello Guzzo Lemke,73212113987,41999758082,vivianaglemke@gmail.com,DAVOS,Lucas Barrientos,NAO_ENCONTRADO,-,,NAO_ENCONTRADO,-,,NAO_ESTA_EM_NENHUM
dab22696-76ed-4af7-bc26-789dd6fd917a,Viviane Fernandes Barros,,5521999566212,vivianefbarros@gmail.com,PHARUS,Carlos Serafim,NAO_ENCONTRADO,-,,AMBIGUO,NOME_APENAS,,AMBIGUO
2ae20ae8-068a-4dea-b7be-69a5d7da4e9e,Walter Oliveira Junior,84757183615,5534991675190,walteorjr@hotmail.com,PHARUS,Thiago Henrique Trova,NAO_ENCONTRADO,-,,NAO_ENCONTRADO,-,,NAO_ESTA_EM_NENHUM
a91a6ac2-f095-4a9d-aaea-735a1b9109fc,Wanessa Moya Serrão,48456089877,11989665195,wanessaserrao2@gmail.com,PHARUS,Willian Oliveira Schimidt,NAO_ENCONTRADO,-,,NAO_ENCONTRADO,-,,NAO_ESTA_EM_NENHUM
9a295883-0f12-4083-939e-64590be6d846,Warlley Labrujo Gomes da Silva,12719448710,5521969593885,warlleylabrujo@gmail.com,PHARUS,Tales Salinas Rozo,NAO_ENCONTRADO,-,,NAO_ENCONTRADO,-,,NAO_ESTA_EM_NENHUM
ca060efe-7256-44c2-8928-2fde54a19ca6,Wellington Borlenghi,,,ton_borlenghi@hotmail.com,PHARUS,Carlos Serafim,NAO_ENCONTRADO,-,,NAO_ENCONTRADO,-,,NAO_ESTA_EM_NENHUM
0b0209c8-8c8a-4c5d-8f0e-503901af0b10,Wellington da Cruz Terra,91745063668,5592981540061,wterra2000@bol.com.br,DAVOS,Eduardo Peroni,NAO_ENCONTRADO,-,,NAO_ENCONTRADO,-,,NAO_ESTA_EM_NENHUM
a61e6921-ec6d-4d68-b68a-b11820adb6d8,Wellington Flaubert Lima Xavier,90483430544,5571991397513,xflaubert@yahoo.com.br,PHARUS,João Aliceda,NAO_ENCONTRADO,-,,NAO_ENCONTRADO,-,,NAO_ESTA_EM_NENHUM
52b78db6-309e-496d-8ef2-a2855f3f3f5c,Wellington Monteiro Cardoso,,559184715829,wellmontcard1987@gmail.com,PHARUS,Willian Sobral,NAO_ENCONTRADO,-,,NAO_ENCONTRADO,-,,NAO_ESTA_EM_NENHUM
e17b46ef-9fc5-4e29-9cd5-131b397c360d,Wenner Roberta,91087252172,5564993348379,wennermed2@hotmail.com,PHARUS,Tales Salinas Rozo,NAO_ENCONTRADO,-,,NAO_ENCONTRADO,-,,NAO_ESTA_EM_NENHUM
49349197-d50a-48a9-bdea-568b420c95cc,Wesley Dallaqua Teixeira / Sandra da Silva Ferreira,72073047149,5567996034296,wesleydallaqua@hotmail.com,PHARUS,Cleuber Anicesio,NAO_ENCONTRADO,-,,NAO_ENCONTRADO,-,,NAO_ESTA_EM_NENHUM
7d850959-61dd-49ff-b819-db5ef7ce6475,Wiliam Soltau Dani,71249834015,5549999820474,wiliamdani@gmail.com,DAVOS,Eduardo Peroni,NAO_ENCONTRADO,-,,NAO_ENCONTRADO,-,,NAO_ESTA_EM_NENHUM
894528c8-e783-475a-b6d1-3a9424ce17d3,Willam Kermeson Andrade Gomes de Freitas,,558799795003,Willam.kermeson@gmail.com,PHARUS,Abner Braga,NAO_ENCONTRADO,-,,NAO_ENCONTRADO,-,,NAO_ESTA_EM_NENHUM
b82175f9-2769-4b51-a876-26103d1fe8cf,Willca Sales Rios,38181096304,5585999097448,willcasrios@gmail.com,PHARUS,Willian Oliveira Schimidt,NAO_ENCONTRADO,-,,NAO_ENCONTRADO,-,,NAO_ESTA_EM_NENHUM
5f0c014f-717f-48ae-b6d1-ec8f74547890,William Cunha Brandt,21826980865,19981495064,williamcbrandt@yahoo.com.br,PHARUS,Cleuber Anicesio,NAO_ENCONTRADO,-,,NAO_ENCONTRADO,-,,NAO_ESTA_EM_NENHUM
7d4f7deb-8ed2-48c1-a6cb-bc06db9aa844,William Elias Araujo,,5519989233535,contato@williamaraujo.com.br,PHARUS,Junior Teixeira,NAO_ENCONTRADO,-,,NAO_ENCONTRADO,-,,NAO_ESTA_EM_NENHUM
9a38525c-f4db-4ea1-939f-7b2a8e7ccd61,William Fornari,,5554991808059,wfkumpel@gmail.com,PHARUS,João Aliceda,NAO_ENCONTRADO,-,,NAO_ENCONTRADO,-,,NAO_ESTA_EM_NENHUM
06772c53-e2b3-40d5-b8d6-3b1836c66975,William Goncalves Teixeira,42308548894,5511975636336,w.gteixeira@outlook.com,PHARUS,Willian Sobral,NAO_ENCONTRADO,-,,NAO_ENCONTRADO,-,,NAO_ESTA_EM_NENHUM
39883621-b217-4deb-8fe4-5c5a7646d94c,William Leite Leme Júnior,,5567996020604,williamleitelemos@gmail.com,PHARUS,Samuel Araújo,NAO_ENCONTRADO,-,,NAO_ENCONTRADO,-,,NAO_ESTA_EM_NENHUM
19bff5cb-307a-42b4-a97d-545890922213,Wilson Amadeo Testoni Torres,,554788237581,amadeott@gmail.com,PHARUS,Willian Sobral,NAO_ENCONTRADO,-,,NAO_ENCONTRADO,-,,NAO_ESTA_EM_NENHUM
b83bede7-fef7-4bc2-8f93-bb54ba2ccd81,Wilson Barbosa Sampaio,,5533999212009,wilsonbbsampaio@hotmail.com,PHARUS,Samuel Araújo,NAO_ENCONTRADO,-,,NAO_ENCONTRADO,-,,NAO_ESTA_EM_NENHUM
0e0ea20e-5d8e-43ac-a680-e6232a4e1fd8,Wilson Brandão Ribeiro Gonçalves,13159542572,5571996989575,wilsbrand@yahoo.com.br,PHARUS,Abner Braga,NAO_ENCONTRADO,-,,NAO_ENCONTRADO,-,,NAO_ESTA_EM_NENHUM
e8775868-4372-41a2-9486-451f136fafe0,Wilson Ribeiro da Silva Junior,,5591992401220,ribeirowilsonmd@gmail.com,PHARUS,Gabriel Oliveira,NAO_ENCONTRADO,-,,NAO_ENCONTRADO,-,,NAO_ESTA_EM_NENHUM
e744864b-6e8f-4743-a62f-429edda11bfb,Yan Costa Araújo,,5577999040054,yan_araujo@hotmail.com,PHARUS,Tales Salinas Rozo,NAO_ENCONTRADO,-,,NAO_ENCONTRADO,-,,NAO_ESTA_EM_NENHUM
f964af15-ae18-46af-b123-18da909ebe6f,Yasmine Lailla Vasconcelos Rodrigues,,5588999513713,yasminelailla@hotmail.com,PHARUS,Abner Braga,NAO_ENCONTRADO,-,,NAO_ENCONTRADO,-,,NAO_ESTA_EM_NENHUM
e2e55dff-a9bb-4bbd-ae8f-b6d8ba587c6c,Yuri Bertoldo Zancheta Cervantes,37409351896,5511996668878,ybcervantes@gmail.com,PHARUS,Hendrick Dorner,NAO_ENCONTRADO,-,,NAO_ENCONTRADO,-,,NAO_ESTA_EM_NENHUM
a785b0e3-88da-4542-9e0c-e5f48de1e4b5,Yuri Knaut,,5541999212121,yknaut@gmail.com,PHARUS,Gabriel Oliveira,NAO_ENCONTRADO,-,,NAO_ENCONTRADO,-,,NAO_ESTA_EM_NENHUM