nome,telefone,email,programa,ep,mecanismos,ultima_reuniao,data_ultima_reuniao,is_active_analytical,active_rule_reason,cancellation_effective,frozen,fin_ultima_renda_mensal,fin_ultimo_aporte,fin_reserva_liquidez,fin_valor_imoveis_quitados,fin_possui_carro,fin_cheque_especial,fin_parcelamento_cartao,fin_credito_pessoal,fin_credito_consignado,fin_observacoes,fin_updated_at,fin_created_at,fin_updated_by,fin_possui_imovel,fin_possui_consorcio,fin_hub_link
Adair José Rufatto,54999837491,arufatto2@yahoo.com.br,PHARUS,Gabriel Oliveira,Autoconstrução | Renda Fixa Escalonada | Leilão Serial (Flipping de Leilão) | Trava de Inflação | Escala Imobiliária,Checkpoint 6 | QV,2026-09-02T20:00:00+00:00,true,ATIVO_ANALITICO,false,false,31500,5000,90000,900000,true,false,false,false,false,,2026-09-11T02:20:17.336278+00:00,2026-03-08T04:25:50.999789+00:00,becda21e-2377-45b7-b580-20af8f2bcfdd,true,true,
Adelicio Galvão Gomes,77991581945,adelicio93@gmail.com,DAVOS,Lucas Barrientos,Incorporação Financiada (ATLAS),,,true,ATIVO_ANALITICO,false,false,90000,40000,200000,1,false,false,false,false,false,,2026-09-01T12:24:45.591691+00:00,2026-03-08T04:21:28.684028+00:00,0ffdf152-149a-46f0-91d6-3989da6ff9c1,false,false,
Adriana Cristina Soares,5585997366377,adrianabarbosamed@gmail.com,PHARUS,Gabriel Oliveira,Renda Fixa Escalonada | Trava de Inflação,,,true,ATIVO_ANALITICO,false,false,20000,5000,150000,0,true,false,false,false,false,,2026-09-24T23:22:14.419662+00:00,2026-03-08T04:32:06.438759+00:00,becda21e-2377-45b7-b580-20af8f2bcfdd,true,false,
Adriana Ferreira Lima Brasil,5579999853394,adriflbrasil@hotmail.com,PHARUS,Samuel Araújo,,,,true,ATIVO_ANALITICO,false,false,54000,1000,5000,250000,true,false,true,true,false,"12,4k de parcela de financiamentos, sem aporte e sem reserva",2026-08-24T13:17:56.408089+00:00,2026-03-30T19:21:35.820039+00:00,81ea821e-26ec-4094-9c7c-a2014fa9cdc3,true,false,
Adriana Miranda Melo,9186228442,dricastm@hotmail.com,PHARUS,João Aliceda,Trava de Inflação | Renda Fixa Escalonada | Autoconstrução,,,true,ATIVO_ANALITICO,false,false,40000,0,55000,1200000,false,false,false,false,false,,2026-08-11T12:25:45.084274+00:00,2026-03-08T04:26:58.574044+00:00,acadfdb8-f4fa-43be-a992-2449aebb1a43,false,false,
Adriano Antunes,5561981804417,adrianoneocare@gmail.com,PHARUS,Tales Salinas Rozo,,,,true,ATIVO_ANALITICO,false,false,80000,10000,100000,0,true,false,false,false,false,,2026-09-03T19:24:37.949017+00:00,2026-03-26T13:32:26.434207+00:00,df32d624-db6d-488a-8da4-e15206a89049,true,true,
Adriano Cruz M Santos,5511982486518,adrianocms@icloud.com,PHARUS,Pedro Goulart,Autoconstrução,Especial | QV,2026-09-26T12:00:00+00:00,true,ATIVO_ANALITICO,false,false,14000,1500,42000,200000,false,false,false,false,false,,2026-09-29T21:02:35.686275+00:00,2026-03-08T04:27:55.65859+00:00,1ad28c43-bdeb-4fcc-8723-08dc496c8ee0,false,false,
Agnor Christy,5575999883254,,DAVOS,Daniel Fentanes,,,,true,ATIVO_ANALITICO,false,false,75000,40000,,,false,false,false,false,false,,2026-03-08T04:30:51.356597+00:00,2026-03-08T04:30:51.356597+00:00,,false,false,
Alan Basílio Martins,5511957294005,alan@alianzalab.com.br,PHARUS,Gabriel Oliveira,Crédito Verde | Trava de Inflação | Leilão Serial (Flipping de Leilão) | Renda Fixa Escalonada,Checkpoint 5 | QV,2026-09-28T21:00:00+00:00,true,ATIVO_ANALITICO,false,false,20000,5000,200000,0,true,false,false,false,false,,2026-09-24T23:22:11.947749+00:00,2026-03-08T04:22:02.209394+00:00,becda21e-2377-45b7-b580-20af8f2bcfdd,false,true,
Alan Raschke Immich Jardim,5551994090808,alanrjardim@hotmail.com,PHARUS,Abner Braga,Trava de Inflação | Renda Fixa Escalonada | Autoconstrução,Checkpoint 1 | QV,2026-06-03T16:00:00+00:00,true,ATIVO_ANALITICO,false,false,82000,1000,120000,0,true,false,false,false,false,,2026-10-01T10:02:08.548327+00:00,2026-03-08T04:19:13.886384+00:00,78ab9928-043f-4da5-91e4-53756524be76,false,false,
Alberto Tiziano Dal Ben,5511992656151,albertodalben@hotmail.com,PHARUS,Tales Salinas Rozo,Autoconstrução | Fundo de Investimento (QVRA11) | Leilão Serial (Flipping de Leilão) | Crédito Verde | Renda Sintética,Checkpoint 4 | QV,2026-09-30T17:00:00+00:00,true,ATIVO_ANALITICO,false,false,55000,10000,150000,800000,true,false,false,false,false,,2026-09-03T19:24:41.481708+00:00,2026-03-08T04:27:49.66475+00:00,df32d624-db6d-488a-8da4-e15206a89049,true,true,
Alessandra S. Duarte,5531999712400,alessandra-duarte@uol.com.br,PHARUS,Carlos Serafim,Leilão Serial (Flipping de Leilão),Checkpoint 1 | QV,2026-09-17T17:30:00+00:00,true,ATIVO_ANALITICO,false,false,20000,5000,40000,1500000,true,false,false,false,false,,2026-09-23T16:57:42.074035+00:00,2026-03-08T04:31:15.798232+00:00,029b78f8-ddb4-47a2-9cb0-82cdf59b1ed5,true,false,
Alex Trindade,5555996133131,odonto.alexx@gmail.com,PHARUS,Gabriel Oliveira,Renda Fixa Escalonada | Trava de Inflação | Autoconstrução,Checkpoint 2 | QV,2026-07-16T21:30:00+00:00,true,ATIVO_ANALITICO,false,false,25000,10000,120000,1300000,false,false,false,false,false,,2026-09-24T23:22:35.086501+00:00,2026-03-08T04:24:03.25659+00:00,becda21e-2377-45b7-b580-20af8f2bcfdd,false,false,
Alexandre Augusto Miranda,+5567981110555,alexandreaugustomiranda@gmail.com,PHARUS,,,,,true,ATIVO_ANALITICO,false,false,,,,,,,,,,,,,,,,
Alexandre Barreto de Souza,21999494014,absouza.es@hotmail.com,PHARUS,Pedro Goulart,Autoconstrução | Crédito Verde | Fundo de Investimento (QVRA11) | Leilão Serial (Flipping de Leilão),Checkpoint 2 | QV,2026-09-28T13:00:00+00:00,true,ATIVO_ANALITICO,false,false,20000,2000,51000,0,false,false,false,false,false,,2026-09-02T05:16:40.626971+00:00,2026-03-08T04:27:01.778899+00:00,dcaae4ce-10ea-4b64-9fc8-0ad11de960e9,false,false,
Alexandre Feitoza de Mendonça,5581991436720,alexandre.feitoza.mendonca@gmail.com,PHARUS,Abner Braga,Trava de Inflação | Fundo de Investimento (QVRA11) | Renda Fixa Escalonada,Checkpoint 3 | QV,2026-07-27T16:00:00+00:00,true,ATIVO_ANALITICO,false,false,31000,2000,45000,0,true,false,false,false,false,,2026-10-01T10:02:24.384873+00:00,2026-03-08T04:27:51.066174+00:00,78ab9928-043f-4da5-91e4-53756524be76,true,false,
Aline Martins e Jonas Carvalho,553388652727,alinemartinsgoncalves@yahoo.com.br,DAVOS,Lucas Barrientos,ARCADIA | Leilão Serial (Flipping de Leilão) | Usinas Escalonáveis (ÂMPAR),DAVOS - Aline Martins Gonçalves e Lucas Daniel,2026-09-15T14:00:00+00:00,true,ATIVO_ANALITICO,false,false,130000,10000,700000,1100000,true,false,false,false,false,,2026-09-01T12:24:52.824651+00:00,2026-03-08T04:17:09.308513+00:00,0ffdf152-149a-46f0-91d6-3989da6ff9c1,true,false,
Aline Valério de Lima,5533999661886,alinevalerio1@hotmail.com,PHARUS,João Aliceda,Crédito Verde | Renda Fixa Escalonada | Autoconstrução,,,true,ATIVO_ANALITICO,false,false,200000,30000,360000,350000,false,false,false,false,false,,2026-04-10T11:55:41.267654+00:00,2026-03-08T04:19:50.788305+00:00,acadfdb8-f4fa-43be-a992-2449aebb1a43,false,false,
Allan Nascimento de Mello,12996110012,allan@kfnight.com.br,PHARUS,João Aliceda,Renda Fixa Escalonada | ARCADIA,,,true,ATIVO_ANALITICO,false,false,60000,25000,1000000,2750000,false,false,false,false,false,,2026-07-24T11:18:01.893338+00:00,2026-03-08T04:16:25.506821+00:00,acadfdb8-f4fa-43be-a992-2449aebb1a43,false,false,
Almir dos Santos Soares,+5591983733011,ass@almirsoaresadvocacia.com.br,PHARUS,,,,,true,ATIVO_ANALITICO,false,false,,,,,,,,,,,,,,,,
Ana Paula Andrade e Sousa Medeiros,556499676050,anamedufu8@gmail.com,PHARUS,Willian Oliveira Schimidt,Fundo de Investimento (QVRA11) | Leilão Serial (Flipping de Leilão) | Autoconstrução,Checkpoint 1 | QV,2026-09-03T14:00:00+00:00,true,ATIVO_ANALITICO,false,false,30000,5000,10000,1000000,true,false,false,false,false,,2026-07-24T14:16:39.477689+00:00,2026-03-08T04:30:01.405735+00:00,b3ca3177-ce38-4179-b901-53727cfaf1b1,true,false,
Anderson da Silva Souza,92991282395,andss.med@gmail.com,PHARUS,Willian Oliveira Schimidt,,,,true,ATIVO_ANALITICO,false,false,35000,10000,0.01,0,false,false,false,false,false,,2026-07-24T14:18:05.880624+00:00,2026-03-08T04:31:07.656445+00:00,b3ca3177-ce38-4179-b901-53727cfaf1b1,false,false,
Andre Luiz Cattiste Filho,5512981269745,cattiste@hotmail.com,PHARUS,Thiago Freire,Autoconstrução | Fundo de Investimento (QVRA11) | Escala Imobiliária,,,true,ATIVO_ANALITICO,false,false,25000,3000,250000,800000,true,false,false,false,false,"Cliente tranquilo, renovou 2 por 1",2026-09-23T16:57:51.59184+00:00,2026-03-08T04:22:01.279743+00:00,029b78f8-ddb4-47a2-9cb0-82cdf59b1ed5,true,true,
André Torrecilha Zago,+5511966643340,zagotandre@gmail.com,PHARUS,,,,,true,ATIVO_ANALITICO,false,false,,,,,,,,,,,,,,,,
Andrea de Souza Coelho Benazzi,21999710274,drandreabenazzi@hotmail.com,PHARUS,João Aliceda,,,,true,ATIVO_ANALITICO,false,false,25000,0,20000,4000000,false,false,false,false,false,,2026-04-10T11:57:29.891379+00:00,2026-03-08T04:33:20.75692+00:00,acadfdb8-f4fa-43be-a992-2449aebb1a43,false,false,
Andrea Felix Pereira Costa,+5511965976793,andreafpc0212@gmail.com,PHARUS,,,Diagnóstico Patrimonial | QUARTAVIA - Andrea Costa,2026-08-14T19:00:00+00:00,true,ATIVO_ANALITICO,false,false,,,,,,,,,,,,,,,,
Andrei Brilhante Silva Costa,5548988293646,andreibrilhante@gmail.com,DAVOS,Eduardo Peroni,ALABAMA | ARCADIA,Especial | QV,2026-05-20T12:00:00+00:00,true,ATIVO_ANALITICO,false,false,400000,150000,2000000,5200000,false,false,false,false,false,,2026-09-18T17:31:14.770873+00:00,2026-03-08T04:18:48.63165+00:00,09ef3763-f774-4fd6-a285-50f810c64331,true,false,
Anelise Domingues Schuler Dargel (+ Aroldo),5551993270734,aneliseschuler@gmail.com,DAVOS,Julio Cienkonog,,Kickoff | QV,2026-04-06T15:00:00+00:00,true,ATIVO_ANALITICO,false,false,120000,20000,0,2000000,false,false,false,false,false,01/05/2026,2026-09-12T16:37:27.14912+00:00,2026-03-08T04:30:55.187753+00:00,626f6cf6-4920-4828-a942-a627b582ac8b,false,false,
Anna Carolyne Saraiva Brito Oliveira,5586999499333,annaacsb@hotmail.com,PHARUS,Tales Salinas Rozo,Autoconstrução,Especial | QV,2026-04-08T18:15:00+00:00,true,ATIVO_ANALITICO,false,false,55000,2000,230000,0,true,false,false,false,false,,2026-09-03T19:25:09.042754+00:00,2026-03-08T04:26:45.959011+00:00,df32d624-db6d-488a-8da4-e15206a89049,true,true,
Annathércia Said Skeff Soares Neiva,86994522705,annatsaid@yahoo.com.br,PHARUS,Tales Salinas Rozo,Renda Sintética | Escala Imobiliária | Leilão Serial (Flipping de Leilão) | Fundo de Investimento (QVRA11) | Crédito Verde | Autoconstrução,Checkpoint 1 | QV,2026-09-18T17:15:00+00:00,true,ATIVO_ANALITICO,false,false,37000,7000,150000,800000,true,false,false,false,false,Tem terreno de 600k quitado.,2026-09-03T19:25:12.04688+00:00,2026-03-08T04:23:09.776134+00:00,df32d624-db6d-488a-8da4-e15206a89049,true,true,
Antônio Carlos Pires Maciel,5531999892889,drtmaciel@gmail.com,DAVOS,Eduardo Peroni,Usinas Escalonáveis (ÂMPAR) | Fundo de Investimento (QVRA11) | Operações | Leilão Serial (Flipping de Leilão),Checkpoint 3 | QV,2026-07-21T14:00:00+00:00,true,ATIVO_ANALITICO,false,false,12000,10000,1800000,2250000,false,false,false,false,false,,2026-09-18T17:31:57.792305+00:00,2026-03-08T04:15:18.66047+00:00,09ef3763-f774-4fd6-a285-50f810c64331,true,false,
Antônio dos Anjos Brito,+5571988960120,antoniobrito1@gmail.com,PHARUS,,,,,true,ATIVO_ANALITICO,false,false,,,,,,,,,,,,,,,,
Antonio Luiz da Costa Morganti,5516997677985,,DAVOS,Eduardo Peroni,Usinas Escalonáveis (ÂMPAR) | ARCADIA | Incorporação Financiada (ATLAS) | Fundo de Investimento (QVRA11),Checkpoint 4 | QV,2026-09-08T17:00:00+00:00,true,ATIVO_ANALITICO,false,false,110000,10000,2000000,7575000,true,false,false,false,false,,2026-09-21T17:35:00.870482+00:00,2026-03-08T04:15:12.259166+00:00,09ef3763-f774-4fd6-a285-50f810c64331,true,true,
Ariadne L M Brito Bertarini,5534988558765,aribrito@gmail.com,PHARUS,Cleuber Anicesio,,Tração Patrimonial | QV,2026-06-17T13:00:00+00:00,true,ATIVO_ANALITICO,false,false,0,0,40,1,true,false,false,false,false,07/09/2026,2026-09-07T17:13:34.385318+00:00,2026-03-23T14:14:59.420899+00:00,459618e6-cb21-44b5-b626-6b1c31499f98,false,false,
Armando Luiz Fernandes Filho,5566999864860,armandoluizfernandesfilho@gmail.com,PHARUS,João Aliceda,Renda Fixa Escalonada,Checkpoint 1 | QV,2026-09-23T16:00:00+00:00,true,ATIVO_ANALITICO,false,false,70000,10000,200000,3000000,false,false,false,false,false,,2026-04-10T11:58:18.167845+00:00,2026-03-08T04:21:33.028422+00:00,acadfdb8-f4fa-43be-a992-2449aebb1a43,false,false,
Artur de Paula Falconi,32999851129,arturpfalconi@gmail.com,PHARUS,Abner Braga,Autoconstrução,,,true,ATIVO_ANALITICO,false,false,22000,0,20000,0,true,false,false,true,false,,2026-09-24T16:44:03.042175+00:00,2026-03-08T04:29:18.959797+00:00,029b78f8-ddb4-47a2-9cb0-82cdf59b1ed5,false,false,
Beatriz de Almeida Cingi Siqueira,5531994140076,beatrizsingi@gmail.com,PHARUS,Gabriel Oliveira,Renda Sintética | Leilão Serial (Flipping de Leilão) | Autoconstrução | Renda Fixa Escalonada | Trava de Inflação | Fundo de Investimento (QVRA11),Checkpoint 3 | QV,2026-09-09T19:15:00+00:00,true,ATIVO_ANALITICO,false,false,40000,6000,560000,2700000,true,false,false,false,false,,2026-09-11T02:21:14.780896+00:00,2026-03-08T04:17:49.877713+00:00,becda21e-2377-45b7-b580-20af8f2bcfdd,true,true,
Benicia Sara Salinas Zambelli,33988058352,bessalinas@yahoo.com.br,DAVOS,Eduardo Peroni,,,,true,ATIVO_ANALITICO,false,false,65000,30000,220000,6000000,false,false,false,false,false,,2026-09-21T17:35:12.65498+00:00,2026-03-08T04:21:15.465046+00:00,09ef3763-f774-4fd6-a285-50f810c64331,true,false,
Breno Nagamine Botta Benjamin,5519981549819,brenofmj@yahoo.com.br,PHARUS,Andrieli Campesato,Crédito Verde | Fundo de Investimento (QVRA11) | ARCADIA | Escala Imobiliária | Leilão Serial (Flipping de Leilão),,,true,ATIVO_ANALITICO,false,false,100000,20000,200000,2000000,true,false,false,false,false,"Cliente tranquilo, implementou vários mecanismos e renovou 3 por 2. Não agenda muitas reuniões, responde em dia.",2026-08-25T12:04:26.861205+00:00,2026-03-08T04:16:12.107073+00:00,029b78f8-ddb4-47a2-9cb0-82cdf59b1ed5,true,false,
Bruno Barbosa de Cerqueira,5571988121191,brunow_bbc@hotmail.com,PHARUS,João Aliceda,Renda Fixa Escalonada,Checkpoint 1 | QV,2026-09-10T18:00:00+00:00,true,ATIVO_ANALITICO,false,false,20000,5000,800000,1599999.77,false,false,false,false,false,,2026-07-24T11:20:08.924929+00:00,2026-03-08T04:16:58.736651+00:00,acadfdb8-f4fa-43be-a992-2449aebb1a43,false,false,
Bruno Kotama,5511981264125,,DAVOS,Lucas Barrientos,Incorporação Financiada (ATLAS) | Fundo de Investimento (QVRA11) | Leilão Serial (Flipping de Leilão) | Usinas Escalonáveis (ÂMPAR),,,true,ATIVO_ANALITICO,false,false,35000,8000,577000,1,false,false,false,false,false,,2026-08-25T13:02:17.844518+00:00,2026-03-08T04:17:47.612891+00:00,0ffdf152-149a-46f0-91d6-3989da6ff9c1,false,false,
Bruno Suffredini,5571997248711,brunosuffredini@gmail.com,DAVOS,Eduardo Peroni,Fundo de Investimento (QVRA11) | ARCADIA | Incorporação Financiada (ATLAS) | Operações | Leilão Serial (Flipping de Leilão),Checkpoint 3 | QV,2026-07-27T18:00:00+00:00,true,ATIVO_ANALITICO,false,false,40000,10000,200000,970000,false,false,false,false,false,,2026-09-18T17:32:15.12648+00:00,2026-03-08T04:21:48.869053+00:00,09ef3763-f774-4fd6-a285-50f810c64331,true,false,
Caio Maneschy,5511943836608,maneschycaio90@gmail.com,DAVOS,Eduardo Peroni,Usinas Escalonáveis (ÂMPAR) | Incorporação Financiada (ATLAS) | Leilão Serial (Flipping de Leilão) | ARCADIA | ShortStay | Fundo de Investimento (QVRA11),Checkpoint 4 | QV,2026-08-27T19:00:00+00:00,true,ATIVO_ANALITICO,false,false,200000,30000,700000,3000000,false,false,false,false,false,,2026-09-21T17:35:42.868341+00:00,2026-03-08T04:17:56.679145+00:00,09ef3763-f774-4fd6-a285-50f810c64331,true,false,
Camila Gonçalves Martins,11980116796,Camilgm8@hotmail.com,PHARUS,João Aliceda,,,,true,ATIVO_ANALITICO,false,false,25000,4000,100000,0,false,false,false,false,false,,2026-04-10T11:59:12.851596+00:00,2026-03-08T04:25:12.525853+00:00,acadfdb8-f4fa-43be-a992-2449aebb1a43,false,false,
Camilla Sandri de Oliveira Pinto,,camillasandri.o@gmail.com,DAVOS,Eduardo Peroni,ARCADIA,Checkpoint 2 | QV,2026-08-03T19:00:00+00:00,true,ATIVO_ANALITICO,false,false,63000,5000,200000,500000,false,false,false,false,false,,2026-09-18T17:32:30.494397+00:00,2026-03-08T04:21:33.47643+00:00,09ef3763-f774-4fd6-a285-50f810c64331,false,false,
Carlos Adalberto Cortez,19999325221,carlos@cbccontabil.com.br,PHARUS,João Aliceda,Renda Fixa Escalonada,,,true,ATIVO_ANALITICO,false,false,52200,17600,100000,0,false,false,false,false,false,,2026-04-11T13:14:51.991567+00:00,2026-03-08T04:24:39.103051+00:00,acadfdb8-f4fa-43be-a992-2449aebb1a43,false,false,
Carlos Eduardo Aleixo Prado,559581118008,carlosgeisla@gmail.com,DAVOS,Lucas Barrientos,Fundo de Investimento (QVRA11) | ARCADIA | Leilão Serial (Flipping de Leilão),Checkpoint 1 | QV,2026-03-02T18:00:00+00:00,true,ATIVO_ANALITICO,false,false,40000,10000,1200000,1,false,false,false,false,false,,2026-09-01T12:26:46.304746+00:00,2026-03-08T04:15:47.19125+00:00,0ffdf152-149a-46f0-91d6-3989da6ff9c1,false,false,
Carlos Gustavo de Sa Pereira Croce,5515998557000,gustavospcroce@gmail.com,PHARUS,Carlos Serafim,Renda Sintética | Fundo de Investimento (QVRA11) | Leilão Serial (Flipping de Leilão),,,true,ATIVO_ANALITICO,false,false,45000,0,50000,0,true,false,false,false,false,,2026-09-24T16:44:15.963305+00:00,2026-03-08T04:30:11.902613+00:00,029b78f8-ddb4-47a2-9cb0-82cdf59b1ed5,false,false,
Carlos Jorge Lotfi,5511992696000,carlaolotfi@uol.com.br,DAVOS,Eduardo Peroni,ARCADIA,,,true,ATIVO_ANALITICO,false,false,140000,29000,5000000,12000000,false,false,false,false,false,,2026-09-18T17:32:35.517739+00:00,2026-03-08T04:33:55.622699+00:00,09ef3763-f774-4fd6-a285-50f810c64331,true,false,
Carlos Miguel Lorente Soler,11996420607,carlosmlorente2014@gmail.com,PHARUS,Thiago Freire,Escala Imobiliária,Checkpoint 1 | QV,2026-06-22T16:00:00+00:00,true,ATIVO_ANALITICO,false,false,44000,8000,106000,0,false,false,false,false,false,,2026-07-24T13:11:28.959268+00:00,2026-03-08T04:24:20.172172+00:00,d0c4fa22-6591-469e-871b-669d42f4ddc1,false,false,
Carlos Thomas Brasileiro,5534991349368,cathbr@terra.com.br,DAVOS,Lucas Barrientos,ARCADIA | Fundo de Investimento (QVRA11),DAVOS - Acompanhamento | QV  ,2026-04-15T17:00:00+00:00,true,ATIVO_ANALITICO,false,false,40000,6000,550000,1,false,false,false,false,false,,2026-09-01T12:24:58.584652+00:00,2026-03-08T04:17:52.624936+00:00,0ffdf152-149a-46f0-91d6-3989da6ff9c1,false,false,
Carolina Stedile,54999240407,carostedile@gmail.com,PHARUS,Tales Salinas Rozo,Autoconstrução | Crédito Verde | Escala Imobiliária | Leilão Serial (Flipping de Leilão) | Renda Sintética | Fundo de Investimento (QVRA11),Checkpoint 3 | QV,2026-07-17T17:15:00+00:00,true,ATIVO_ANALITICO,false,false,40000,8000,70000,0,true,false,false,false,false,,2026-09-03T19:25:31.764218+00:00,2026-03-08T04:26:25.523511+00:00,df32d624-db6d-488a-8da4-e15206a89049,true,true,
Cesar Polisel,+5512997701300,cesarpolisel@gmail.com,PHARUS,,,,,true,ATIVO_ANALITICO,false,false,,,,,,,,,,,,,,,,
Cibele Alves de Carvalho,5531999516065,cibeleradiologia@gmail.com,DAVOS,Eduardo Peroni,,,,true,ATIVO_ANALITICO,false,false,120000,20000,1390000,20000000,false,false,false,false,false,,2026-09-21T17:35:51.818463+00:00,2026-03-08T04:15:37.025333+00:00,09ef3763-f774-4fd6-a285-50f810c64331,true,false,
Cícero Bahia Teixeira,5521982251774,cicerobteixeira@gmail.com,PHARUS,Willian Oliveira Schimidt,Leilão Serial (Flipping de Leilão) | Autoconstrução | Renda Sintética | Fundo de Investimento (QVRA11),Checkpoint 2 | QV,2026-08-17T19:00:00+00:00,true,ATIVO_ANALITICO,false,false,70000,15000,100000,780000,false,false,false,false,false,,2026-04-13T16:51:47.359371+00:00,2026-03-08T04:29:53.117405+00:00,93b46f37-e016-4add-8605-12a38eab1e3f,true,false,
Cícero João de Carvalho Júnior,5566999766665,cicerojjr@hotmail.com,PHARUS,Carlos Serafim,Autoconstrução,Checkpoint 3 | QV,2026-09-23T13:00:00+00:00,true,ATIVO_ANALITICO,false,false,18000,2000,10000,0,false,false,false,false,false,,2026-09-02T05:17:53.904532+00:00,2026-03-08T04:33:49.150992+00:00,dcaae4ce-10ea-4b64-9fc8-0ad11de960e9,false,false,
Cinara Mauad,5594991152122,,DAVOS,Eduardo Peroni,Leilão Serial (Flipping de Leilão) | Incorporação Financiada (ATLAS),Checkpoint 1 | QV,2026-08-11T20:30:00+00:00,true,ATIVO_ANALITICO,false,false,60000,10000,200000,800000,false,false,false,false,false,,2026-09-18T17:32:54.194745+00:00,2026-03-08T04:21:49.319648+00:00,09ef3763-f774-4fd6-a285-50f810c64331,true,false,
Cindy Camargo Ferreira,5512988040202,cf.cindy@hotmail.com,PHARUS,Samuel Araújo,,Checkpoint 3 | QV,2026-09-30T18:30:00+00:00,true,ATIVO_ANALITICO,false,false,22000,4000,260000,0,false,false,true,false,false,,2026-07-24T15:31:19.994302+00:00,2026-03-08T04:22:42.83015+00:00,81ea821e-26ec-4094-9c7c-a2014fa9cdc3,false,true,
Claudemiro de Castro Meira Neto,5582982002313,claudemironeto2@yahoo.com,DAVOS,Eduardo Peroni,ARCADIA | Usinas Escalonáveis (ÂMPAR) | Fundo de Investimento (QVRA11),Checkpoint 5 | QV,2026-09-30T17:00:00+00:00,true,ATIVO_ANALITICO,false,false,80000,25000,250000,3964000,false,false,false,false,false,,2026-09-18T17:33:08.170253+00:00,2026-03-08T04:18:04.851887+00:00,09ef3763-f774-4fd6-a285-50f810c64331,true,false,
Cláudia Doi Antunes,+5519981059009,cdantunes@gmail.com,PHARUS,,,,,true,ATIVO_ANALITICO,false,false,,,,,,,,,,,,,,,,
Claudia Lopes da Costa de Góes Nogueira,5561993113007,clcgnogueira@gmail.com,PHARUS,Tales Salinas Rozo,Escala Imobiliária | Fundo de Investimento (QVRA11) | Leilão Serial (Flipping de Leilão) | Autoconstrução,Checkpoint 3 | QV,2026-08-11T18:45:00+00:00,true,ATIVO_ANALITICO,false,false,39000,5000,80000,2200000,true,false,false,false,false,,2026-09-03T19:25:42.227254+00:00,2026-03-08T04:27:18.458743+00:00,df32d624-db6d-488a-8da4-e15206a89049,true,true,
Claudia Maria de Medeiros Câmara,5532984026475,c.68camara@gmail.com,PHARUS,Rodrigo Amorim,Fundo de Investimento (QVRA11),Checkpoint 2 | QV,2026-09-01T20:00:00+00:00,true,ATIVO_ANALITICO,false,false,35000,4000,5000,850000,false,false,false,false,false,,2026-07-24T18:39:48.118096+00:00,2026-03-08T04:30:23.32758+00:00,d0c4fa22-6591-469e-871b-669d42f4ddc1,false,false,
Claudia Maria Osorio Chaves,559281120519,claudiamachaves@gmail.com,DAVOS,Lucas Barrientos,,,,true,ATIVO_ANALITICO,false,false,100000,40000,500000,1,false,false,false,false,false,,2026-09-01T12:26:52.856298+00:00,2026-03-08T04:18:02.137489+00:00,0ffdf152-149a-46f0-91d6-3989da6ff9c1,false,false,
Cláudia Teixeira,5521993998397,claudiateixeira2020@yahoo.com,PHARUS,Cleuber Anicesio,,QV | Especial - Claudia Teixeira,2026-08-24T17:00:00+00:00,true,ATIVO_ANALITICO,false,false,17000,8000,190000,280000,false,false,false,false,false,02/09/2026,2026-09-02T18:49:31.154105+00:00,2026-03-08T04:22:24.560448+00:00,459618e6-cb21-44b5-b626-6b1c31499f98,true,true,
Cleiton Luiz de Andrade,5547988798000,andrade.cleiton82@gmail.com,DAVOS,Lucas Barrientos,ARCADIA | Incorporação Financiada (ATLAS) | Fundo de Investimento (QVRA11) | Leilão Serial (Flipping de Leilão) | Usinas Escalonáveis (ÂMPAR),Cleiton Luiz de Andrade  e Lucas Daniel,2026-09-11T13:15:00+00:00,true,ATIVO_ANALITICO,false,false,30000,5552,400000,1,false,false,false,false,false,,2026-09-01T12:26:55.881916+00:00,2026-03-08T04:15:23.316419+00:00,0ffdf152-149a-46f0-91d6-3989da6ff9c1,false,false,
Cristian Pedro Boesing,+5566999185740,cristianboesing@yahoo.com,PHARUS,,,Diagnóstico Patrimonial | QUARTAVIA - Cristian Pedro Boesing ,2026-08-06T13:00:00+00:00,true,ATIVO_ANALITICO,false,false,,,,,,,,,,,,,,,,
Daniel Antonio de Aquino Neto,95991525950,danielaquinobusiness@gmail.com,PHARUS,Gabriel Oliveira,Renda Fixa Escalonada | Leilão Serial (Flipping de Leilão) | Trava de Inflação | Autoconstrução,Checkpoint 1 | QV,2026-06-18T21:30:00+00:00,true,ATIVO_ANALITICO,false,false,150000,50000,600000,5000000,true,false,false,false,false,,2026-09-24T23:23:26.696808+00:00,2026-03-08T04:17:29.938167+00:00,becda21e-2377-45b7-b580-20af8f2bcfdd,true,true,
Daniel Carlos de Souza Silva,5521995242208,danielc2on@gmail.com,DAVOS,Lucas Barrientos,,,,true,ATIVO_ANALITICO,false,false,24000,9000,89431.59,1,false,false,false,false,false,,2026-09-01T12:27:03.600349+00:00,2026-03-08T04:25:53.850036+00:00,0ffdf152-149a-46f0-91d6-3989da6ff9c1,false,false,
Daniel Jacintho de Toledo Cesar,+5518997161616,danjacintho@uol.com.br,PHARUS,,,Diagnóstico PHARUS | Daniel Jacintho de Toledo Cesar,2026-08-04T18:00:00+00:00,true,ATIVO_ANALITICO,false,false,,,,,,,,,,,,,,,,
Daniel Lin Santos,5531982999168,daniellinsantos@yahoo.com.br,DAVOS,Cleuber Anicesio,Leilão Serial (Flipping de Leilão) | Fundo de Investimento (QVRA11) | Autoconstrução | Retropatrimônio,Checkpoint 1 | QV,2026-06-10T17:00:00+00:00,true,ATIVO_ANALITICO,false,false,89000,0,520000,1075000,true,false,false,false,false,02/09/2026,2026-09-02T18:49:38.374685+00:00,2026-03-08T04:17:58.793624+00:00,459618e6-cb21-44b5-b626-6b1c31499f98,true,true,
Daniel Pereira de Andrade,553788160489,danielp@cardiol.br,DAVOS,Lucas Barrientos,Leilão Serial (Flipping de Leilão) | Incorporação Financiada (ATLAS) | Usinas Escalonáveis (ÂMPAR) | ARCADIA | Fundo de Investimento (QVRA11),DANIEL PEREIRA DE ANDRADE e Lucas Daniel,2026-08-31T14:00:00+00:00,true,ATIVO_ANALITICO,false,false,80000,40000,1240000,0.1,false,false,false,false,false,,2026-09-01T12:25:01.573837+00:00,2026-03-08T04:15:42.117729+00:00,0ffdf152-149a-46f0-91d6-3989da6ff9c1,false,false,
Daniel Porto,5571987906899,,DAVOS,Lucas Barrientos,,,,true,ATIVO_ANALITICO,false,false,40000,0,330000,1,false,false,false,false,false,,2026-09-01T12:28:33.033555+00:00,2026-03-08T04:19:43.676467+00:00,0ffdf152-149a-46f0-91d6-3989da6ff9c1,false,false,
Daniel Vasconcelos e Beatriz,5522997476171,danielcvasconcelos@yahoo.com.br,PHARUS,Tales Salinas Rozo,,,,true,ATIVO_ANALITICO,false,false,130000,15000,200000,0,true,false,false,false,false,Churn,2026-09-03T19:25:52.630965+00:00,2026-03-08T04:24:24.056698+00:00,df32d624-db6d-488a-8da4-e15206a89049,true,true,
Daniela Adriana Jaldin Ortuño,21996917905,dra.danijaldin@gmail.com,PHARUS,Tales Salinas Rozo,Escala Imobiliária,,,true,ATIVO_ANALITICO,false,false,20000,2000,30000,-0.23,true,true,true,false,false,,2026-09-03T19:25:56.076839+00:00,2026-03-08T04:29:42.404903+00:00,df32d624-db6d-488a-8da4-e15206a89049,true,true,
Daniella Stuart Coelho Passos,5511992592659,daniellastuart@msn.com,PHARUS,Carlos Serafim,,Checkpoint 5 | QV,2026-09-23T18:00:00+00:00,true,ATIVO_ANALITICO,false,false,70000,0,600000,1000000,true,true,true,true,false,"Fluxo defasado mensalmente, investimento em garantia para crédito",2026-03-24T00:19:57.5774+00:00,2026-03-08T04:17:42.622594+00:00,8600ba5c-05df-4a84-9ac9-ac7c34fc0995,true,false,
Danielli Bastiani Rodrigues,67992348768,daniellibr@gmail.com,PHARUS,Gabriel Oliveira,Fundo de Investimento (QVRA11) | Trava de Inflação | Leilão Serial (Flipping de Leilão) | Renda Fixa Escalonada,Checkpoint 5 | QV,2026-07-13T21:00:00+00:00,true,ATIVO_ANALITICO,false,false,20000,5000,60000,0,true,false,false,false,false,,2026-09-24T23:23:34.309789+00:00,2026-03-08T04:26:49.129171+00:00,becda21e-2377-45b7-b580-20af8f2bcfdd,true,false,
Danilo Soares Santana,71991844813,dansosan@gmail.com,PHARUS,Cleuber Anicesio,Fundo de Investimento (QVRA11),Checkpoint 1 | QV,2026-09-16T19:00:00+00:00,true,ATIVO_ANALITICO,false,false,33000,5000,50000,700000,true,false,false,false,false,02/09/2026,2026-09-02T18:50:09.871725+00:00,2026-03-08T04:27:24.154202+00:00,459618e6-cb21-44b5-b626-6b1c31499f98,false,false,
Debora Galvão,5511999548167,debora@deboragalvao.com.br,DAVOS,Lucas Barrientos,Incorporação Financiada (ATLAS) | ARCADIA | Fundo de Investimento (QVRA11) | Usinas Escalonáveis (ÂMPAR),DAVOS - Acompanhamento | QV  ,2026-06-09T19:00:00+00:00,true,ATIVO_ANALITICO,false,false,90000,70000,500000,1,false,false,false,false,false,,2026-09-01T12:29:56.321267+00:00,2026-03-08T04:18:01.213114+00:00,0ffdf152-149a-46f0-91d6-3989da6ff9c1,false,false,
Debora Veridiana Brier Leite,5531983317457,deboravbrier@gmail.com,PHARUS,Pedro Goulart,Autoconstrução,,,true,ATIVO_ANALITICO,false,false,27000,4000,30000,0,false,false,false,false,false,,2026-09-02T05:18:29.147951+00:00,2026-03-08T04:28:38.04765+00:00,dcaae4ce-10ea-4b64-9fc8-0ad11de960e9,false,false,
Denis Heringer Pereira,550852609004,denisheringer@gmail.com,PHARUS,Abner Braga,Autoconstrução,,,true,ATIVO_ANALITICO,false,false,18000,5000,100000,1050000,false,false,false,false,false,,2026-08-25T17:01:00.170505+00:00,2026-03-08T04:25:08.26305+00:00,029b78f8-ddb4-47a2-9cb0-82cdf59b1ed5,true,false,
Diego Mota Fernandes,16994244716,diegomotafer@hotmail.com,PHARUS,João Aliceda,Renda Fixa Escalonada | Autoconstrução,Checkpoint 3 | QV,2026-09-24T16:00:00+00:00,true,ATIVO_ANALITICO,false,false,67000,20000,22000,40000,false,false,false,false,false,,2026-04-11T13:20:18.896328+00:00,2026-03-08T04:29:04.002991+00:00,acadfdb8-f4fa-43be-a992-2449aebb1a43,false,false,
Douglas Covre,27 99842-0664,douglastocco@gmail.com,PHARUS,João Aliceda,Renda Fixa Escalonada,Checkpoint 2 | QV,2026-09-28T18:00:00+00:00,true,ATIVO_ANALITICO,false,false,30000,5000,150000,0,false,false,false,false,false,,2026-07-24T11:32:17.909059+00:00,2026-07-24T11:32:17.909059+00:00,acadfdb8-f4fa-43be-a992-2449aebb1a43,false,false,
Douglas Hebert Coutinho Januário,5569984893045,douglashcj@msn.com,PHARUS,Thiago Freire,Autoconstrução,,,true,ATIVO_ANALITICO,false,false,30000,5000,200000,1500000,true,false,false,false,false,"Cliente tem perspectiva de comprar um terreno e fazer a construção de uma nova clinica onde irá gastar cerca de 1,5 milhão",2026-09-23T16:58:27.542194+00:00,2026-03-08T04:22:00.811467+00:00,029b78f8-ddb4-47a2-9cb0-82cdf59b1ed5,true,false,
Dryelli de Angeli Dondoni,5527997053480,dryellideangelid@gmail.com,DAVOS,Lucas Barrientos,,,,true,ATIVO_ANALITICO,false,false,46000,12000,0,1,false,false,false,false,false,,2026-08-25T13:02:47.402785+00:00,2026-07-20T17:13:42.262152+00:00,0ffdf152-149a-46f0-91d6-3989da6ff9c1,false,false,
Edberto Araújo,85 996671188,edberto.neto@hotmail.com,PHARUS,Rodrigo Lunardi,,Especial | QV,2026-05-20T20:00:00+00:00,true,ATIVO_ANALITICO,false,false,40000,2500,300000,0,false,false,false,false,false,,2026-05-20T20:43:59.242754+00:00,2026-03-08T04:23:49.376414+00:00,de2bd404-0b98-4551-8cd1-e2a8e7d50a8c,false,false,
Edma Aparecida Rodrigues,61996459255,rafael.rr82@yahoo.com.br,PHARUS,Abner Braga,Leilão Serial (Flipping de Leilão) | Trava de Inflação | Renda Fixa Escalonada | Fundo de Investimento (QVRA11),Checkpoint 3 | QV,2026-09-16T17:00:00+00:00,true,ATIVO_ANALITICO,false,false,30000,5000,270000,8200000,true,false,false,false,false,,2026-08-31T12:27:33.77931+00:00,2026-03-08T04:20:33.792819+00:00,78ab9928-043f-4da5-91e4-53756524be76,true,false,
Edson Mitsuo Nishida,5511971492223,edmitho@hotmail.com,PHARUS,Cleuber Anicesio,Fundo de Investimento (QVRA11) | Autoconstrução | Leilão Serial (Flipping de Leilão),Especial | QV,2026-08-20T18:00:00+00:00,true,ATIVO_ANALITICO,false,false,42000,8000,110000,269000,false,false,false,false,false,02/09/2026,2026-09-02T18:50:18.066784+00:00,2026-03-08T04:24:17.277812+00:00,459618e6-cb21-44b5-b626-6b1c31499f98,false,false,
Eduardo Augusto Rorato,5514997925486,eduardororato@uol.com.br,PHARUS,João Aliceda,Renda Fixa Escalonada,,,true,ATIVO_ANALITICO,false,false,20000,0,380000,21650000,false,false,false,false,false,,2026-07-24T11:28:21.724615+00:00,2026-03-08T04:09:45.712548+00:00,acadfdb8-f4fa-43be-a992-2449aebb1a43,false,false,
Eduardo Jorio Machado,5533999716989,dr.eduardojorio@hotmail.com,DAVOS,Eduardo Peroni,Fundo de Investimento (QVRA11),,,true,ATIVO_ANALITICO,false,false,165000,30000,100000,1300000,false,false,false,false,false,,2026-09-21T17:37:32.537425+00:00,2026-03-08T04:24:31.891669+00:00,09ef3763-f774-4fd6-a285-50f810c64331,true,false,
Eduardo Meyron,5521994165818,eduardomeyron@hotmail.com,DAVOS,Lucas Barrientos,,,,true,ATIVO_ANALITICO,false,false,30000,10000,300000,650000,false,false,false,false,false,,2026-08-25T13:11:29.520794+00:00,2026-03-08T04:19:50.325597+00:00,0ffdf152-149a-46f0-91d6-3989da6ff9c1,false,false,
Eduardo Vasconcelos dos Santos Dantas,+5581991621693,eduardodantas@eduardodantas.adv.br,PHARUS,,,,,true,ATIVO_ANALITICO,false,false,,,,,,,,,,,,,,,,
Eduardo William Mendes da Silva,5591982632070,eduardowms@gmail.com,PHARUS,Abner Braga,Renda Fixa Escalonada | Trava de Inflação,Especial | QV,2026-06-30T16:00:00+00:00,true,ATIVO_ANALITICO,false,false,30000,3000,340000,700000,true,false,false,false,false,,2026-09-24T19:09:40.171158+00:00,2026-03-08T04:31:10.519675+00:00,029b78f8-ddb4-47a2-9cb0-82cdf59b1ed5,true,false,
Eliandra Machado da Silva,5541992337033,eliandra.med@gmail.com,DAVOS,Eduardo Peroni,Incorporação Financiada (ATLAS) | ARCADIA,Checkpoint 5 | QV,2026-09-24T20:00:00+00:00,true,ATIVO_ANALITICO,false,false,140000,50000,375000,20000000,false,false,false,false,false,,2026-09-21T17:38:27.462435+00:00,2026-03-08T04:19:25.174397+00:00,09ef3763-f774-4fd6-a285-50f810c64331,true,false,
Elinara Maria Waldemarca,+5551996276767,palladioarquitetura@gmail.com,PHARUS,,,,,true,ATIVO_ANALITICO,false,false,,,,,,,,,,,,,,,,
Elisandra Patrícia Scariot Martins,5546999380668,elisandra.p.s.martins@gmail.com,PHARUS,Cleuber Anicesio,Renda Sintética | Autoconstrução,Especial | QV,2026-05-18T13:00:00+00:00,true,ATIVO_ANALITICO,false,false,35000,22000,584000,880000,true,false,false,false,false,02/09/2026,2026-09-02T18:50:36.445668+00:00,2026-03-08T04:17:46.245061+00:00,459618e6-cb21-44b5-b626-6b1c31499f98,true,false,
Elisangela Reges de Medeiros Miranda,+5586981169101,elirmedeiros@hotmail.com,PHARUS,,,Diagnóstico Patrimonial | QUARTAVIA - Elisângela Reges Medeiros Miranda ,2026-08-05T19:00:00+00:00,true,ATIVO_ANALITICO,false,false,,,,,,,,,,,,,,,,
Elizabeth Borges Dias,5531986280216,beth-bdias@outlook.com,PHARUS,Cleuber Anicesio,,Checkpoint 1 | QV,2026-09-17T17:00:00+00:00,true,ATIVO_ANALITICO,false,false,30000,10000,100000,5100000,true,false,false,false,false,02/09/2026,2026-09-02T18:50:46.187036+00:00,2026-03-08T04:24:51.250469+00:00,459618e6-cb21-44b5-b626-6b1c31499f98,true,false,
Emília Eugênia Silva,5534988421014,emiliaaxa@hotmail.com,DAVOS,Lucas Barrientos,Fundo de Investimento (QVRA11) | Usinas Escalonáveis (ÂMPAR) | ARCADIA | Leilão Serial (Flipping de Leilão) | Crédito Verde,Emilia Eugenia Silva  e Lucas Daniel,2026-09-14T18:30:00+00:00,true,ATIVO_ANALITICO,false,false,70000,30000,1000000,800000,false,false,false,false,false,,2026-09-01T12:28:36.659871+00:00,2026-03-08T04:16:28.405707+00:00,0ffdf152-149a-46f0-91d6-3989da6ff9c1,false,false,
Erick Ikson,5582999628482,familiaikson@gmail.com,PHARUS,Thiago Freire,,,,true,ATIVO_ANALITICO,false,false,14860,4000,0,170000,false,false,false,false,false,,2026-07-24T18:46:56.171086+00:00,2026-03-08T04:31:43.855288+00:00,d0c4fa22-6591-469e-871b-669d42f4ddc1,false,false,
Érika Roselaine Navarro Figaro,5511992409395,erika.navarro@scopo.digital,PHARUS,Thiago Freire,,Checkpoint 1 | QV,2026-07-14T14:00:00+00:00,true,ATIVO_ANALITICO,false,false,25000,0,0,1300000,true,false,false,true,false,,2026-03-25T17:04:35.189522+00:00,2026-03-08T04:33:21.696161+00:00,b4c41527-e066-4943-8849-efd3720b6b19,true,true,
Erivelto Leal de Oliveira,92981231731,eriveltoleal@gmail.com,PHARUS,Pedro Goulart,Autoconstrução | Leilão Serial (Flipping de Leilão),,,true,ATIVO_ANALITICO,false,false,88000,15000,100000,2000000,false,false,false,false,false,,2026-09-02T05:18:36.386236+00:00,2026-03-08T04:24:30.790934+00:00,dcaae4ce-10ea-4b64-9fc8-0ad11de960e9,false,false,
Evandro Amorim Barbosa,5535991985250,evandrobarbosa92@gmail.com,PHARUS,Andrieli Campesato,Trava de Inflação,Mapeamento | QV,2026-05-04T17:30:00+00:00,true,ATIVO_ANALITICO,false,false,40000,20000,100000,800000,false,false,false,false,false,,2026-08-25T17:02:09.630458+00:00,2026-03-08T04:24:36.71534+00:00,029b78f8-ddb4-47a2-9cb0-82cdf59b1ed5,true,false,
Evelyn Rebelo dos Santos Figueira,5592981825638,evelyn_rebelo@hotmail.com,PHARUS,Thiago Freire,Leilão Serial (Flipping de Leilão),Checkpoint 1 | QV,2026-06-18T19:00:00+00:00,true,ATIVO_ANALITICO,false,false,19800,1000,100000,0,false,false,false,false,false,,2026-07-24T19:05:51.901928+00:00,2026-03-08T04:25:20.505192+00:00,d0c4fa22-6591-469e-871b-669d42f4ddc1,false,false,
Everton Junio Magalhães,,everton.spdnet@gmail.com,PHARUS,Carlos Serafim,,Checkpoint 1 | QV,2026-04-07T18:00:00+00:00,true,ATIVO_ANALITICO,false,false,20000,5000,100000,500000,false,false,false,false,false,,2026-07-24T18:40:16.239658+00:00,2026-03-08T04:25:06.864135+00:00,8600ba5c-05df-4a84-9ac9-ac7c34fc0995,false,false,
Fabiano Gradela Leone,5517991142725,fgleone@hotmail.com,DAVOS,Julio Cienkonog,,Implementação DAVOS | QV,2026-06-16T18:30:00+00:00,true,ATIVO_ANALITICO,false,false,81000,21000,36000,900000,false,false,false,false,false,,2026-09-12T16:40:02.778162+00:00,2026-03-08T04:44:15.020936+00:00,626f6cf6-4920-4828-a942-a627b582ac8b,false,false,
Fabio Arasanz,+5541999840150,fabio@arasanz.com.br,PHARUS,,,,,true,ATIVO_ANALITICO,false,false,,,,,,,,,,,,,,,,
Fabio Augusto de Carvalho,554491084949,drfac@hotmail.com,DAVOS,Lucas Barrientos,Crédito Verde | Usinas Escalonáveis (ÂMPAR) | Fundo de Investimento (QVRA11) | ARCADIA,,,true,ATIVO_ANALITICO,false,false,60000,15000,600000,0,false,false,false,false,false,,2026-09-01T12:29:53.114937+00:00,2026-03-08T04:17:33.399876+00:00,0ffdf152-149a-46f0-91d6-3989da6ff9c1,false,false,
Fabio Figueiredo,5535999861515,fabiogfigueiredo@yahoo.com.br,DAVOS,Eduardo Peroni,,Checkpoint 3 | QV,2026-08-03T13:00:00+00:00,true,ATIVO_ANALITICO,false,false,50000,10000,250000,0,false,false,false,false,false,,2026-09-21T17:38:34.864989+00:00,2026-03-08T04:20:52.726403+00:00,09ef3763-f774-4fd6-a285-50f810c64331,false,false,
Fabio Nocera,5541991441152,,DAVOS,Lucas Barrientos,,,,true,ATIVO_ANALITICO,false,false,65000,12000,1300000,0,false,false,false,false,false,,2026-08-25T13:11:53.955311+00:00,2026-03-08T04:15:38.899001+00:00,0ffdf152-149a-46f0-91d6-3989da6ff9c1,false,false,
Fábio Rigueto,5511981278008,fabiorigueto@gmail.com,PHARUS,Andrieli Campesato,Fundo de Investimento (QVRA11) | Renda Sintética | Leilão Serial (Flipping de Leilão) | Autoconstrução | Crédito Verde,QV | Especial - Fabio Rigueto,2026-09-30T13:30:00+00:00,true,ATIVO_ANALITICO,false,false,20000,5000,500000,0,false,false,false,false,false,,2026-09-02T05:18:43.187698+00:00,2026-03-08T04:19:12.542046+00:00,dcaae4ce-10ea-4b64-9fc8-0ad11de960e9,false,false,
Fábio Serfaty Ferreira,5591981166750,fabiorauland@gmail.com,PHARUS,Thiago Freire,,Checkpoint 1 | QV,2026-06-29T17:00:00+00:00,true,ATIVO_ANALITICO,false,false,20000,5000,100000,1200000,false,false,false,false,false,,2026-07-24T20:39:31.633163+00:00,2026-03-08T04:33:39.986613+00:00,d0c4fa22-6591-469e-871b-669d42f4ddc1,false,false,
Fabricio Batista de Souza,+5541991904142,fabriciobatistamais@gmail.com,PHARUS,,,,,true,ATIVO_ANALITICO,false,false,,,,,,,,,,,,,,,,
Fabrício Rebello Lignani Siqueira,5532988692310,farlsiqueira23@gmail.com,PHARUS,Carlos Serafim,,Checkpoint 2 | QV,2026-05-07T14:00:00+00:00,true,ATIVO_ANALITICO,false,false,23000,4000,100000,1000000,true,false,false,false,false,,2026-03-24T00:40:18.794727+00:00,2026-03-08T04:25:27.730187+00:00,8600ba5c-05df-4a84-9ac9-ac7c34fc0995,true,false,
Felipe Gun Kim,5511999999489,kim.fgk@gmail.com,PHARUS,Willian Oliveira Schimidt,Autoconstrução | Fundo de Investimento (QVRA11) | Leilão Serial (Flipping de Leilão) | Escala Imobiliária,Checkpoint 2 | QV,2026-08-28T18:00:00+00:00,true,ATIVO_ANALITICO,false,false,20000,3000,200000,0,false,false,false,false,false,,2026-07-24T14:20:27.157407+00:00,2026-03-08T04:22:06.462899+00:00,b3ca3177-ce38-4179-b901-53727cfaf1b1,false,false,
Felipe Hurtado,5511967100969,,DAVOS,Lucas Barrientos,,,,true,ATIVO_ANALITICO,false,false,,,,,,,,,,,,,,,,
Felipe Magno,5521992929425,wmplastica@gmail.com,DAVOS,Lucas Barrientos,,,,true,ATIVO_ANALITICO,false,false,120000,75000,1500000,0,false,false,false,false,false,,2026-08-25T13:12:07.510802+00:00,2026-03-08T04:15:25.167384+00:00,0ffdf152-149a-46f0-91d6-3989da6ff9c1,false,false,
Felipe Mesquita,5521996954044,,DAVOS,Eduardo Peroni,ARCADIA | Incorporação Financiada (ATLAS),Checkpoint 1 | QV,2026-08-31T14:30:00+00:00,true,ATIVO_ANALITICO,false,false,80000,0,0,4200000,false,false,false,false,false,,2026-09-21T17:38:41.640743+00:00,2026-07-01T17:54:26.896073+00:00,09ef3763-f774-4fd6-a285-50f810c64331,true,false,
Felipe Santos Carmo,27981438801,Felipecarmo@hotmail.com,DAVOS,Lucas Barrientos,ARCADIA | Leilão Serial (Flipping de Leilão),DAVOS - Acompanhamento | QV  ,2026-04-09T19:30:00+00:00,true,ATIVO_ANALITICO,false,false,50000,10000,200000,600000,false,false,false,false,false,,2026-09-01T12:25:08.561267+00:00,2026-03-08T04:21:45.314861+00:00,0ffdf152-149a-46f0-91d6-3989da6ff9c1,false,false,
Felix Augusto dos Santos Júnior,5581996647828,sgtfelixaugusto@hotmail.com,DAVOS,Eduardo Peroni,ARCADIA | Fundo de Investimento (QVRA11),Checkpoint 3 | QV,2026-09-11T18:00:00+00:00,true,ATIVO_ANALITICO,false,false,65000,10000,250000,600000,false,false,false,false,false,,2026-09-21T17:38:56.100674+00:00,2026-03-08T04:18:58.722886+00:00,09ef3763-f774-4fd6-a285-50f810c64331,false,false,
Fernanda Aparecida Magron,5511964221828,fermedicina15@gmail.com,PHARUS,Samuel Araújo,,,,true,ATIVO_ANALITICO,false,false,25500,5000,7000,0,true,false,true,false,false,,2026-07-24T15:32:43.423764+00:00,2026-03-08T04:30:14.634038+00:00,81ea821e-26ec-4094-9c7c-a2014fa9cdc3,false,true,
Fernanda Reis Gomes,5541997829894,fernandarg.cirurgia@yahoo.com.br,PHARUS,João Aliceda,,,,true,ATIVO_ANALITICO,false,false,25000,0,200000,0,false,false,false,false,false,,2026-07-24T11:24:37.763988+00:00,2026-03-08T04:22:19.276246+00:00,acadfdb8-f4fa-43be-a992-2449aebb1a43,false,false,
Fernando Paranaiba Filgueira,5564999279779,fpfilgueira@yahoo.com.br,PHARUS,Willian Oliveira Schimidt,,,,true,ATIVO_ANALITICO,false,false,85000,8000,50000,3000000,true,false,false,false,false,,2026-04-13T20:26:26.9977+00:00,2026-03-08T04:32:17.168049+00:00,b3ca3177-ce38-4179-b901-53727cfaf1b1,true,false,
Flávio Ribeiro Dib,+5516997616699,flaviodib@yahoo.com.br,PHARUS,,,,,true,ATIVO_ANALITICO,false,false,,,,,,,,,,,,,,,,
Francisco Augusto Santos Souza,5571981250825,francisco@marecheiaconstrutora.com.br,PHARUS,Ana Ávalos,,,,true,ATIVO_ANALITICO,false,false,50000,5000,130000,2500000,false,false,false,false,false,,2026-07-24T20:41:24.118082+00:00,2026-03-08T04:23:50.82308+00:00,d0c4fa22-6591-469e-871b-669d42f4ddc1,false,false,
Francisco de Carvalho Dantas Terceiro,5586981448585,dr.francisco_iii@icloud.com,DAVOS,Julio Cienkonog,,Kickoff | QV,2026-02-25T13:00:00+00:00,true,ATIVO_ANALITICO,false,false,110000,20000,130000,,false,false,false,false,false,,2026-09-12T16:42:10.629081+00:00,2026-03-08T04:23:42.509729+00:00,626f6cf6-4920-4828-a942-a627b582ac8b,false,false,
Francisco Martins,5511977795517,fhlmartins40@gmail.com,DAVOS,Eduardo Peroni,Incorporação Financiada (ATLAS),Checkpoint 3 | QV,2026-05-28T17:00:00+00:00,true,ATIVO_ANALITICO,false,false,45000,15000,50000,0,false,false,false,false,false,,2026-09-21T17:39:02.366792+00:00,2026-03-08T04:27:08.949007+00:00,09ef3763-f774-4fd6-a285-50f810c64331,false,false,
Frederico Fonseca Schuabb,21964961990,Fredericofschuabb@gmail.com,PHARUS,Junior Teixeira,Renda Sintética | Leilão Serial (Flipping de Leilão) | Fundo de Investimento (QVRA11) | Crédito Verde,Alinhamento - Frederico Schuabb,2026-09-16T20:40:00+00:00,true,ATIVO_ANALITICO,false,false,50000,2000,1300000,0,false,false,false,false,false,,2026-09-02T05:18:52.104771+00:00,2026-03-08T04:15:19.577111+00:00,dcaae4ce-10ea-4b64-9fc8-0ad11de960e9,false,false,
Gabriel Scarabôtolo Gattás,5511996498505,,DAVOS,Lucas Barrientos,,GABRIEL SCARABÔTOLO GATTÁS  e Lucas Daniel,2026-08-24T17:30:00+00:00,true,ATIVO_ANALITICO,false,false,60000,6300,1620000,0,false,false,false,false,false,,2026-08-24T17:17:41.246319+00:00,2026-03-08T04:15:22.384368+00:00,0ffdf152-149a-46f0-91d6-3989da6ff9c1,false,false,
Gabriel Terra,5562999181988,gabrielterragts@hotmail.com,PHARUS,Abner Braga,Renda Sintética | Trava de Inflação | Fundo de Investimento (QVRA11) | Renda Fixa Escalonada,Rota Patrimonial | QV,2026-08-14T18:00:00+00:00,true,ATIVO_ANALITICO,false,false,60000,10000,90000,0,false,false,false,false,false,"HOSPITAL ORTOPEDICO DE CERES - último valuation. Tenho 1% de cota nesta empresa.  Cliente é sócio de hospitais: R$ 300K

Disse que irá renovar",2026-09-25T21:14:40.222041+00:00,2026-03-08T04:24:01.784631+00:00,78ab9928-043f-4da5-91e4-53756524be76,true,false,
Gédersson Rosato,5569981114339,gederson@gmail.com,PHARUS,Cleuber Anicesio,,,,true,ATIVO_ANALITICO,false,false,120000,20000,330000,0,false,false,false,false,false,02/09/2026,2026-09-02T18:51:04.132639+00:00,2026-03-08T04:19:42.755606+00:00,459618e6-cb21-44b5-b626-6b1c31499f98,false,false,
Gilvan Soeiro de Souza,5573999859009,gilvansoeiro@gmail.com,PHARUS,João Aliceda,,Checkpoint 1 | QV,2026-08-04T19:30:00+00:00,true,ATIVO_ANALITICO,false,false,22000,0,0,1020000,true,false,false,false,false,,2026-08-25T17:02:32.341528+00:00,2026-03-08T04:33:30.62599+00:00,029b78f8-ddb4-47a2-9cb0-82cdf59b1ed5,true,false,
Glysse de Moura Sousa,5581991047153,glyssekenede@hotmail.com,PHARUS,Tales Salinas Rozo,,Rota Patrimonial | QV,2026-09-29T19:00:00+00:00,true,ATIVO_ANALITICO,false,false,45000,3000,14000,0,true,false,false,false,false,,2026-09-03T19:31:21.715024+00:00,2026-03-08T04:31:14.364863+00:00,df32d624-db6d-488a-8da4-e15206a89049,true,true,
Guilherme Almeida Francisco,+5561996490436,guilhemem.almeida@icloud.com,PHARUS,Samuel Araújo,Autoconstrução,Especial | QV,2026-09-21T16:30:00+00:00,true,ATIVO_ANALITICO,false,false,30000,5000,300000,4000000,true,false,false,false,false,,2026-08-26T13:31:38.994713+00:00,2026-06-18T17:58:29.294666+00:00,b4c41527-e066-4943-8849-efd3720b6b19,true,false,
Guilherme da Cunha Galvani,47 9292-5060,guigalvani@gmail.com,PHARUS,João Aliceda,Renda Fixa Escalonada,Intenção de cancelamento,2026-09-09T17:00:00+00:00,true,ATIVO_ANALITICO,false,false,0,0,0,0,false,false,false,false,false,,2026-07-24T13:39:08.089618+00:00,2026-07-24T13:39:08.089618+00:00,acadfdb8-f4fa-43be-a992-2449aebb1a43,false,false,
Guilherme Ferreira de Almeida,5511932924187,guilhermefa10@hotmail.com,DAVOS,Julio Cienkonog,,,,true,ATIVO_ANALITICO,false,false,100000,20000,300000,,false,false,false,false,false,,2026-07-24T21:04:08.991977+00:00,2026-03-08T04:19:53.839885+00:00,626f6cf6-4920-4828-a942-a627b582ac8b,false,false,
Guilherme Romano,5521971291974,,DAVOS,Lucas Barrientos,Fundo de Investimento (QVRA11),,,true,ATIVO_ANALITICO,false,false,500000,30000,400000,0,false,false,false,false,false,,2026-08-25T13:12:58.807046+00:00,2026-03-08T04:19:18.464484+00:00,0ffdf152-149a-46f0-91d6-3989da6ff9c1,false,false,
Gustavo Antônio Giolo,5545991557565,gustavogiolo@hotmail.com,DAVOS,Eduardo Peroni,,Checkpoint 1 | QV,2026-01-27T12:00:00+00:00,true,ATIVO_ANALITICO,false,false,110000,20000,500000,1800000,false,false,false,false,false,,2026-09-21T17:56:38.489829+00:00,2026-03-08T04:26:23.707428+00:00,09ef3763-f774-4fd6-a285-50f810c64331,true,false,
Gustavo Cherubini,5517991452810,gustavo.cherubini.lima@gmail.com,DAVOS,Eduardo Peroni,Incorporação Financiada (ATLAS) | Fundo de Investimento (QVRA11) | ARCADIA,Checkpoint 4 | QV,2026-09-17T17:00:00+00:00,true,ATIVO_ANALITICO,false,false,60000,15000,250000,0,false,false,false,false,false,,2026-09-21T17:40:26.298433+00:00,2026-03-08T04:20:48.866137+00:00,09ef3763-f774-4fd6-a285-50f810c64331,false,false,
Gustavo Henrique Trombim,5519992157490,gustavo@lgsautomacao.com.br,DAVOS,Lucas Barrientos,Usinas Escalonáveis (ÂMPAR) | ARCADIA | Fundo de Investimento (QVRA11),,,true,ATIVO_ANALITICO,false,false,35000,8000,450000,0,false,false,false,false,false,,2026-09-01T12:27:15.852717+00:00,2026-03-08T04:18:37.717993+00:00,0ffdf152-149a-46f0-91d6-3989da6ff9c1,false,false,
Gustavo Melo,5521981017981,,DAVOS,Lucas Barrientos,Incorporação Financiada (ATLAS) | Usinas Escalonáveis (ÂMPAR),DAVOS - Acompanhamento | QV  ,2026-04-22T17:00:00+00:00,true,ATIVO_ANALITICO,false,false,150000,40000,628000,650000,false,false,false,false,false,,2026-09-01T12:27:20.453688+00:00,2026-03-08T04:17:24.996585+00:00,0ffdf152-149a-46f0-91d6-3989da6ff9c1,false,false,
Gustavo Zandona Gabaldo,+5546988055238,gustavogabaldo@gmail.com,PHARUS,,,,,true,ATIVO_ANALITICO,false,false,,,,,,,,,,,,,,,,
Hálamo Figueiredo Lima Abrantes,558399039893,halamoabrantes@hotmail.com,DAVOS,Eduardo Peroni,Fundo de Investimento (QVRA11) | Incorporação Financiada (ATLAS),Checkpoint 3 | QV,2026-06-24T17:00:00+00:00,true,ATIVO_ANALITICO,false,false,86000,30000,500000,1090000,false,false,false,false,false,,2026-09-21T17:40:35.690018+00:00,2026-03-08T04:18:04.392985+00:00,09ef3763-f774-4fd6-a285-50f810c64331,true,false,
Heber Augusto Lara Cunha,5531984758837,augustolara2012@gmail.com,PHARUS,Tales Salinas Rozo,Fundo de Investimento (QVRA11) | Crédito Verde | Renda Sintética | Leilão Serial (Flipping de Leilão) | Autoconstrução | Escala Imobiliária,Ativação das Engrenagens | QV,2026-08-13T19:00:00+00:00,true,ATIVO_ANALITICO,false,false,35000,8000,80000,1300000,true,false,false,false,false,,2026-09-03T19:31:24.943987+00:00,2026-03-08T04:26:44.168717+00:00,df32d624-db6d-488a-8da4-e15206a89049,true,true,
Heloisa Helena Franco de Camargo,5519981218800,helofcamargo@gmail.com,DAVOS,Eduardo Peroni,Fundo de Investimento (QVRA11) | ARCADIA | Incorporação Financiada (ATLAS),Checkpoint 3 | QV,2026-08-10T19:00:00+00:00,true,ATIVO_ANALITICO,false,false,60000,29000,1500000,7800000,true,false,false,false,false,,2026-09-21T17:40:41.976979+00:00,2026-03-08T04:15:27.959108+00:00,09ef3763-f774-4fd6-a285-50f810c64331,true,false,
Helyon Vasconcelos,5521981080314,helyon81@gmail.com,DAVOS,Eduardo Peroni,Usinas Escalonáveis (ÂMPAR) | Fundo de Investimento (QVRA11) | Incorporação Financiada (ATLAS),Checkpoint 4 | QV,2026-08-13T20:00:00+00:00,true,ATIVO_ANALITICO,false,false,80000,10000,100000,2000000,false,false,false,false,false,,2026-09-21T17:40:53.210492+00:00,2026-03-08T04:24:37.185025+00:00,09ef3763-f774-4fd6-a285-50f810c64331,true,false,
Henrique Sillman,5519991929339,henrique.sillmann@prometal.com.br,PHARUS,Ana Ávalos,,QV | Especial - Henrique Sillman,2026-09-24T20:30:00+00:00,true,ATIVO_ANALITICO,false,false,50000,0,0,1500000,false,false,false,false,false,,2026-09-25T12:36:16.595474+00:00,2026-03-08T04:27:05.296619+00:00,90e2898c-6cdf-48c2-be5d-8bf2d3e80ae1,false,false,
Heráclito Dantas de Miranda Neto,94991398911,heraclito.dantas@apextecnologia.com.br,PHARUS,Abner Braga,,,,true,ATIVO_ANALITICO,false,false,25000,4000,100000,0,false,false,false,false,false,,2026-09-25T21:13:06.575542+00:00,2026-03-08T04:25:12.049869+00:00,78ab9928-043f-4da5-91e4-53756524be76,false,false,
Hildenê de Jesus P S Bastos,+5598984138400,hildene@clinicapersonalitte.com.br,PHARUS,,,Diagnóstico Patrimonial | QUARTAVIA - Hildenê Bastos,2026-08-07T16:00:00+00:00,true,ATIVO_ANALITICO,false,false,,,,,,,,,,,,,,,,
Igor Val de Assis,557181121366,igorvassis@yahoo.com.br,DAVOS,Eduardo Peroni,Usinas Escalonáveis (ÂMPAR) | Operações | Leilão Serial (Flipping de Leilão),Checkpoint 3 | QV,2026-08-25T13:00:00+00:00,true,ATIVO_ANALITICO,false,false,15000,5000,220000,950000,false,false,false,false,false,,2026-09-21T17:41:00.237733+00:00,2026-03-08T04:21:19.597546+00:00,09ef3763-f774-4fd6-a285-50f810c64331,true,false,
Ildemberg de Oliveira,5595981177677,,DAVOS,Lucas Barrientos,,,,true,ATIVO_ANALITICO,false,false,90000,20000,100000,0,false,false,false,false,false,,2026-08-25T13:13:10.792824+00:00,2026-03-08T04:24:37.669007+00:00,0ffdf152-149a-46f0-91d6-3989da6ff9c1,false,false,
Israel Barcelos de Melo,5511995145105,is_bolivia@hotmail.com,PHARUS,Eduardo Peroni,ARCADIA | Leilão Serial (Flipping de Leilão) | Incorporação Financiada (ATLAS),Checkpoint 3 | QV,2026-08-20T19:00:00+00:00,true,ATIVO_ANALITICO,false,false,45000,10000,582177,850000,false,false,false,false,false,,2026-09-21T17:46:23.023307+00:00,2026-03-08T04:17:46.699845+00:00,09ef3763-f774-4fd6-a285-50f810c64331,true,false,
Jackson Laskoski,5549988131231,jack@conexti.com.br,PHARUS,Cleuber Anicesio,Renda Sintética | Leilão Serial (Flipping de Leilão),Rota Patrimonial | QV,2026-09-29T17:00:00+00:00,true,ATIVO_ANALITICO,false,false,33000,10000,28000,380000,false,false,false,false,false,02/09/2026,2026-09-02T18:51:28.463628+00:00,2026-03-08T04:28:49.517305+00:00,459618e6-cb21-44b5-b626-6b1c31499f98,false,false,
Jader Lucas de Almeida,5511966273281,jader@chameleoncomp.com,DAVOS,Eduardo Peroni,Fundo de Investimento (QVRA11) | ARCADIA | Incorporação Financiada (ATLAS),Checkpoint 4 | QV,2026-09-30T20:00:00+00:00,true,ATIVO_ANALITICO,false,false,55000,25000,300000,900000,false,false,false,false,false,,2026-09-21T17:46:28.859702+00:00,2026-03-08T04:19:52.929185+00:00,09ef3763-f774-4fd6-a285-50f810c64331,true,false,
Jairo Rodrigues,,,DAVOS,Eduardo Peroni,Fundo de Investimento (QVRA11),,,true,ATIVO_ANALITICO,false,false,88000,10000,200000,2935000,false,false,false,false,false,,2026-09-21T17:46:34.470475+00:00,2026-03-08T04:21:42.750787+00:00,09ef3763-f774-4fd6-a285-50f810c64331,true,false,
Jamile Condi Breviglieri,69981251963,jamile.breviglieri@hotmail.com,PHARUS,Carlos Serafim,Renda Sintética | Autoconstrução | Crédito Verde | Fundo de Investimento (QVRA11) | Leilão Serial (Flipping de Leilão) | ARCADIA,Checkpoint 6 | QV,2026-09-03T21:00:00+00:00,true,ATIVO_ANALITICO,false,false,28000,5000,100000,0,false,false,false,false,false,,2026-03-24T00:48:37.1585+00:00,2026-03-08T04:25:05.922368+00:00,8600ba5c-05df-4a84-9ac9-ac7c34fc0995,false,false,
Janaina Machado Eizono,6198195034,janainaeizono@gmail.com,DAVOS,Eduardo Peroni,ARCADIA | Incorporação Financiada (ATLAS) | Fundo de Investimento (QVRA11),Checkpoint 3 | QV,2026-07-28T20:00:00+00:00,true,ATIVO_ANALITICO,false,false,35000,15000,500000,3500000,false,false,false,false,false,,2026-09-21T18:05:00.834062+00:00,2026-03-08T04:17:20.627584+00:00,09ef3763-f774-4fd6-a285-50f810c64331,true,false,
Jander Freitas Silva,75992621364,crop.fisioterapia@gmail.com,PHARUS,Willian Oliveira Schimidt,Autoconstrução | Fundo de Investimento (QVRA11) | Leilão Serial (Flipping de Leilão),Checkpoint 2 | QV,2026-09-21T16:00:00+00:00,true,ATIVO_ANALITICO,false,false,40000,4000,160000,479999.95,true,false,false,false,false,,2026-04-13T20:30:13.560364+00:00,2026-03-08T04:22:46.165253+00:00,b3ca3177-ce38-4179-b901-53727cfaf1b1,true,false,
Jefferson Melônio Machado,5598987223920,jmelonio@hotmail.com,PHARUS,Ana Ávalos,,,,true,ATIVO_ANALITICO,false,false,20000,1,250000,1,false,false,false,false,false,,2026-07-24T13:48:10.653882+00:00,2026-03-08T04:21:02.985328+00:00,29c3e5e4-68c0-48a7-a213-1ee351645da9,false,false,
João Flávio Magalhães Borges de Carvalho,+5511992203345,drjoaocarvalho1978@gmail.com,PHARUS,,,João Flávio Magalhães Borges de carvalho e Thiago Brandão Figueiredo,2026-09-03T19:00:00+00:00,true,ATIVO_ANALITICO,false,false,,,,,,,,,,,,,,,,
João Guilherme Regazzini Neto,17997511141,cheffregazzini@hotmail.com,PHARUS,Rodrigo Lunardi,,Checkpoint 3 | QV,2026-06-17T15:00:00+00:00,true,ATIVO_ANALITICO,false,false,100000,50000,350000,0,false,false,false,false,false,,2026-04-10T12:20:23.828326+00:00,2026-03-08T04:19:30.597318+00:00,de2bd404-0b98-4551-8cd1-e2a8e7d50a8c,false,false,
Joao Wilkson Sena Taleires,5583998958606,joaosenamed@gmail.com,PHARUS,Ana Ávalos,Fundo de Investimento (QVRA11) | Renda Sintética | Crédito Verde | Leilão Serial (Flipping de Leilão),Especial | QV,2026-08-05T17:30:00+00:00,true,ATIVO_ANALITICO,false,false,35000,15000,170000,0,true,false,false,false,false,,2026-08-25T17:03:48.95638+00:00,2026-03-08T04:22:37.051234+00:00,029b78f8-ddb4-47a2-9cb0-82cdf59b1ed5,false,true,
Joel Machado Martins Braga,31971574450,joelmachado11@yahoo.com.br,PHARUS,Abner Braga,,Especial | QV,2026-03-19T13:00:00+00:00,true,ATIVO_ANALITICO,false,false,50000,2000,0,400000,true,false,false,false,false,,2026-09-02T05:19:18.553145+00:00,2026-03-08T04:29:44.300699+00:00,dcaae4ce-10ea-4b64-9fc8-0ad11de960e9,true,false,
Johnny de Geus Junior,5541999536369,danigeus@hotmail.com,PHARUS,Tales Salinas Rozo,Escala Imobiliária | Leilão Serial (Flipping de Leilão) | Autoconstrução,Checkpoint 2 | QV,2026-10-01T13:45:00+00:00,true,ATIVO_ANALITICO,false,false,45000,10000,150000,500000,true,false,false,false,false,,2026-09-03T19:31:37.512844+00:00,2026-03-08T04:25:47.212449+00:00,df32d624-db6d-488a-8da4-e15206a89049,true,true,
Jordana Figueiredo Zamboni,553191151735,jordanaz8@msn.com,DAVOS,Lucas Barrientos,Fundo de Investimento (QVRA11),Jordana Figueiredo Zamboni e Lucas Daniel,2026-08-27T19:30:00+00:00,true,ATIVO_ANALITICO,false,false,30000,5000,230000,0,false,false,false,false,false,,2026-08-25T13:15:47.666938+00:00,2026-03-08T04:21:11.058623+00:00,0ffdf152-149a-46f0-91d6-3989da6ff9c1,false,false,
Jorge Augusto Salles,5566996130844,jorge@laosf.com.br,DAVOS,Eduardo Peroni,,,,true,ATIVO_ANALITICO,false,false,75000,25000,1000000,0,false,false,false,false,false,,2026-09-21T18:05:06.806124+00:00,2026-03-08T04:16:05.350281+00:00,09ef3763-f774-4fd6-a285-50f810c64331,false,false,
Jorge Eliandro Bezerra,66 999769306,jorgeebezerra@hotmail.com,PHARUS,Rodrigo Lunardi,,,,true,ATIVO_ANALITICO,false,false,32000,0,0,0,false,false,false,false,false,,2026-04-09T20:37:27.157798+00:00,2026-03-08T04:33:03.428848+00:00,de2bd404-0b98-4551-8cd1-e2a8e7d50a8c,false,false,
Jose Alejandro Restom Coralles,5513997768950,josearestom@gmail.com,DAVOS,Eduardo Peroni,Usinas Escalonáveis (ÂMPAR),Checkpoint 3 | QV,2026-07-24T19:00:00+00:00,true,ATIVO_ANALITICO,false,false,100000,40000,600000,0,false,false,false,false,false,,2026-09-21T18:05:48.166751+00:00,2026-03-08T04:17:31.412751+00:00,09ef3763-f774-4fd6-a285-50f810c64331,true,false,
Jose Boralli,+5511985373001,zeboralli@gmail.com,PHARUS,,,,,true,ATIVO_ANALITICO,false,false,,,,,,,,,,,,,,,,
José Cláudio Machado,051+982138953,joseclaudio_machado@hotmail.com,PHARUS,Pedro Goulart,Leilão Serial (Flipping de Leilão),Checkpoint 2 | QV,2026-09-23T20:00:00+00:00,true,ATIVO_ANALITICO,false,false,30000,7000,200000,2000000,false,false,false,false,false,,2026-09-02T05:19:20.625939+00:00,2026-03-08T04:20:04.680666+00:00,dcaae4ce-10ea-4b64-9fc8-0ad11de960e9,false,false,
Jose Felipe Brabo Pastana,5521982448888,felipe.pastana1@outlook.com,DAVOS,Eduardo Peroni,Fundo de Investimento (QVRA11) | Leilão Serial (Flipping de Leilão) | ARCADIA,Checkpoint 3 | QV,2026-07-28T19:00:00+00:00,true,ATIVO_ANALITICO,false,false,100000,50000,300000,1000000,false,false,false,false,false,,2026-09-21T18:06:02.604005+00:00,2026-03-08T04:21:27.790364+00:00,09ef3763-f774-4fd6-a285-50f810c64331,true,false,
José Gilmar Gomes Junior,0,jggjunior@gmail.com,DAVOS,Lucas Barrientos,ARCADIA | Usinas Escalonáveis (ÂMPAR) | Fundo de Investimento (QVRA11),Checkpoint 1 | QV,2026-09-15T17:00:00+00:00,true,ATIVO_ANALITICO,false,false,100000,30000,1000000,0,false,false,false,false,false,,2026-09-01T12:25:12.499288+00:00,2026-03-08T04:16:03.405407+00:00,0ffdf152-149a-46f0-91d6-3989da6ff9c1,false,false,
José Julio Fairbanks Barbosa Neto,5521995264320,jjfbneto@hotmail.com,PHARUS,Cleuber Anicesio,,Checkpoint 2 | QV,2026-08-20T13:00:00+00:00,true,ATIVO_ANALITICO,false,false,22000,2000,100000,430000,true,false,false,false,false,07/09/2026,2026-09-07T17:14:18.580809+00:00,2026-03-08T04:25:17.68951+00:00,459618e6-cb21-44b5-b626-6b1c31499f98,true,false,
José Luiz Aleixo,5511997287340,joseluizaleixo@hotmail.com,DAVOS,Lucas Barrientos,ARCADIA | Fundo de Investimento (QVRA11),,,true,ATIVO_ANALITICO,false,false,35000,10000,800000,0,false,false,false,false,false,,2026-09-01T12:27:24.816593+00:00,2026-03-08T04:16:54.817376+00:00,0ffdf152-149a-46f0-91d6-3989da6ff9c1,false,false,
José Renato Barbieri Gallo,5592981113377,zegallo31@yahoo.com.br,DAVOS,Eduardo Peroni,Usinas Escalonáveis (ÂMPAR) | ARCADIA,Checkpoint 2 | QV,2026-07-23T17:00:00+00:00,true,ATIVO_ANALITICO,false,false,200000,20000,1000000,6350000,false,false,false,false,false,,2026-09-21T18:06:07.758255+00:00,2026-03-08T04:16:05.846938+00:00,09ef3763-f774-4fd6-a285-50f810c64331,true,false,
José Ricardo Luz Amoretti,5571991150464,,DAVOS,Eduardo Peroni,Fundo de Investimento (QVRA11),Checkpoint 2 | QV,2026-08-26T20:00:00+00:00,true,ATIVO_ANALITICO,false,false,200000,0,3000000,1000000,false,false,false,false,false,,2026-09-21T18:06:20.423914+00:00,2026-03-08T04:15:15.566276+00:00,09ef3763-f774-4fd6-a285-50f810c64331,true,false,
José Valter da Silva,5582996745577,valtervalmar@gmail.com,DAVOS,Lucas Barrientos,,,,true,ATIVO_ANALITICO,false,false,80000,30000,285000,0,false,false,false,false,false,,2026-08-25T13:16:10.964905+00:00,2026-03-08T04:20:27.225767+00:00,0ffdf152-149a-46f0-91d6-3989da6ff9c1,false,false,
José Walter de Araújo Neto,88988283677,araujojosewalter@gmail.com,PHARUS,Willian Oliveira Schimidt,Leilão Serial (Flipping de Leilão) | Renda Sintética | Escala Imobiliária | Fundo de Investimento (QVRA11) | Autoconstrução,Checkpoint 1 | QV,2026-08-18T14:00:00+00:00,true,ATIVO_ANALITICO,false,false,50000,10000,40000,2230000,true,false,false,false,false,,2026-04-13T20:33:00.856998+00:00,2026-03-08T04:28:01.297238+00:00,b3ca3177-ce38-4179-b901-53727cfaf1b1,true,false,
Juliana Almeida Rezende Campos e Joao Vitor Medrado Nascimento,5571992572151,jucampos3@hotmail.com,PHARUS,Andrieli Campesato,Trava de Inflação | Renda Fixa Escalonada,Checkpoint 1 | QV,2026-09-11T16:00:00+00:00,true,ATIVO_ANALITICO,false,false,90000,25000,800000,1000000,true,false,false,false,false,,2026-09-11T14:54:21.577367+00:00,2026-03-08T04:16:49.439677+00:00,029b78f8-ddb4-47a2-9cb0-82cdf59b1ed5,true,false,
Juliana de Toledo Pierri Ribeiro Sampaio,5519995995019,julianatprsampaio@gmail.com,DAVOS,Eduardo Peroni,Fundo de Investimento (QVRA11) | Incorporação Financiada (ATLAS),Checkpoint 3 | QV,2026-06-24T19:00:00+00:00,true,ATIVO_ANALITICO,false,false,70000,20000,308608,460000,false,false,false,false,false,,2026-09-21T18:06:29.832003+00:00,2026-03-08T04:19:48.064553+00:00,09ef3763-f774-4fd6-a285-50f810c64331,true,false,
Juliana Karina Grellmann,5555996072458,dra.julianagrellmann@gmail.com,PHARUS,Gabriel Oliveira,Trava de Inflação | Renda Fixa Escalonada,Central de Inteligência | QV,2026-08-19T22:00:00+00:00,true,ATIVO_ANALITICO,false,false,0,0,0,0,false,false,false,false,false,,2026-09-24T23:23:53.2171+00:00,2026-07-24T00:34:57.188946+00:00,becda21e-2377-45b7-b580-20af8f2bcfdd,false,false,
Juliana Rosa Messias Araújo,5511996851238,ju.messias@gmail.com,PHARUS,Willian Sobral,,,,true,ATIVO_ANALITICO,false,false,80000,10000,930000,0,false,false,false,false,false,,2026-07-24T20:46:55.777808+00:00,2026-03-08T04:16:34.489741+00:00,d0c4fa22-6591-469e-871b-669d42f4ddc1,false,false,
Júlio César Arantes Maciel,5531992066630,julioarantes@yahoo.com.br,DAVOS,Eduardo Peroni,ARCADIA | Leilão Serial (Flipping de Leilão),Checkpoint 5 | QV,2026-08-10T20:00:00+00:00,true,ATIVO_ANALITICO,false,false,60000,10000,150000,6000000,false,false,false,false,false,,2026-09-21T18:06:42.678201+00:00,2026-03-08T04:20:05.14879+00:00,09ef3763-f774-4fd6-a285-50f810c64331,true,false,
Júlio Gil Simões Freire,558199717445,julio.gil.freire@elcoma.com.br,PHARUS,Carlos Serafim,,Checkpoint 3 | QV,2026-09-16T14:00:00+00:00,true,ATIVO_ANALITICO,false,false,150000,80000,2700000,20000000,true,false,false,false,false,Participou do processo de ascensão do perpétuo mas não quis ascender,2026-03-27T18:45:35.305418+00:00,2026-03-08T04:10:20.469392+00:00,8600ba5c-05df-4a84-9ac9-ac7c34fc0995,true,false,
Júpiter Newler Lopes,5598981117175,ijneewler@gmail.com,DAVOS,Lucas Barrientos,Fundo de Investimento (QVRA11) | Incorporação Financiada (ATLAS) | ARCADIA | Usinas Escalonáveis (ÂMPAR),,,true,ATIVO_ANALITICO,false,false,300000,170000,1500000,0,false,false,false,false,false,,2026-09-01T12:28:43.396874+00:00,2026-03-08T04:15:24.250156+00:00,0ffdf152-149a-46f0-91d6-3989da6ff9c1,false,false,
Kaio Seglia Nicolau,+55 27 99848-5588,kaionicolau@gmail.com,DAVOS,Lucas Barrientos,ARCADIA,,,true,ATIVO_ANALITICO,false,false,85000,30000,165000,0,false,false,false,false,false,,2026-09-01T12:27:32.158315+00:00,2026-03-08T04:22:40.868149+00:00,0ffdf152-149a-46f0-91d6-3989da6ff9c1,false,false,
Karina de Souza Weinmann,5511984735457,karinasw@hotmail.com,PHARUS,Rodrigo Amorim,Fundo de Investimento (QVRA11),QV | Especial - Karina Weinmann,2026-07-30T21:30:00+00:00,true,ATIVO_ANALITICO,false,false,50000,5000,100000,1500000,false,false,false,false,false,"Próximo a vencer
.",2026-08-21T14:26:21.444791+00:00,2026-03-08T04:23:31.786702+00:00,29c3e5e4-68c0-48a7-a213-1ee351645da9,false,false,
Karyna Bustelo Saab,5541992061234,karynasaab@hotmail.com,DAVOS,Lucas Barrientos,,,,true,ATIVO_ANALITICO,false,false,50000,10000,25000,0,false,false,false,false,false,,2026-09-01T12:25:15.77664+00:00,2026-03-08T04:28:55.622099+00:00,0ffdf152-149a-46f0-91d6-3989da6ff9c1,false,false,
Kattson Sales,,,PHARUS,Tales Salinas Rozo,Escala Imobiliária | Autoconstrução | Fundo de Investimento (QVRA11),,,true,ATIVO_ANALITICO,false,false,35000,0,75000,0,true,false,false,false,false,,2026-09-03T19:32:44.59727+00:00,2026-07-24T03:26:56.293647+00:00,df32d624-db6d-488a-8da4-e15206a89049,true,true,
Keila Marcia Motta Ferreira Pinheiro,5527992367128,keila.motta@hotmail.com,DAVOS,Eduardo Peroni,ARCADIA | Fundo de Investimento (QVRA11) | Crédito Verde,Checkpoint 3 | QV,2026-09-23T20:00:00+00:00,true,ATIVO_ANALITICO,false,false,115000,28000,400000,0,false,false,false,false,false,,2026-09-21T18:06:49.415735+00:00,2026-03-08T04:18:51.845327+00:00,09ef3763-f774-4fd6-a285-50f810c64331,true,false,
Kelen Abreu,5512981345953,keleng.abreu@gmail.com,PHARUS,Ana Ávalos,Escala Imobiliária | ARCADIA | Fundo de Investimento (QVRA11) | Autoconstrução,Checkpoint 1 | QV,2026-09-08T13:00:00+00:00,true,ATIVO_ANALITICO,false,false,70000,10000,700000,500000,true,false,false,false,false,,2026-09-02T05:19:53.243917+00:00,2026-03-08T04:17:11.324048+00:00,dcaae4ce-10ea-4b64-9fc8-0ad11de960e9,true,true,
Leandro Campos Silva,31 992097297,leandro.lcs@gmail.com,PHARUS,Rodrigo Lunardi,Fundo de Investimento (QVRA11) | Leilão Serial (Flipping de Leilão),Especial | QV,2026-08-28T15:00:00+00:00,true,ATIVO_ANALITICO,false,false,15000,0,200000,200000,false,false,false,false,false,,2026-07-31T16:08:11.631225+00:00,2026-03-08T04:25:41.55033+00:00,de2bd404-0b98-4551-8cd1-e2a8e7d50a8c,false,false,
Leonardo Akira,5516993530416,,DAVOS,Lucas Barrientos,Fundo de Investimento (QVRA11),,,true,ATIVO_ANALITICO,false,false,60000,5000,520000,0,false,false,false,false,false,,2026-08-25T13:20:04.526964+00:00,2026-03-08T04:17:58.336757+00:00,0ffdf152-149a-46f0-91d6-3989da6ff9c1,false,false,
Leonardo Cumin Carignano,41984390538,elianeglinski@hotmail.com,PHARUS,Rodrigo Lunardi,Fundo de Investimento (QVRA11),Checkpoint 3 | QV,2026-06-30T19:00:00+00:00,true,ATIVO_ANALITICO,false,false,32000,3000,400000,1000000,false,false,false,false,false,,2026-04-23T12:40:51.777352+00:00,2026-03-08T04:23:18.195814+00:00,de2bd404-0b98-4551-8cd1-e2a8e7d50a8c,false,false,
Leonardo de Araújo Nonato,5534998151903,eng.nonato@gmail.com,PHARUS,João Aliceda,,,,true,ATIVO_ANALITICO,false,false,0,0,0,0,false,false,false,false,false,,2026-07-24T13:40:25.813552+00:00,2026-07-24T13:40:25.813552+00:00,acadfdb8-f4fa-43be-a992-2449aebb1a43,false,false,
Leonardo Vanzo Starling Soares,+55 21 98898-4291,leonardo@peopleinteractive.com.br,PHARUS,Ana Ávalos,Renda Sintética | Autoconstrução | Escala Imobiliária,Checkpoint 2 | QV,2026-09-14T20:00:00+00:00,true,ATIVO_ANALITICO,false,false,60000,20000,115000,4500000,false,false,false,false,false,,2026-07-24T20:47:55.968812+00:00,2026-03-08T04:24:12.443194+00:00,d0c4fa22-6591-469e-871b-669d42f4ddc1,false,false,
Leopoldo César de Miranda Lima Bisneto,5561995041010,leopoldocesar.ml@gmail.com,PHARUS,João Aliceda,,,,true,ATIVO_ANALITICO,false,false,100000,40000,400000,0,false,false,false,false,false,,2026-07-24T13:40:47.089177+00:00,2026-03-08T04:18:49.546044+00:00,acadfdb8-f4fa-43be-a992-2449aebb1a43,false,false,
Lidice Basalo,5551993609191,,DAVOS,Lucas Barrientos,,,,true,ATIVO_ANALITICO,false,false,45000,10000,100000,0,false,false,false,false,false,,2026-09-01T12:29:06.514721+00:00,2026-07-20T17:16:29.027456+00:00,0ffdf152-149a-46f0-91d6-3989da6ff9c1,false,false,
Luana Espiridião Palma,5544988232153,luana-palma@live.com,PHARUS,Willian Oliveira Schimidt,,,,true,ATIVO_ANALITICO,false,false,350000,15000,200000,0,false,false,false,false,false,,2026-07-24T14:22:21.27094+00:00,2026-03-08T04:21:36.227822+00:00,b3ca3177-ce38-4179-b901-53727cfaf1b1,false,false,
Luciano Fuad Kairalla,5511981226690,lucianokairalla@hotmail.com,PHARUS,Carlos Serafim,,Checkpoint 1 | QV,2026-08-17T19:00:00+00:00,true,ATIVO_ANALITICO,false,false,80000,20000,1000000,2000000,true,false,false,false,false,"Participou no perpétuo, não quis ascender",2026-03-27T18:47:21.766391+00:00,2026-03-08T04:16:09.222614+00:00,8600ba5c-05df-4a84-9ac9-ac7c34fc0995,true,true,
Luciano Passoni,5511981877443,luciano_passoni@hotmail.com,DAVOS,Eduardo Peroni,Usinas Escalonáveis (ÂMPAR),Checkpoint 3 | QV,2026-07-22T14:00:00+00:00,true,ATIVO_ANALITICO,false,false,35000,4000,600000,1640000,false,false,false,false,false,,2026-09-21T18:08:04.85029+00:00,2026-03-08T04:17:40.792613+00:00,09ef3763-f774-4fd6-a285-50f810c64331,true,false,
Lucimar Afonso,5564984355560,lucimarafonso@doctor.com,DAVOS,Lucas Barrientos,Fundo de Investimento (QVRA11) | ARCADIA,DAVOS - Acompanhamento | QV  ,2026-05-25T19:00:00+00:00,true,ATIVO_ANALITICO,false,false,60000,20000,100000,0,false,false,false,false,false,,2026-09-01T12:28:48.307368+00:00,2026-03-08T04:24:35.782824+00:00,0ffdf152-149a-46f0-91d6-3989da6ff9c1,false,false,
Luis Fernando Dip,5546999115775,luis.dip@me.com,DAVOS,Eduardo Peroni,,,,true,ATIVO_ANALITICO,false,false,0,0,0,700000,false,false,false,false,false,,2026-07-01T17:52:44.114577+00:00,2026-07-01T17:52:44.114577+00:00,09ef3763-f774-4fd6-a285-50f810c64331,false,false,
Luis Filipi Bouyer Bicudo,5521981115773,lfbicudo@gmail.com,PHARUS,Abner Braga,Escala Imobiliária | ARCADIA | Autoconstrução | Renda Fixa Escalonada | Leilão Serial (Flipping de Leilão) | Trava de Inflação,Checkpoint 4 | QV,2026-09-15T17:00:00+00:00,true,ATIVO_ANALITICO,false,false,45000,10000,150000,0,false,false,false,false,false,Gostaria de mais estratégias,2026-09-25T21:14:34.482525+00:00,2026-03-08T04:23:00.448257+00:00,78ab9928-043f-4da5-91e4-53756524be76,true,false,
Luis Kobayashi,,,PHARUS,Tales Salinas Rozo,,,,true,ATIVO_ANALITICO,false,false,0,0,0,0,false,false,false,false,false,Cliente do Hendrick,2026-09-03T19:40:00.495792+00:00,2026-07-24T03:21:34.332321+00:00,df32d624-db6d-488a-8da4-e15206a89049,false,false,
Luíse Bispo da Costa Dalé,5553999640476,luise@dalleconstrutora.com.br,PHARUS,João Aliceda,,,,true,ATIVO_ANALITICO,false,false,40000,30000,150000,0,false,false,false,false,false,,2026-07-24T13:41:59.529847+00:00,2026-03-08T04:22:52.419454+00:00,acadfdb8-f4fa-43be-a992-2449aebb1a43,false,false,
Luiz Carlos Reisdorfer Klein*,5555984578189,luizcrk@gmail.com,PHARUS,Thiago Freire,,,,true,ATIVO_ANALITICO,false,false,30000,8000,100000,0,false,false,false,false,false,,2026-09-24T12:18:37.540696+00:00,2026-03-08T04:24:52.660804+00:00,029b78f8-ddb4-47a2-9cb0-82cdf59b1ed5,false,false,
Luiz Cláudio Portilho,5511959275678,dr.luizportilho@gmail.com,DAVOS,Eduardo Peroni,Leilão Circular (ASPEN),Checkpoint 1 | QV,2026-03-02T20:00:00+00:00,true,ATIVO_ANALITICO,false,false,40000,10000,160000,0,false,false,false,false,false,,2026-09-21T18:08:12.932918+00:00,2026-03-08T04:34:14.427629+00:00,09ef3763-f774-4fd6-a285-50f810c64331,true,false,
Luiz Fernando Canizares,5511972828827,fcanizares@uol.com.br,DAVOS,Eduardo Peroni,Incorporação Financiada (ATLAS) | Usinas Escalonáveis (ÂMPAR),Checkpoint 2 | QV,2026-05-06T20:00:00+00:00,true,ATIVO_ANALITICO,false,false,230000,50000,600000,1750000,false,false,false,false,false,,2026-09-21T18:08:22.148539+00:00,2026-03-08T04:17:30.940439+00:00,09ef3763-f774-4fd6-a285-50f810c64331,true,false,
Luiz Fernando de Almeida Rossi,5519988301134,lfarossi@hotmail.com,DAVOS,Eduardo Peroni,Incorporação Financiada (ATLAS) | Operações | Usinas Escalonáveis (ÂMPAR),Checkpoint 2 | QV,2026-04-21T12:00:00+00:00,true,ATIVO_ANALITICO,false,false,40000,20000,500000,7000000,false,false,false,false,false,,2026-09-21T18:09:07.183841+00:00,2026-03-08T04:19:21.516458+00:00,09ef3763-f774-4fd6-a285-50f810c64331,true,false,
Luiz Fernando Nicolodi,554198658155,luizfnicolodi@gmail.com,DAVOS,Lucas Barrientos,Leilão Serial (Flipping de Leilão) | Fundo de Investimento (QVRA11) | Usinas Escalonáveis (ÂMPAR) | ARCADIA,Luiz Fernando Nicolodi e Lucas Daniel,2026-08-13T18:30:00+00:00,true,ATIVO_ANALITICO,false,false,150000,35000,1092000,0,false,false,false,false,false,,2026-09-01T12:25:41.09861+00:00,2026-03-08T04:15:51.807993+00:00,0ffdf152-149a-46f0-91d6-3989da6ff9c1,false,false,
Luiz Pereira,5531999707610,luizrpjunior12@gmail.com,DAVOS,Lucas Barrientos,Usinas Escalonáveis (ÂMPAR) | Incorporação Financiada (ATLAS) | ARCADIA | Fundo de Investimento (QVRA11),DAVOS - Acompanhamento | QV  ,2026-05-29T14:00:00+00:00,true,ATIVO_ANALITICO,false,false,0,20000,400000,0,false,false,false,false,false,,2026-09-01T12:25:20.59815+00:00,2026-03-08T04:18:54.121053+00:00,0ffdf152-149a-46f0-91d6-3989da6ff9c1,false,false,
Luiz Venancio Duarte Fonseca,5531992375555,luizvenancio10@hotmail.com,PHARUS,Cleuber Anicesio,Autoconstrução,Checkpoint 1 | QV,2026-09-23T13:00:00+00:00,true,ATIVO_ANALITICO,false,false,140000,30000,500000,16600000,false,false,false,false,false,07/09/2026,2026-09-07T17:14:23.687829+00:00,2026-03-08T04:18:02.591183+00:00,459618e6-cb21-44b5-b626-6b1c31499f98,false,false,
Maíra Piani Couto,+55 91 8200-0060,mairapiani@hotmail.com,PHARUS,Cleuber Anicesio,Autoconstrução,,,true,ATIVO_ANALITICO,false,false,120000,50000,20000,0,false,false,false,false,false,07/09/2026,2026-09-07T17:14:28.450993+00:00,2026-03-08T04:29:06.767463+00:00,459618e6-cb21-44b5-b626-6b1c31499f98,false,false,
Marcela Mariani Lopes Soares Mocellin,5512981294804,mama_ls@hotmail.com,DAVOS,Eduardo Peroni,Incorporação Financiada (ATLAS) | ARCADIA,Checkpoint 2 | QV,2026-06-02T19:00:00+00:00,true,ATIVO_ANALITICO,false,false,35000,0,200000,0,false,false,false,false,false,,2026-09-21T18:09:28.596022+00:00,2026-03-08T04:18:26.116128+00:00,09ef3763-f774-4fd6-a285-50f810c64331,true,false,
Marcelo Costa Fernandes de Negreiros,79999202202,marcelo_negreiros@hotmail.com,PHARUS,Willian Oliveira Schimidt,Autoconstrução | Escala Imobiliária,,,true,ATIVO_ANALITICO,false,false,120000,8000,50000,21000000,false,false,false,false,false,IMÓVEIS SEM INVENTARIAR,2026-04-13T20:37:35.827003+00:00,2026-03-08T04:27:17.986141+00:00,b3ca3177-ce38-4179-b901-53727cfaf1b1,false,false,
Marcelo dos Santos Souza,5567992196811,,DAVOS,Lucas Barrientos,,,,true,ATIVO_ANALITICO,false,false,0,0,0,0,false,false,false,false,false,,2026-09-01T12:25:46.70889+00:00,2026-07-20T17:16:57.912941+00:00,0ffdf152-149a-46f0-91d6-3989da6ff9c1,false,false,
Marcelo Lasevitz,5551997447373,anamaste77@gmail.com,PHARUS,Hendrick Dorner,Autoconstrução | Retropatrimônio | Renda Fixa Escalonada,Checkpoint 2 | QV,2026-09-16T17:30:00+00:00,true,ATIVO_ANALITICO,false,false,60000,5000,500000,600000,true,false,false,false,false,,2026-09-24T12:18:47.922614+00:00,2026-03-08T04:17:57.582529+00:00,029b78f8-ddb4-47a2-9cb0-82cdf59b1ed5,true,false,
Marcelo Martins,5511981686823,mnozima@gmail.com,DAVOS,Eduardo Peroni,,Checkpoint 1 | QV,2026-03-10T20:00:00+00:00,true,ATIVO_ANALITICO,false,false,116000,16000,5200000,5000000,false,false,false,false,false,,2026-09-21T18:09:33.226772+00:00,2026-03-08T04:09:54.652692+00:00,09ef3763-f774-4fd6-a285-50f810c64331,true,false,
Marcelo Sabaini,5511991347201,mgouvea11@gmail.com,DAVOS,Lucas Barrientos,Leilão Serial (Flipping de Leilão) | Incorporação Financiada (ATLAS) | Fundo de Investimento (QVRA11) | ARCADIA | Usinas Escalonáveis (ÂMPAR),GISELE APARECIDA TRASFERETI e Lucas Daniel,2026-08-20T17:00:00+00:00,true,ATIVO_ANALITICO,false,false,64000,10000,833000,3700000,true,false,false,false,false,,2026-09-01T12:27:36.176078+00:00,2026-03-08T04:16:45.594508+00:00,0ffdf152-149a-46f0-91d6-3989da6ff9c1,true,false,
Marcelo Urio,554791709060,marcelourio@hotmail.com,DAVOS,Lucas Barrientos,,Checkpoint 1 | QV,2026-03-31T12:00:00+00:00,true,ATIVO_ANALITICO,false,false,,150000,,,false,false,false,false,false,,2026-03-08T04:30:50.403445+00:00,2026-03-08T04:30:50.403445+00:00,,false,false,
Marcelo Vieira Molinaroli Filho,28999859508,marcelofilho@tododiatop.com.br,PHARUS,João Aliceda,,,,true,ATIVO_ANALITICO,false,false,27000,2000,0,0,false,false,false,false,false,,2026-07-24T13:43:33.889849+00:00,2026-03-08T04:31:51.708007+00:00,acadfdb8-f4fa-43be-a992-2449aebb1a43,false,false,
Marcio da Silveira Pereira,+5592984361221,1marcio.p@gmail.com,PHARUS,,,PHARUS | Marcio Pereira,2026-08-19T13:00:00+00:00,true,ATIVO_ANALITICO,false,false,,,,,,,,,,,,,,,,
Márcio Henrique Carrera Fernandes,12981456090,mhcfernandes@hotmail.com,PHARUS,Tales Salinas Rozo,,,,true,ATIVO_ANALITICO,false,false,30000,5000,150000,0,true,false,false,false,false,,2026-09-03T19:34:34.023126+00:00,2026-03-08T04:23:12.605819+00:00,df32d624-db6d-488a-8da4-e15206a89049,true,true,
Márcio Mágno Macedo de Azevedo,558388609437,marciommacedo1@gmail.com,PHARUS,Gabriel Oliveira,,Implementação | QV,2026-06-30T14:00:00+00:00,true,ATIVO_ANALITICO,false,false,20000,10000,75000,0,false,false,false,false,false,,2026-09-24T23:24:39.41034+00:00,2026-03-08T04:26:19.141404+00:00,becda21e-2377-45b7-b580-20af8f2bcfdd,false,false,
Marcioni Cardoso Sheffer,555199528731,marcioni@terra.com.br,PHARUS,Cleuber Anicesio,,Checkpoint 1 | QV,2026-06-22T19:00:00+00:00,true,ATIVO_ANALITICO,false,false,21000,5000,10000,1200000,true,false,false,false,false,07/09/2026,2026-09-07T17:15:16.021776+00:00,2026-03-08T04:31:34.087121+00:00,459618e6-cb21-44b5-b626-6b1c31499f98,true,false,
Marcius Beltrão Siqueira,,marciusbeltrao@gmail.com,DAVOS,Lucas Barrientos,,,,true,ATIVO_ANALITICO,false,false,100000,10000,100000,0,false,false,false,false,false,,2026-09-01T12:29:10.446629+00:00,2026-03-08T04:24:44.770914+00:00,0ffdf152-149a-46f0-91d6-3989da6ff9c1,false,false,
Marco Antonio Lourenço,554199975995,mlo.69@icloud.com,DAVOS,Lucas Barrientos,Leilão Serial (Flipping de Leilão) | ARCADIA | Incorporação Financiada (ATLAS) | Fundo de Investimento (QVRA11),Marco Antonio Lourenço e Daniel Fentanes + Lucas Daniel,2026-08-10T13:30:00+00:00,true,ATIVO_ANALITICO,false,false,0,0,554000,0,false,false,false,false,false,,2026-09-01T12:25:49.276822+00:00,2026-03-08T04:17:50.333324+00:00,0ffdf152-149a-46f0-91d6-3989da6ff9c1,false,false,
Marco Viotti Ceriello,+5511999706079,marco.ceriello@gmail.com,PHARUS,,,,,true,ATIVO_ANALITICO,false,false,,,,,,,,,,,,,,,,
Marcolino Evangelista Barbosa Neto,5538998457200,marcolinobarbosa@outlook.com,PHARUS,Tales Salinas Rozo,,Checkpoint 3 | QV,2026-09-29T12:45:00+00:00,true,ATIVO_ANALITICO,false,false,30000,-5000,100000,3150000,true,false,false,false,false,,2026-09-03T19:35:00.290414+00:00,2026-04-09T20:05:30.639659+00:00,df32d624-db6d-488a-8da4-e15206a89049,true,false,
Marcos Antonio Skistymas Filho,5511974333535,skistymas@gmail.com,DAVOS,Eduardo Peroni,ARCADIA,Checkpoint 3 | QV,2026-09-21T19:00:00+00:00,true,ATIVO_ANALITICO,false,false,200000,0,300000,3650000,false,false,false,false,false,,2026-09-21T18:09:41.796624+00:00,2026-03-08T04:32:08.474058+00:00,09ef3763-f774-4fd6-a285-50f810c64331,true,false,
Marcos Araújo,5565996886020,marcoschavesjr@hotmail.com,DAVOS,Eduardo Peroni,Usinas Escalonáveis (ÂMPAR),,,true,ATIVO_ANALITICO,false,false,100000,25000,750000,15000000,false,false,false,false,false,,2026-09-21T18:09:53.858316+00:00,2026-03-08T04:17:02.996691+00:00,09ef3763-f774-4fd6-a285-50f810c64331,true,false,
Marcos Cailleaux Cezar,5521993192767,marcos@fcxconsultoria.com.br,PHARUS,Gustavo Papeschi Mariano,Leilão Serial (Flipping de Leilão) | Renda Sintética,Checkpoint 1 | QV,2026-04-08T19:00:00+00:00,true,ATIVO_ANALITICO,false,false,80000,40000,400000,0,false,false,false,false,false,,2026-07-24T20:51:23.816986+00:00,2026-03-08T04:18:50.012204+00:00,d0c4fa22-6591-469e-871b-669d42f4ddc1,false,false,
Marcos Hernani Silva Santos,5579991715457,marcoshernani2012@gmail.com,PHARUS,Nelson Marques,,Checkpoint 1 | QV,2026-07-08T20:30:00+00:00,true,ATIVO_ANALITICO,false,false,45000,5000,20000,2000000,false,false,false,false,false,,2026-03-30T20:46:04.249792+00:00,2026-03-08T04:29:15.690002+00:00,07cf9199-7149-4050-971b-bf5f5853b7a9,false,false,
Marcus Vinícius Mario Miranda,22 99726-0426,vicksmiranda@hotmail.com,PHARUS,João Aliceda,,,,true,ATIVO_ANALITICO,false,false,30000,0,0,0,false,false,false,false,false,,2026-07-24T13:45:28.05461+00:00,2026-07-24T13:45:28.05461+00:00,acadfdb8-f4fa-43be-a992-2449aebb1a43,false,false,
Marcus Vinicius Pinheiro Reis,5592982784860,mvpr.sfcm@gmail.com,DAVOS,Eduardo Peroni,Fundo de Investimento (QVRA11) | Usinas Escalonáveis (ÂMPAR) | ARCADIA | Incorporação Financiada (ATLAS),Checkpoint 3 | QV,2026-08-31T18:00:00+00:00,true,ATIVO_ANALITICO,false,false,80000,15000,300000,960000,false,false,false,false,false,,2026-09-21T18:10:15.470744+00:00,2026-03-08T04:17:33.928753+00:00,09ef3763-f774-4fd6-a285-50f810c64331,true,false,
Marcus Vinicius Vicentini Rosa,34992309699,marcus.vicentini@gmail.com,PHARUS,Nelson Marques,,Especial | QV,2026-09-09T17:00:00+00:00,true,ATIVO_ANALITICO,false,false,30000,15000,12000,120000,false,false,false,false,false,,2026-03-30T20:46:11.357677+00:00,2026-03-08T04:29:48.006833+00:00,07cf9199-7149-4050-971b-bf5f5853b7a9,false,false,
Maria Aparecida Barbosa Gomes Menezes,5574991591613,aparecida.menezes20@gmail.com,PHARUS,Nelson Marques,,Checkpoint 2 | QV,2026-06-05T19:00:00+00:00,true,ATIVO_ANALITICO,false,false,20000,0,0,3000000,false,false,false,false,false,,2026-03-30T20:46:40.042212+00:00,2026-03-08T04:21:01.11135+00:00,07cf9199-7149-4050-971b-bf5f5853b7a9,false,false,
Maria Claudia Steiner Ferme,11982451865,mcferme@uol.com.br,DAVOS,Eduardo Peroni,ARCADIA | Usinas Escalonáveis (ÂMPAR) | Fundo de Investimento (QVRA11) | Operações,Checkpoint 3 | QV,2026-09-22T20:00:00+00:00,true,ATIVO_ANALITICO,false,false,60000,15000,700000,7500000,false,false,false,false,false,,2026-09-21T18:10:24.120764+00:00,2026-03-08T04:17:09.785257+00:00,09ef3763-f774-4fd6-a285-50f810c64331,true,false,
Maria Del Pilar,5571999789803,,DAVOS,Daniel Fentanes,,,,true,ATIVO_ANALITICO,false,false,,,,,,,,,,,,,,,,
Mariana Couto Silva Lemos,5537999653083,marianacouto_s@hotmail.com,PHARUS,Nelson Marques,,,,true,ATIVO_ANALITICO,false,false,20000,5000,80000,25000000,false,false,false,false,false,,2026-03-30T21:01:17.985795+00:00,2026-03-08T04:26:07.517386+00:00,07cf9199-7149-4050-971b-bf5f5853b7a9,false,false,
Mariana Franceschini Brandão,11974037424,marifbrandao@gmail.com,DAVOS,Eduardo Peroni,ARCADIA | Incorporação Financiada (ATLAS) | Usinas Escalonáveis (ÂMPAR) | Leilão Serial (Flipping de Leilão),VIP PLANNING - Mariana Brandão,2026-09-25T17:00:00+00:00,true,ATIVO_ANALITICO,false,false,300000,50000,1000000,12000000,false,false,false,false,false,,2026-09-21T18:10:28.924619+00:00,2026-03-08T04:16:00.464206+00:00,09ef3763-f774-4fd6-a285-50f810c64331,true,false,
Mariana Ishibashi Onishi,11983460995,mishibashi2012@gmail.com,PHARUS,Nelson Marques,,,,true,ATIVO_ANALITICO,false,false,21500,0,25000,0,false,false,false,false,false,,2026-03-30T21:01:27.483451+00:00,2026-03-08T04:29:00.736192+00:00,07cf9199-7149-4050-971b-bf5f5853b7a9,false,false,
Mariana Pereira,553588648606,mari_unespfdf@hotmail.com,DAVOS,Eduardo Peroni,ARCADIA | Leilão Serial (Flipping de Leilão) | Fundo de Investimento (QVRA11) | Leilão Circular (ASPEN) | Incorporação Financiada (ATLAS) | Usinas Escalonáveis (ÂMPAR),Checkpoint 3 | QV,2026-06-16T19:00:00+00:00,true,ATIVO_ANALITICO,false,false,120000,20000,2890000,8760000,false,false,false,false,false,,2026-09-21T18:10:33.990952+00:00,2026-03-08T04:10:18.000553+00:00,09ef3763-f774-4fd6-a285-50f810c64331,true,false,
Mariana Ribeiro Cruz Saran Azevedo,,marisaranazevedo@gmail.com,PHARUS,Willian Oliveira Schimidt,,,,true,ATIVO_ANALITICO,false,false,200000,50000,40000,1950000,true,false,false,false,false,,2026-07-24T14:24:31.891229+00:00,2026-03-08T04:27:58.382064+00:00,b3ca3177-ce38-4179-b901-53727cfaf1b1,true,false,
Mariana Ribeiro de Souza Rebelo Lemos,5513997255873,marirebelo@gmail.com,PHARUS,Willian Oliveira Schimidt,Leilão Serial (Flipping de Leilão) | Autoconstrução,Checkpoint 2 | QV,2026-09-23T19:00:00+00:00,true,ATIVO_ANALITICO,false,false,130000,30000,200000,0,true,false,false,false,false,,2026-07-24T14:25:10.800003+00:00,2026-03-08T04:21:29.599434+00:00,b3ca3177-ce38-4179-b901-53727cfaf1b1,true,false,
Mariana Scoralick,5521981937396,maryscoralick@yahoo.com.br,DAVOS,Lucas Barrientos,,,,true,ATIVO_ANALITICO,false,false,0,20000,1600000,0,false,false,false,false,false,,2026-09-01T12:29:14.705768+00:00,2026-03-08T04:15:22.851442+00:00,0ffdf152-149a-46f0-91d6-3989da6ff9c1,false,false,
Maridete de Oliveira Moreira,+5527999114577,maridete.fisica@gmail.com,PHARUS,,,,,true,ATIVO_ANALITICO,false,false,,,,,,,,,,,,,,,,
Marilia Nunes,5591983830033,,DAVOS,Lucas Barrientos,,,,true,ATIVO_ANALITICO,false,false,0,20000,800000,0,false,false,false,false,false,,2026-09-01T12:27:41.04888+00:00,2026-03-08T04:16:50.873108+00:00,0ffdf152-149a-46f0-91d6-3989da6ff9c1,false,false,
Marilidia Guimarães Alves,+5543998351366,marilidiauepa@gmail.com,PHARUS,,,,,true,ATIVO_ANALITICO,false,false,,,,,,,,,,,,,,,,
Marina Koche Nunes Cerávolo,5548991236363,marinaknc@gmail.com,DAVOS,Eduardo Peroni,Leilão Serial (Flipping de Leilão) | Renda Sintética | Autoconstrução | ARCADIA,Checkpoint 3 | QV,2026-08-13T18:00:00+00:00,true,ATIVO_ANALITICO,false,false,70000,20000,226000,1670000,false,false,false,false,false,,2026-09-21T18:10:40.171392+00:00,2026-03-08T04:44:15.020936+00:00,09ef3763-f774-4fd6-a285-50f810c64331,true,false,
Mário César de Oliveira,+5534999840838,cesar.oliveira@cultura.agr.br,PHARUS,,,,,true,ATIVO_ANALITICO,false,false,,,,,,,,,,,,,,,,
Mario Henrique Lott Pacheco,5534991440056,mariohlott@yahoo.com.br,PHARUS,Willian Sobral,,,,true,ATIVO_ANALITICO,false,false,0,0,0,0,false,false,false,false,false,,2026-07-24T20:51:37.408997+00:00,2026-07-24T20:51:37.408997+00:00,d0c4fa22-6591-469e-871b-669d42f4ddc1,false,false,
Marushcka Salles Frazão de Assis,5511999668023,maruassis@gmail.com,DAVOS,Lucas Barrientos,ARCADIA | Fundo de Investimento (QVRA11) | Usinas Escalonáveis (ÂMPAR),,,true,ATIVO_ANALITICO,false,false,35000,10000,50000,0,false,false,false,false,false,,2026-09-01T12:27:45.142925+00:00,2026-03-08T04:27:16.520763+00:00,0ffdf152-149a-46f0-91d6-3989da6ff9c1,false,false,
Massahiro Ono,5566981140407,ono_1640@hotmail.com,PHARUS,Willian Oliveira Schimidt,,,,true,ATIVO_ANALITICO,false,false,70000,10000,500000,4000000,true,false,false,false,false,,2026-04-13T20:38:57.455016+00:00,2026-03-08T04:18:13.833264+00:00,b3ca3177-ce38-4179-b901-53727cfaf1b1,true,false,
Mateus Oliveira Bernardes,5521968621373,mateusoliverbernades@gmail.com,PHARUS,Pedro Goulart,Autoconstrução,,,true,ATIVO_ANALITICO,false,false,17000,3000,100000,200000,false,false,false,false,false,,2026-09-02T05:20:17.879673+00:00,2026-03-08T04:25:16.286911+00:00,dcaae4ce-10ea-4b64-9fc8-0ad11de960e9,false,false,
Mauber Giorgetta,+5512996660010,distribuidora_arina@hotmail.com,PHARUS,,,,,true,ATIVO_ANALITICO,false,false,,,,,,,,,,,,,,,,
Mauro Alberto dos Anjos Silva,5548998078000,mauro.anjos@hotmail.com,PHARUS,Cleuber Anicesio,,,,true,ATIVO_ANALITICO,false,false,58024.07,5000,110000,0,false,false,false,false,false,07/09/2026,2026-09-07T17:15:40.872524+00:00,2026-03-08T04:24:18.248168+00:00,459618e6-cb21-44b5-b626-6b1c31499f98,false,false,
Milena de Locco Martins,5511988085582,mi.martins@outlook.com,PHARUS,Abner Braga,,,,true,ATIVO_ANALITICO,false,false,14000,2000,300000,0,false,false,false,false,false,,2026-09-02T05:20:21.818032+00:00,2026-03-08T04:33:56.07901+00:00,dcaae4ce-10ea-4b64-9fc8-0ad11de960e9,false,false,
Milton Reinert,5548984048453,reiwart@hotmail.com,PHARUS,Willian Oliveira Schimidt,Leilão Serial (Flipping de Leilão) | Renda Sintética | Autoconstrução | Fundo de Investimento (QVRA11),Milton Reinert - Contemplação,2026-08-25T18:00:00+00:00,true,ATIVO_ANALITICO,false,false,24000,9000,60000,7000000,true,false,false,false,false,,2026-04-13T20:39:43.628169+00:00,2026-03-08T04:26:43.260173+00:00,b3ca3177-ce38-4179-b901-53727cfaf1b1,true,false,
Mirna Zandonadi Maia,5521985789712,mzandonadim@yahoo.com.br,DAVOS,Lucas Barrientos,Fundo de Investimento (QVRA11) | ARCADIA,,,true,ATIVO_ANALITICO,false,false,40000,12000,1700000,0,false,false,false,false,false,,2026-09-01T12:25:59.137948+00:00,2026-03-08T04:15:21.933216+00:00,0ffdf152-149a-46f0-91d6-3989da6ff9c1,false,false,
Monica de Luna Abrantes Loureiro,+5592995145313,monicaedaniela@hotmail.com,PHARUS,,,Reunião Diagnóstico - Mônica e Felipe Aleixo,2026-09-21T21:00:00+00:00,true,ATIVO_ANALITICO,false,false,,,,,,,,,,,,,,,,
Murilo Franco Rocha Santos,556481106068,industrially@hotmail.com,PHARUS,Gustavo Papeschi Mariano,,,,true,ATIVO_ANALITICO,false,false,40000,10000,300000,0,false,false,false,false,false,,2026-07-24T20:52:42.810811+00:00,2026-03-08T04:20:02.863768+00:00,d0c4fa22-6591-469e-871b-669d42f4ddc1,false,false,
Murilo Schimit Gonzalez,11945948269,MURILOGONZA@HOTMAIL.COM,DAVOS,Lucas Barrientos,ARCADIA | ALABAMA | Fundo de Investimento (QVRA11) | Usinas Escalonáveis (ÂMPAR),DAVOS - Acompanhamento | QV  ,2026-07-03T14:00:00+00:00,true,ATIVO_ANALITICO,false,false,100000,75000,2000000,0,false,false,false,false,false,,2026-09-01T12:29:22.076444+00:00,2026-03-08T04:10:29.847497+00:00,0ffdf152-149a-46f0-91d6-3989da6ff9c1,false,false,
Nadjaneyre Linhares,5511915183939,nadjaneyre@gmail.com,PHARUS,Hendrick Dorner,Renda Fixa Escalonada,Checkpoint 1 | QV,2026-09-22T16:00:00+00:00,true,ATIVO_ANALITICO,false,false,28000,10000,40000,0,false,false,false,false,false,Cliente congelado inicialmente por 3 meses,2026-09-24T12:18:56.051375+00:00,2026-03-08T04:28:23.304129+00:00,029b78f8-ddb4-47a2-9cb0-82cdf59b1ed5,false,false,
Natalia de Matos Branco Tobal,67 8145-4594,natalia.branco@hotmail.com,PHARUS,João Aliceda,Renda Fixa Escalonada,,,true,ATIVO_ANALITICO,false,false,100000,40000,100000,2000000,false,false,false,false,false,,2026-07-24T13:47:06.171024+00:00,2026-03-08T04:24:30.311877+00:00,acadfdb8-f4fa-43be-a992-2449aebb1a43,false,false,
Natan de Araujo Aragão,5521998849533,ntaragao@gmail.com,PHARUS,João Aliceda,,,,true,ATIVO_ANALITICO,false,false,24000,12000,120000,0,false,false,false,false,false,,2026-07-24T13:47:30.164825+00:00,2026-03-08T04:24:01.298108+00:00,acadfdb8-f4fa-43be-a992-2449aebb1a43,false,false,
Nathalia Mareca,554591353836,nathalia@assertt.com.br,DAVOS,Eduardo Peroni,,,,true,ATIVO_ANALITICO,false,false,300000,100000,350000,7200000,false,false,false,false,false,,2026-08-20T18:55:35.108582+00:00,2026-03-08T04:19:39.573254+00:00,09ef3763-f774-4fd6-a285-50f810c64331,true,false,
Nelson Muradian,5519974115444,nelson.muradian@gmail.com,PHARUS,Rodrigo Amorim,,Checkpoint 1 | QV,2026-06-03T14:00:00+00:00,true,ATIVO_ANALITICO,false,false,20000,2000,15000,600000,true,false,false,false,false,Imóveis sem liquidez. ,2026-03-27T18:09:26.534809+00:00,2026-03-08T04:29:43.343362+00:00,b4c41527-e066-4943-8849-efd3720b6b19,true,false,
Newton Ota,5511970983815,ota@dutoleve.com.br,DAVOS,Lucas Barrientos,Fundo de Investimento (QVRA11),,,true,ATIVO_ANALITICO,false,false,80000,15000,900000,0,false,false,false,false,false,,2026-09-01T12:27:48.067785+00:00,2026-03-08T04:16:36.917862+00:00,0ffdf152-149a-46f0-91d6-3989da6ff9c1,false,false,
Omar Alexandre,5555992302615,alexandrebertholdi@gmail.com,DAVOS,Lucas Barrientos,,,,true,ATIVO_ANALITICO,false,false,0,10000,800000,0,false,false,false,false,false,,2026-09-01T12:26:05.703516+00:00,2026-03-08T04:16:55.778237+00:00,0ffdf152-149a-46f0-91d6-3989da6ff9c1,false,false,
Omar Santiago Maciel,+5533991935651,omarbkp@gmail.com,PHARUS,,,Diagnóstico Patrimonial | QUARTAVIA - Omar Santiago ,2026-08-05T14:00:00+00:00,true,ATIVO_ANALITICO,false,false,,,,,,,,,,,,,,,,
Otávio Augusto Silvério,5511998589434,otavioasilverio@gmail.com,DAVOS,Eduardo Peroni,ARCADIA | Fundo de Investimento (QVRA11) | Renda Sintética,Checkpoint 2 | QV,2026-09-22T12:00:00+00:00,true,ATIVO_ANALITICO,false,false,24000,5000,150000,180000,false,false,false,false,false,,2026-09-21T18:10:55.025546+00:00,2026-03-08T04:23:14.477004+00:00,09ef3763-f774-4fd6-a285-50f810c64331,true,false,
Paolo Henrique Cassano,5531985918133,paolocassano702@gmail.com,PHARUS,Cleuber Anicesio,Autoconstrução,Checkpoint 4 | QV,2026-09-29T13:00:00+00:00,true,ATIVO_ANALITICO,false,false,100000,5000,717000,2000000,true,false,false,false,false,07/09/2026,2026-09-07T17:15:23.968826+00:00,2026-03-08T04:17:05.409644+00:00,459618e6-cb21-44b5-b626-6b1c31499f98,true,false,
Patrícia Alves Ribeiro,31 8233-2099,pattypatriciaribeiro7@gmail.com,PHARUS,João Aliceda,Renda Fixa Escalonada,,,true,ATIVO_ANALITICO,false,false,50000,7000,60000,0,false,false,false,false,false,,2026-07-24T13:47:43.751528+00:00,2026-03-08T04:26:43.712171+00:00,acadfdb8-f4fa-43be-a992-2449aebb1a43,false,false,
Patricia Gelati Motta Perera,11981639775,patricia.gelati@uol.com.br,PHARUS,Thiago Henrique Trova,,PATRICIA GELATI MOTTA PERERA e Thiago Henrique Trova,2026-08-31T17:00:00+00:00,true,ATIVO_ANALITICO,false,false,12000,-13500,130000,500000,true,false,true,true,false,"SEM LIQUIDEZ 250K + 160K LIQUIDOS (sem liquidez em credito colateral)

Ela esta tomada pelo custo de vida estamos trabalhando em reajuste de caixa e quitação de saldos. ",2026-09-21T00:26:02.653799+00:00,2026-03-08T04:19:28.31004+00:00,85f263c0-4c35-4d9e-a7fb-508e549da92d,true,false,
Patricia Lae de Souza,5511972054087,patricialae2@gmail.com,DAVOS,Lucas Barrientos,Incorporação Financiada (ATLAS) | Fundo de Investimento (QVRA11) | ARCADIA | Usinas Escalonáveis (ÂMPAR),Patricia lae de Souza  e Lucas Daniel + Daniel Fentanes,2026-09-10T19:00:00+00:00,true,ATIVO_ANALITICO,false,false,100000,0,2000000,0,false,false,false,false,false,,2026-09-01T12:29:18.62704+00:00,2026-03-08T04:15:14.58768+00:00,0ffdf152-149a-46f0-91d6-3989da6ff9c1,false,false,
Patricia Rotsztajn Lusvarghi,5511986321220,patricia.rotsztajn@imedgroup.com.br,DAVOS,Eduardo Peroni,Incorporação Financiada (ATLAS) | Leilão Serial (Flipping de Leilão),Checkpoint 3 | QV,2026-09-16T13:30:00+00:00,true,ATIVO_ANALITICO,false,false,70000,15000,125000,4800000,false,false,false,false,false,,2026-09-21T18:11:02.578934+00:00,2026-03-08T04:23:53.240862+00:00,09ef3763-f774-4fd6-a285-50f810c64331,true,false,
Paulo Augusto Cozar Figueiredo,+5511973371997,gutocozar@gmail.com,DAVOS,Lucas Barrientos,Incorporação Financiada (ATLAS) | Usinas Escalonáveis (ÂMPAR) | ALABAMA | ARCADIA | Fundo de Investimento (QVRA11),Paulo Augusto Cozar Figueredo e Lucas Daniel,2026-08-04T23:00:00+00:00,true,ATIVO_ANALITICO,false,false,60000,10000,300000,0,false,false,false,false,false,,2026-09-01T12:29:49.973674+00:00,2026-03-08T04:16:42.691132+00:00,0ffdf152-149a-46f0-91d6-3989da6ff9c1,false,false,
Paulo Fernando Mesquita de Carvalho,5535984278125,paulofernando@implanteperio.com.br,PHARUS,Samuel Araújo,,Checkpoint 1 | QV,2026-08-19T13:00:00+00:00,true,ATIVO_ANALITICO,false,false,60000,15000,500000,5000000,true,false,false,false,false,,2026-09-02T05:20:24.200289+00:00,2026-03-08T04:18:09.292247+00:00,dcaae4ce-10ea-4b64-9fc8-0ad11de960e9,true,false,
Paulo Seixas,5511999528263,,DAVOS,Lucas Barrientos,Fundo de Investimento (QVRA11) | Leilão Serial (Flipping de Leilão) | ARCADIA | Incorporação Financiada (ATLAS),Paulo Seixas e Lucas Daniel,2026-08-18T18:00:00+00:00,true,ATIVO_ANALITICO,false,false,0,10000,1000000,0,false,false,false,false,false,,2026-09-01T12:27:59.892001+00:00,2026-03-08T04:16:16.895493+00:00,0ffdf152-149a-46f0-91d6-3989da6ff9c1,false,false,
Pedro Seixas Trani,5511982804851,djtrani@gmail.com,DAVOS,Lucas Barrientos,,,,true,ATIVO_ANALITICO,false,false,50000,5000,600000,0,false,false,false,false,false,,2026-09-01T12:26:15.402459+00:00,2026-03-08T04:17:40.327506+00:00,0ffdf152-149a-46f0-91d6-3989da6ff9c1,false,false,
Pedro Sesar Junior,5593991994147,pedrojunior_2@msn.com,PHARUS,Thiago Freire,ARCADIA | Autoconstrução | Leilão Serial (Flipping de Leilão) | Escala Imobiliária | Crédito Verde,Checkpoint 1 | QV,2026-08-24T17:30:00+00:00,true,ATIVO_ANALITICO,false,false,22000,8000,260000,3640000,true,false,false,false,false,,2026-08-25T17:04:32.24109+00:00,2026-03-08T04:20:38.947681+00:00,029b78f8-ddb4-47a2-9cb0-82cdf59b1ed5,true,false,
Pollyana Cristina,5534999088090,pollyana.valize@gmail.com,PHARUS,Tales Salinas Rozo,Crédito Verde | Renda Sintética | Autoconstrução,Checkpoint 1 | QV,2026-08-13T21:00:00+00:00,true,ATIVO_ANALITICO,false,false,24000,4000,60000,350000,true,false,false,false,false,,2026-09-03T19:36:34.236996+00:00,2026-03-08T04:23:03.236221+00:00,df32d624-db6d-488a-8da4-e15206a89049,true,true,
Priscila Albuquerque Nasser,5511964470525,priscilanasser@hotmail.com,DAVOS,Lucas Barrientos,Usinas Escalonáveis (ÂMPAR) | ARCADIA | Fundo de Investimento (QVRA11) | Leilão Serial (Flipping de Leilão) | ALABAMA,Priscila Nasser e Daniel Fentanes + Lucas Daniel,2026-08-05T14:00:00+00:00,true,ATIVO_ANALITICO,false,false,600000,8000,800000,0,false,false,false,false,false,,2026-09-01T12:26:22.756749+00:00,2026-03-08T04:16:56.275977+00:00,0ffdf152-149a-46f0-91d6-3989da6ff9c1,false,false,
Priscila Teixeira Caporal,,priscilacaporal@gmail.com,PHARUS,Carlos Serafim,,,,true,ATIVO_ANALITICO,false,false,40000,10000,700000,0,false,false,false,false,false,,2026-03-27T18:52:59.121741+00:00,2026-03-08T04:17:12.295135+00:00,8600ba5c-05df-4a84-9ac9-ac7c34fc0995,false,false,
Rafael Baima de Melo Lima,5511972069433,rabaima@hotmail.com,PHARUS,Tales Salinas Rozo,Autoconstrução | Fundo de Investimento (QVRA11),Checkpoint 7 | QV,2026-09-28T12:45:00+00:00,true,ATIVO_ANALITICO,false,false,35000,0,150000,350000,true,false,false,true,true,,2026-09-03T19:36:37.206681+00:00,2026-03-08T04:23:25.230557+00:00,df32d624-db6d-488a-8da4-e15206a89049,true,true,
Rafael Bruno Carneiro Nascimento,+55 86 9929-1727,engrafaelbrunocn@gmail.com,PHARUS,Ana Ávalos,,,,true,ATIVO_ANALITICO,false,false,50000,7000,0,1184000,false,false,false,false,false,,2026-07-24T20:57:50.203165+00:00,2026-03-08T04:32:39.337176+00:00,d0c4fa22-6591-469e-871b-669d42f4ddc1,false,false,
Rafael de Montier Pompeu Barroso,5585999560045,rafaeldemontier@hotmail.com,PHARUS,João Aliceda,Autoconstrução | Crédito Verde | Renda Fixa Escalonada,,,true,ATIVO_ANALITICO,false,false,50000,47000,260000,800000,false,false,false,false,false,,2026-04-11T13:32:18.641887+00:00,2026-03-08T04:20:37.555087+00:00,acadfdb8-f4fa-43be-a992-2449aebb1a43,false,false,
Rafael Gomes da Silva,5571999071272,,PHARUS,Samuel Araújo,,Checkpoint 1 | QV,2026-09-25T17:00:00+00:00,true,ATIVO_ANALITICO,false,false,50000,5000,207000,0,true,false,true,false,false,,2026-04-13T13:50:04.336699+00:00,2026-03-08T04:15:08.32997+00:00,81ea821e-26ec-4094-9c7c-a2014fa9cdc3,true,true,
Ramon Luiz Canthé Vidinhas Valim,5521988923633,ramonvalim03@gmail.com,DAVOS,Julio Cienkonog,Leilão Serial (Flipping de Leilão) | ARCADIA,Checkpoint 1 | QV,2026-05-26T22:00:00+00:00,true,ATIVO_ANALITICO,false,false,40000,20000,450000,0,true,false,false,false,false,,2026-09-12T16:46:07.938602+00:00,2026-03-08T04:44:15.020936+00:00,626f6cf6-4920-4828-a942-a627b582ac8b,true,false,
Raphael Ferreira Minato,5543991412996,raphaminato@gmail.com,DAVOS,Eduardo Peroni,ARCADIA | Fundo de Investimento (QVRA11) | Usinas Escalonáveis (ÂMPAR),Checkpoint 2 | QV,2026-08-24T20:00:00+00:00,true,ATIVO_ANALITICO,false,false,25000,10000,1000000,800000,false,false,false,false,false,,2026-09-21T18:11:18.369926+00:00,2026-03-08T04:16:15.940195+00:00,09ef3763-f774-4fd6-a285-50f810c64331,true,false,
Reinaldo Rosemberg de Carvalho,31 995088784,reinaldo.ed@gmail.com,PHARUS,Rodrigo Lunardi,,Checkpoint 1 | QV,2026-06-11T14:00:00+00:00,true,ATIVO_ANALITICO,false,false,35000,5000,5000,0,false,false,false,false,false,,2026-04-10T12:35:41.396783+00:00,2026-03-08T04:31:27.557224+00:00,de2bd404-0b98-4551-8cd1-e2a8e7d50a8c,false,false,
Renan Gandolfo Henschel,5511941415727,renan.gh@hotmail.com,DAVOS,Eduardo Peroni,Fundo de Investimento (QVRA11),Checkpoint 4 | QV,2026-08-25T11:00:00+00:00,true,ATIVO_ANALITICO,false,false,85000,0,250000,275000,false,false,false,false,false,,2026-09-21T18:11:29.433283+00:00,2026-03-08T04:26:57.219428+00:00,09ef3763-f774-4fd6-a285-50f810c64331,true,false,
Renata Iversen,12997865128,reiversen@hotmail.com,DAVOS,Eduardo Peroni,ARCADIA | Fundo de Investimento (QVRA11),Checkpoint 2 | QV,2026-07-27T13:00:00+00:00,true,ATIVO_ANALITICO,false,false,80000,10000,600000,4000000,false,false,false,false,false,,2026-09-21T18:11:35.171028+00:00,2026-03-08T04:17:37.973786+00:00,09ef3763-f774-4fd6-a285-50f810c64331,true,false,
Renata Martins Alonso,5511998294900,renalonso@gmail.com,PHARUS,Abner Braga,,Checkpoint 1 | QV,2026-09-04T17:00:00+00:00,true,ATIVO_ANALITICO,false,false,20000,3000,200000,300000,true,false,false,false,false,,2026-09-02T05:20:43.886406+00:00,2026-03-08T04:22:06.93433+00:00,dcaae4ce-10ea-4b64-9fc8-0ad11de960e9,false,false,
Renato Joia,553599845007,joiarenato@gmail.com,DAVOS,Eduardo Peroni,Incorporação Financiada (ATLAS),Checkpoint 3 | QV,2026-06-30T12:00:00+00:00,true,ATIVO_ANALITICO,false,false,25000,10000,410000,500000,false,false,false,false,false,,2026-09-21T18:11:41.376648+00:00,2026-03-08T04:18:47.262839+00:00,09ef3763-f774-4fd6-a285-50f810c64331,true,false,
Renato Oberg,5521996289169,,DAVOS,Lucas Barrientos,,DAVOS - Renato Oberg ,2026-09-16T13:30:00+00:00,true,ATIVO_ANALITICO,false,false,100000,10000,550000,0,false,false,false,false,false,,2026-09-01T12:26:26.90198+00:00,2026-03-08T04:17:51.696999+00:00,0ffdf152-149a-46f0-91d6-3989da6ff9c1,false,false,
Renato Tatagiba,5521998490399,,DAVOS,Lucas Barrientos,,,,true,ATIVO_ANALITICO,false,false,450000,40000,4400000,0,false,false,false,false,false,,2026-09-01T12:28:05.777822+00:00,2026-03-08T04:10:01.942561+00:00,0ffdf152-149a-46f0-91d6-3989da6ff9c1,false,false,
Rene Carvalho Bayma,5598999762574,renebayma@yahoo.com.br,PHARUS,Nelson Marques,,Especial | QV,2026-04-30T22:30:00+00:00,true,ATIVO_ANALITICO,false,false,35000,5000,200000,500000,true,false,false,false,false,,2026-04-10T18:54:21.792915+00:00,2026-03-08T04:21:59.413065+00:00,38e050d5-b7c4-464f-9fad-3f3c657ed388,true,true,
Rhuan Paulo Lopes,55 51 9170-0000,rhuanbarros@gmail.com,PHARUS,Ana Ávalos,,Checkpoint 1 | QV,2026-06-11T14:00:00+00:00,true,ATIVO_ANALITICO,false,false,60000,25000,0,0,false,false,false,false,false,,2026-07-24T19:05:07.774956+00:00,2026-03-08T04:30:54.706648+00:00,d0c4fa22-6591-469e-871b-669d42f4ddc1,false,false,
Rian Alarcão,5521999279269,rianrj@hotmail.com,PHARUS,Samuel Araújo,,Checkpoint 1 | QV,2026-09-23T16:30:00+00:00,true,ATIVO_ANALITICO,false,false,57400,20000,128000,400000,true,false,true,false,false,,2026-04-13T13:51:18.857619+00:00,2026-03-08T04:23:51.81064+00:00,81ea821e-26ec-4094-9c7c-a2014fa9cdc3,true,true,
Ricardo Borges e Silva,34 999386820,ricardoborges84@hotmail.com,DAVOS,Eduardo Peroni,Fundo de Investimento (QVRA11) | Incorporação Financiada (ATLAS) | ARCADIA | Usinas Escalonáveis (ÂMPAR),Checkpoint 3 | QV,2026-07-07T12:00:00+00:00,true,ATIVO_ANALITICO,false,false,200000,150000,6000000,3900000,false,false,false,false,false,,2026-09-21T18:12:00.244849+00:00,2026-03-08T04:09:51.781877+00:00,09ef3763-f774-4fd6-a285-50f810c64331,true,false,
Ricardo Filipe Romani,552196804-1429,rfromani@gmail.com,PHARUS,Gustavo Papeschi Mariano,ARCADIA,Checkpoint 1 | QV,2026-08-28T19:30:00+00:00,true,ATIVO_ANALITICO,false,false,100000,20000,1700000,0,false,false,false,false,false,,2026-07-24T19:02:33.22007+00:00,2026-03-08T04:15:20.51199+00:00,d0c4fa22-6591-469e-871b-669d42f4ddc1,false,false,
Ricardo Fonseca,5571996603089,ricardorfonseca25@gmail.com,PHARUS,Abner Braga,Fundo de Investimento (QVRA11) | Autoconstrução,Fluxo de caixa Projetado e Planejamento - Ricardo Fonseca,2026-08-21T20:00:00+00:00,true,ATIVO_ANALITICO,false,false,39000,3000,200000,1000000,false,false,false,false,false,,2026-09-02T05:20:45.965844+00:00,2026-03-08T04:22:15.796576+00:00,dcaae4ce-10ea-4b64-9fc8-0ad11de960e9,false,false,
Ricardo Rodrigues Kanashiro,+5511982319923,ricardo.kanashiro@gmail.com,PHARUS,,,,,true,ATIVO_ANALITICO,false,false,,,,,,,,,,,,,,,,
Ricardo Soares de Souza,5522999792227,3ricardosouza@gmail.com,PHARUS,Nelson Marques,,,,true,ATIVO_ANALITICO,false,false,22000,5000,300000,0,false,false,false,false,false,,2026-07-24T16:37:32.684524+00:00,2026-03-08T04:20:13.871777+00:00,e6bcad1b-1fdd-4452-9e1c-cb2166cb6f7e,false,false,
Ricardo Suarez Castedo,5519996250973,rcastedo@gmail.com,DAVOS,Eduardo Peroni,Operações | ARCADIA | Usinas Escalonáveis (ÂMPAR),Checkpoint 2 | QV,2026-07-22T20:00:00+00:00,true,ATIVO_ANALITICO,false,false,90000,30000,200000,2000000,false,false,false,false,false,,2026-09-21T18:12:18.253562+00:00,2026-03-08T04:25:44.454583+00:00,09ef3763-f774-4fd6-a285-50f810c64331,true,false,
Ricardo Villela Prado,5516991657147,rivprado@gmail.com,PHARUS,Abner Braga,Renda Fixa Escalonada | Trava de Inflação,Checkpoint 1 | QV,2026-07-02T13:00:00+00:00,true,ATIVO_ANALITICO,false,false,72000,5000,15000,0,false,false,false,false,false,Acessou os leilões,2026-09-25T21:15:10.140396+00:00,2026-03-08T04:29:40.995782+00:00,78ab9928-043f-4da5-91e4-53756524be76,true,false,
Rinaldi Cardinal de Lima,556899831858,rinaldicardinal@hotmail.com,PHARUS,Ana Ávalos,,,,true,ATIVO_ANALITICO,false,false,30000,5000,100000,0,false,false,false,false,false,,2026-07-24T19:02:01.535246+00:00,2026-03-08T04:25:04.978779+00:00,d0c4fa22-6591-469e-871b-669d42f4ddc1,false,false,
Roberto Borovik,+5593991229643,boroxis@gmail.com,PHARUS,,,,,true,ATIVO_ANALITICO,false,false,,,,,,,,,,,,,,,,
Roberto de Paula Correa,+5511965640064,Robertoadvogado@outlook.com,PHARUS,,,Diagnóstico Patrimonial | QUARTAVIA - Roberto Correa [Agendado via Calendly],2026-08-20T16:00:00+00:00,true,ATIVO_ANALITICO,false,false,,,,,,,,,,,,,,,,
Roberto Mizuki Dias dos Santos,5583996919191,euteajudoapassar@gmail.com,PHARUS,Nelson Marques,,,,true,ATIVO_ANALITICO,false,false,45000,1000,200000,0,false,false,false,false,false,,2026-07-24T16:37:39.636532+00:00,2026-03-08T04:22:12.534073+00:00,e6bcad1b-1fdd-4452-9e1c-cb2166cb6f7e,false,false,
Roberto Nunes Campos Filho,+55 71 8872-4857,rnunescf@yahoo.com.br,PHARUS,Abner Braga,,,,true,ATIVO_ANALITICO,false,false,26500,0,0,0,false,false,false,false,false,,2026-09-22T21:35:59.575227+00:00,2026-03-08T04:33:17.936828+00:00,78ab9928-043f-4da5-91e4-53756524be76,false,false,
Roberto Pires Siles,5543991910138,betosiles@hotmail.com,PHARUS,Thiago Freire,Renda Sintética,,,true,ATIVO_ANALITICO,false,false,40000,20000,165000,1250000,false,false,false,false,false,,2026-07-24T19:01:34.122267+00:00,2026-03-08T04:22:41.86757+00:00,d0c4fa22-6591-469e-871b-669d42f4ddc1,false,false,
Roberto Ventin,5571987543226,robertom2216@yahoo.com.br,DAVOS,Daniel Fentanes,,,,true,ATIVO_ANALITICO,false,false,,80000,1000000,,false,false,false,false,false,,2026-03-08T04:15:54.120581+00:00,2026-03-08T04:15:54.120581+00:00,,false,false,
Rodrigo Albejante Hoffmann,5519998884054,rodrigo_hoffmann@hotmail.com,PHARUS,João Aliceda,Renda Fixa Escalonada,,,true,ATIVO_ANALITICO,false,false,100000,10000,200000,0,false,false,false,false,false,,2026-07-24T13:49:54.531337+00:00,2026-03-08T04:21:42.279351+00:00,acadfdb8-f4fa-43be-a992-2449aebb1a43,false,false,
Rodrigo Candido de Abreu,5511937000647,rabreu1900@gmail.com,DAVOS,Eduardo Peroni,Fundo de Investimento (QVRA11),Checkpoint 2 | QV,2026-06-18T12:00:00+00:00,true,ATIVO_ANALITICO,false,false,60000,0,80000,0,false,false,false,false,false,,2026-09-21T18:12:25.602033+00:00,2026-03-08T04:25:59.461173+00:00,09ef3763-f774-4fd6-a285-50f810c64331,true,false,
Rodrigo Monjardim,5514997429004,,DAVOS,Lucas Barrientos,Leilão Serial (Flipping de Leilão) | Incorporação Financiada (ATLAS) | ARCADIA | Renda Sintética | Usinas Escalonáveis (ÂMPAR),,,true,ATIVO_ANALITICO,false,false,65000,35000,5000000,0,false,false,false,false,false,,2026-09-01T12:26:35.73418+00:00,2026-03-08T04:09:56.490275+00:00,0ffdf152-149a-46f0-91d6-3989da6ff9c1,false,false,
Rodrigo Oliveira Morandin,5547984335599,emagrecendocomrodrigo@gmail.com,PHARUS,Nelson Marques,,,,true,ATIVO_ANALITICO,false,false,60000,15000,80000,0,false,false,false,false,false,,2026-07-24T16:37:49.419906+00:00,2026-03-08T04:25:59.923879+00:00,e6bcad1b-1fdd-4452-9e1c-cb2166cb6f7e,false,false,
Rodrigo Pereira de Freitas Santos,5531984984336,rodrigo.santos@terezasantos.com.br,PHARUS,João Aliceda,,,,true,ATIVO_ANALITICO,false,false,0,0,0,0,false,false,false,false,false,,2026-07-24T13:52:26.385622+00:00,2026-07-24T13:52:26.385622+00:00,acadfdb8-f4fa-43be-a992-2449aebb1a43,false,false,
Rodrigo Tranquillini Rezende,5519981547438,,DAVOS,Lucas Barrientos,ARCADIA | Fundo de Investimento (QVRA11) | Incorporação Financiada (ATLAS),,,true,ATIVO_ANALITICO,false,false,100000,50000,1200000,0,false,false,false,false,false,,2026-09-01T12:28:08.804021+00:00,2026-03-08T04:15:43.964291+00:00,0ffdf152-149a-46f0-91d6-3989da6ff9c1,false,false,
Rodrigo Veloso Mizuno,5561982238586,romizuno@gmail.com,PHARUS,Nelson Marques,,,,true,ATIVO_ANALITICO,false,false,40000,10000,500000,0,false,false,false,false,false,,2026-07-24T16:37:54.047026+00:00,2026-03-08T04:18:14.751357+00:00,e6bcad1b-1fdd-4452-9e1c-cb2166cb6f7e,false,false,
Rogério de Araújo Assis,5591984267812,rogeriocpt@gmail.com,PHARUS,João Aliceda,,,,true,ATIVO_ANALITICO,false,false,30000,15000,130000,0,false,false,false,false,false,,2026-07-24T13:55:48.614832+00:00,2026-03-08T04:23:44.025322+00:00,acadfdb8-f4fa-43be-a992-2449aebb1a43,false,false,
Rogério Faria,5535988637320,rogeriovisualize@hotmail.com,PHARUS,Nelson Marques,,Checkpoint 2 | QV,2026-04-22T17:00:00+00:00,true,ATIVO_ANALITICO,false,false,20000,5000,400000,1550000,true,false,false,false,false,,2026-04-10T18:56:46.420803+00:00,2026-03-08T04:19:11.605058+00:00,38e050d5-b7c4-464f-9fad-3f3c657ed388,true,true,
Rogerio Leite,5565992867474,rogerioleite2007@gmail.com,DAVOS,Lucas Barrientos,,DAVOS - Acompanhamento | QV  ,2026-06-15T13:00:00+00:00,true,ATIVO_ANALITICO,false,false,60000,15000,3006000,0,false,false,false,false,false,,2026-09-01T12:28:19.345327+00:00,2026-03-08T04:10:12.067301+00:00,0ffdf152-149a-46f0-91d6-3989da6ff9c1,false,false,
Romero Candido de Santana,5531999687985,romero@distribuidoragama.com.br,DAVOS,Lucas Barrientos,ARCADIA | Fundo de Investimento (QVRA11),,,true,ATIVO_ANALITICO,false,false,75000,25000,500000,0,false,false,false,false,false,,2026-09-01T12:29:24.893229+00:00,2026-03-08T04:18:05.308251+00:00,0ffdf152-149a-46f0-91d6-3989da6ff9c1,false,false,
Rômulo Chaves Wanderley Neto,+5584999876414,romulo@rwca.com.br,PHARUS,,,,,true,ATIVO_ANALITICO,false,false,,,,,,,,,,,,,,,,
Rosângela Pereira Gomes,5514998525990,potencialmaximo@gmail.com,PHARUS,Samuel Araújo,Autoconstrução,,,true,ATIVO_ANALITICO,false,false,20000,5000,30000,3000000,false,false,false,false,false,,2026-09-02T05:20:56.868484+00:00,2026-03-08T04:31:35.979309+00:00,dcaae4ce-10ea-4b64-9fc8-0ad11de960e9,false,false,
Rossana Peruck,5519991891164,,DAVOS,Lucas Barrientos,,,,true,ATIVO_ANALITICO,false,false,170000,40000,100000,0,false,false,false,false,false,,2026-09-01T12:29:27.938275+00:00,2026-03-08T04:24:31.293893+00:00,0ffdf152-149a-46f0-91d6-3989da6ff9c1,false,false,
Russel de Farias,5527992790788,rdfarias@gmail.com,PHARUS,Nelson Marques,,QV | Especial - Russel de Farias,2026-07-31T14:00:00+00:00,true,ATIVO_ANALITICO,false,false,25000,5000,133000,0,false,false,false,false,false,,2026-07-24T16:38:02.943599+00:00,2026-03-08T04:23:41.078853+00:00,e6bcad1b-1fdd-4452-9e1c-cb2166cb6f7e,false,false,
Ruth Rodrigues,5521981570605,ruthconspira@bol.com.br,PHARUS,Cleuber Anicesio,Autoconstrução,,,true,ATIVO_ANALITICO,false,false,14500,1700,330000,0,false,false,false,false,false,07/09/2026,2026-09-07T17:14:41.040548+00:00,2026-03-08T04:19:43.207221+00:00,459618e6-cb21-44b5-b626-6b1c31499f98,false,false,
Salma Bakhit,11991661245,Salmabak@yahoo.com.br,PHARUS,Rodrigo Amorim,,Checkpoint 2 | QV,2026-07-17T20:00:00+00:00,true,ATIVO_ANALITICO,false,false,55000,0,200000,8000000,false,false,false,false,false,,2026-03-30T21:03:36.749905+00:00,2026-03-08T04:21:56.195855+00:00,07cf9199-7149-4050-971b-bf5f5853b7a9,false,false,
Sergio San Juan Dertkigil,+5511999156702,sergiosj@unicamp.br,PHARUS,,,,,true,ATIVO_ANALITICO,false,false,,,,,,,,,,,,,,,,
Sheyla Arieh de Souza Rezende,5564984144645,sheyla_arieh@yahoo.com.br,DAVOS,Eduardo Peroni,ARCADIA | Leilão Serial (Flipping de Leilão) | Usinas Escalonáveis (ÂMPAR),Checkpoint 4 | QV,2026-09-28T19:00:00+00:00,true,ATIVO_ANALITICO,false,false,130000,35800,604000,1230000,false,false,false,false,false,,2026-09-21T18:12:37.620805+00:00,2026-03-08T04:17:28.456018+00:00,09ef3763-f774-4fd6-a285-50f810c64331,true,false,
Silvania Ouvrie,5511991217653,,DAVOS,Eduardo Peroni,Fundo de Investimento (QVRA11) | Incorporação Financiada (ATLAS) | ARCADIA | Leilão Serial (Flipping de Leilão) | Crédito Verde,Checkpoint 2 | QV,2026-08-20T20:00:00+00:00,true,ATIVO_ANALITICO,false,false,60000,0,400000,1000000,false,false,false,false,false,,2026-09-21T18:12:45.12204+00:00,2026-03-08T04:19:04.747724+00:00,09ef3763-f774-4fd6-a285-50f810c64331,true,false,
Silvia Gurgueira de Lacerda Rodrigues,5511987652847,drasilvialr@gmail.com,PHARUS,João Aliceda,,,,true,ATIVO_ANALITICO,false,false,30000,0,0,0,false,false,false,false,false,,2026-07-24T13:55:28.020803+00:00,2026-03-08T04:33:16.498295+00:00,acadfdb8-f4fa-43be-a992-2449aebb1a43,false,false,
Suame Kono,5515981163610,su_c_k_to@hotmail.com,DAVOS,Eduardo Peroni,Fundo de Investimento (QVRA11),Checkpoint 2 | QV,2026-06-11T20:00:00+00:00,true,ATIVO_ANALITICO,false,false,40000,12000,166301,1000000,false,false,false,false,false,,2026-09-21T18:12:58.880846+00:00,2026-03-08T04:22:39.918497+00:00,09ef3763-f774-4fd6-a285-50f810c64331,true,false,
Suzane Elias Santos,5562981453684,suzaneelias@hotmail.com,PHARUS,Nelson Marques,,,,true,ATIVO_ANALITICO,false,false,20000,5000,950000,0,false,false,false,false,false,,2026-07-24T16:38:13.931724+00:00,2026-03-08T04:16:33.03232+00:00,e6bcad1b-1fdd-4452-9e1c-cb2166cb6f7e,false,false,
Tatiana Lima Bezerra,85981661348,tatianalimabezerra@hotmail.com,PHARUS,Tales Salinas Rozo,,Especial | QV,2026-09-24T19:00:00+00:00,true,ATIVO_ANALITICO,false,false,50000,1499.74,170000,0,true,false,true,true,true,,2026-09-03T19:40:21.995991+00:00,2026-03-08T04:22:38.949849+00:00,df32d624-db6d-488a-8da4-e15206a89049,true,true,
Tatiana Rodrigues Costa,5586988548741,tatianarcosta.adv@icloud.com,DAVOS,Eduardo Peroni,Fundo de Investimento (QVRA11) | ARCADIA,Checkpoint 2 | QV,2026-05-15T14:00:00+00:00,true,ATIVO_ANALITICO,false,false,100000,30000,850000,1500000,false,false,false,false,false,,2026-09-21T18:13:07.049151+00:00,2026-03-08T04:16:42.224927+00:00,09ef3763-f774-4fd6-a285-50f810c64331,true,false,
Tayalles Tavares Leite,85999356809,Tayallestavares@outlook.com,PHARUS,Ana Ávalos,Renda Sintética | Autoconstrução,Especial | QV,2026-08-31T17:30:00+00:00,true,ATIVO_ANALITICO,false,false,35000,10000,1200000,0,true,false,false,false,false,,2026-09-24T12:17:42.44545+00:00,2026-03-08T04:15:46.721573+00:00,029b78f8-ddb4-47a2-9cb0-82cdf59b1ed5,true,false,
Thais Troll,5511997416592,thaistroll@yahoo.com.br,PHARUS,Nelson Marques,,,,true,ATIVO_ANALITICO,false,false,40000,5000,50000,0,false,false,false,false,false,,2026-07-24T16:38:19.298371+00:00,2026-03-08T04:27:23.240484+00:00,e6bcad1b-1fdd-4452-9e1c-cb2166cb6f7e,false,false,
Thaline Carvalho Medeiros Costa,55 86 9955-6785,medeirosthaline@gmail.com,PHARUS,Thiago Freire,Leilão Serial (Flipping de Leilão),Checkpoint 1 | QV,2026-07-02T20:00:00+00:00,true,ATIVO_ANALITICO,false,false,40000,20000,50000,0,false,false,false,false,false,,2026-07-24T18:56:47.449603+00:00,2026-03-08T04:27:06.220797+00:00,d0c4fa22-6591-469e-871b-669d42f4ddc1,false,false,
Thelma Nascimento,55 86 9981-4241,thelmamn@gmail.com,DAVOS,Eduardo Peroni,Fundo de Investimento (QVRA11) | ARCADIA,Checkpoint 2 | QV,2026-09-15T23:30:00+00:00,true,ATIVO_ANALITICO,false,false,25000,8000,600000,0,true,false,false,false,false,,2026-09-21T18:13:20.732135+00:00,2026-03-12T13:52:29.647237+00:00,09ef3763-f774-4fd6-a285-50f810c64331,true,true,
Thiago Alves Derrico,5512991920000,contato@thiagoderrico.com.br,PHARUS,Nelson Marques,,,,true,ATIVO_ANALITICO,false,false,70000,0,0,0,false,false,false,false,false,,2026-07-24T16:38:26.899969+00:00,2026-03-08T04:32:23.021979+00:00,e6bcad1b-1fdd-4452-9e1c-cb2166cb6f7e,false,false,
Thiago Bettin Lazzarotto,5554996389124,thiagolazzarotto29@hotmail.com,PHARUS,Tales Salinas Rozo,Autoconstrução | Leilão Serial (Flipping de Leilão),Checkpoint 2 | QV,2026-07-16T18:45:00+00:00,true,ATIVO_ANALITICO,false,false,50000,10000,190000,300000,true,false,false,false,false,,2026-09-04T03:18:51.939403+00:00,2026-03-08T04:31:05.737981+00:00,df32d624-db6d-488a-8da4-e15206a89049,true,true,
Thiago Caldi de Carvalho,5511999034037,dr.thiagocaldi@gmail.com,DAVOS,Lucas Barrientos,,,,true,ATIVO_ANALITICO,false,false,0,0,0,0,false,false,false,false,false,,2026-09-01T12:29:31.252354+00:00,2026-07-20T17:17:58.098447+00:00,0ffdf152-149a-46f0-91d6-3989da6ff9c1,false,false,
Thiago Laurino da Silva,+5541998396535,elizeu.laurino@gmail.com,DAVOS,Julio Cienkonog,,VIP PLANNING | QV,2026-08-10T18:30:00+00:00,true,ATIVO_ANALITICO,false,false,220000,100000,4000000,9500000,true,false,false,false,false,,2026-08-22T22:41:26.697491+00:00,2026-07-15T12:02:37.375724+00:00,626f6cf6-4920-4828-a942-a627b582ac8b,true,false,
Thiago Silverio,5511984085253,thiag.o@terra.com.br,PHARUS,Thiago Freire,,Checkpoint 1 | QV,2026-06-30T14:00:00+00:00,true,ATIVO_ANALITICO,false,false,24000,6000,65000,0,false,false,false,false,false,,2026-07-24T18:54:53.234451+00:00,2026-03-08T04:26:37.823402+00:00,d0c4fa22-6591-469e-871b-669d42f4ddc1,false,false,
Vander Paulo Ribeiro do Nascimento,+5527999114829,vander.paulo@gmail.com,PHARUS,,,Vander Paulo - Parte 2 QV,2026-08-19T17:00:00+00:00,true,ATIVO_ANALITICO,false,false,,,,,,,,,,,,,,,,
Vanielle Santos,558699916448,vaniellesousa.adv@gmail.com,DAVOS,Eduardo Peroni,Fundo de Investimento (QVRA11) | Operações | Usinas Escalonáveis (ÂMPAR) | Leilão Serial (Flipping de Leilão) | ARCADIA | Incorporação Financiada (ATLAS),Checkpoint 3 | QV,2026-07-14T20:00:00+00:00,true,ATIVO_ANALITICO,false,false,100000,0,200000,7000000,false,false,false,false,false,,2026-09-21T18:13:38.21016+00:00,2026-03-08T04:22:21.66703+00:00,09ef3763-f774-4fd6-a285-50f810c64331,true,false,
Victor Alexandrino Milfont de Brito,11973832093,victoralebrito@msn.com,DAVOS,Lucas Barrientos,,,,true,ATIVO_ANALITICO,false,false,105000,40000,2800000,0,false,false,false,false,false,,2026-09-01T12:29:34.912233+00:00,2026-03-08T04:10:19.002079+00:00,0ffdf152-149a-46f0-91d6-3989da6ff9c1,false,false,
Victor Henrique Medeiros Loureiro,83998004954,victorhenrique154@gmail.com,PHARUS,João Aliceda,,,,true,ATIVO_ANALITICO,false,false,24000,10000,25000,0,false,false,false,false,false,,2026-07-24T13:55:35.492191+00:00,2026-03-08T04:28:56.076845+00:00,acadfdb8-f4fa-43be-a992-2449aebb1a43,false,false,
Victor Hugo João,5521973781307,vihujo@gmail.com,DAVOS,Lucas Barrientos,Usinas Escalonáveis (ÂMPAR) | Leilão Serial (Flipping de Leilão) | Incorporação Financiada (ATLAS) | Fundo de Investimento (QVRA11),Victor Hugo e Daniel Fentanes + Lucas Daniel,2026-08-06T18:30:00+00:00,true,ATIVO_ANALITICO,false,false,0,7000,700000,0,false,false,false,false,false,,2026-09-01T12:29:39.51161+00:00,2026-03-08T04:17:13.783184+00:00,0ffdf152-149a-46f0-91d6-3989da6ff9c1,false,false,
Vinicius Augusto Vieira Sousa,5521975421878,dr.augusto.sousa@gmail.com,PHARUS,Abner Braga,Leilão Serial (Flipping de Leilão) | Autoconstrução | Renda Fixa Escalonada | Fundo de Investimento (QVRA11) | Trava de Inflação,Checkpoint 9 | QV,2026-09-23T19:00:00+00:00,true,ATIVO_ANALITICO,false,false,27000,5000,40000,0,false,false,false,false,false,"Está tendo dificuldades com a mova.
Possibilidade de renovação ",2026-09-25T21:16:09.015843+00:00,2026-03-08T04:28:06.801831+00:00,78ab9928-043f-4da5-91e4-53756524be76,false,false,
Vitor de Sousa Medeiros,48991882636,vitordesousamedeiros@gmail.com,PHARUS,Willian Oliveira Schimidt,Fundo de Investimento (QVRA11) | Leilão Serial (Flipping de Leilão),Checkpoint 3 | QV,2026-09-01T14:00:00+00:00,true,ATIVO_ANALITICO,false,false,50000,10000,500000,5000000,false,false,false,false,false,,2026-07-24T14:29:28.932537+00:00,2026-03-08T04:18:14.287257+00:00,b3ca3177-ce38-4179-b901-53727cfaf1b1,false,false,
Vitor Oliveira Alves,33984095478,alvesolit@gmail.com,PHARUS,João Aliceda,,,,true,ATIVO_ANALITICO,false,false,16000,5000,180000,0,false,false,false,false,false,,2026-07-24T13:51:30.332529+00:00,2026-03-08T04:22:33.689309+00:00,acadfdb8-f4fa-43be-a992-2449aebb1a43,false,false,
Viviana de Mello Guzzo Lemke,41999758082,vivianaglemke@gmail.com,DAVOS,Lucas Barrientos,,Implementação | QV,2026-04-02T16:30:00+00:00,true,ATIVO_ANALITICO,false,false,45000,20000,400000,0,false,false,false,false,false,,2026-09-01T12:30:00.97063+00:00,2026-03-08T04:18:53.674106+00:00,0ffdf152-149a-46f0-91d6-3989da6ff9c1,false,false,
Viviane Fernandes Barros,5521999566212,vivianefbarros@gmail.com,PHARUS,Carlos Serafim,,Checkpoint 3 | QV,2026-09-17T17:00:00+00:00,true,ATIVO_ANALITICO,false,false,26000,0,80000,500000,true,false,false,false,false,,2026-03-27T19:00:36.514546+00:00,2026-03-08T04:24:23.093063+00:00,8600ba5c-05df-4a84-9ac9-ac7c34fc0995,true,false,
Wellington da Cruz Terra,5592981540061,wterra2000@bol.com.br,DAVOS,Eduardo Peroni,Fundo de Investimento (QVRA11) | ARCADIA | Incorporação Financiada (ATLAS) | Operações,Implementação | QV,2026-08-11T14:00:00+00:00,true,ATIVO_ANALITICO,false,false,50000,20000,100000,1250000,false,false,false,false,false,,2026-09-21T18:13:48.559662+00:00,2026-03-08T04:24:38.152971+00:00,09ef3763-f774-4fd6-a285-50f810c64331,true,false,
Wiliam Soltau Dani,5549999820474,wiliamdani@gmail.com,DAVOS,Eduardo Peroni,Leilão Serial (Flipping de Leilão) | Incorporação Financiada (ATLAS) | Usinas Escalonáveis (ÂMPAR) | Fundo de Investimento (QVRA11),Checkpoint 5 | QV,2026-07-13T20:00:00+00:00,true,ATIVO_ANALITICO,false,false,140000,50000,500000,4700000,false,false,false,false,false,,2026-09-21T18:14:00.537604+00:00,2026-03-08T04:18:00.759182+00:00,09ef3763-f774-4fd6-a285-50f810c64331,true,false,
William Cunha Brandt,19981495064,williamcbrandt@yahoo.com.br,PHARUS,Cleuber Anicesio,Fundo de Investimento (QVRA11) | Autoconstrução | Leilão Serial (Flipping de Leilão) | Renda Sintética,Especial | QV,2026-07-28T17:00:00+00:00,true,ATIVO_ANALITICO,false,false,80000,20000,3000000,1250000,true,false,false,false,false,07/09/2026,2026-09-07T17:15:51.081612+00:00,2026-03-08T04:10:15.519719+00:00,459618e6-cb21-44b5-b626-6b1c31499f98,true,false,