baseqv_client_id,qv_id,nome,cpf,email,telefone,found_anchor,anchor_match_type,found_pharus,pharus_match_type,legacy_candidate
0007eb62-0ead-4f1f-8f70-c1685b739094,,Fabricio Batista de Souza,01529906903,fabriciobatistamais@gmail.com,+5541991904142,false,,false,,true
004883b2-e3bd-4d1d-bc35-74a6c07d47f1,e45a7f02-15f1-4c94-bc20-e67a438c50c5,Marcio Henrique Silva de Oliveira,04987363690,marciohenriki@gmail.com,34988228917,true,qv_id,false,,false
00739be6-26c0-43a3-8cac-045d7eb1bd73,6a5abb94-ac24-4113-b1e8-f11fa2afce54,Antonio Manoel de Souza,30944651020,togamanoel@gmail.com,45999225484,true,qv_id,false,,false
00964dc3-c017-4536-9e71-f5784380e7de,,Fabrício Rebello Lignani Siqueira,,farlsiqueira23@gmail.com,5532988692310,false,,false,,true
00d04308-6850-4e1c-9fda-c433fc754232,,José Antonio Siqueira Vieira,33191646604,joseasvieira@yahoo.com.br,+5535988457274,false,,true,cpf,false
00dad347-ef74-4d03-88ff-223c9e809781,8d0f058e-ac14-4a4e-a115-3a50014c2ab9,Suéllen Karine Amaral de Faria,06842051657,suellen_karine@yahoo.com.br,37984053664,true,qv_id,false,,false
010a9b1e-8475-4ff9-bc04-e0cb71dcb9c2,ef7d8e8c-7641-41b1-ad06-230077d4310a,Ana Carolina Deserto da Silva,07889082789,cdeserto78@gmail.com,556181099995,true,qv_id,false,,false
010cf9d5-fdcd-4526-9e54-c056ad0cdcc3,,Priscila Teixeira Caporal,,priscilacaporal@gmail.com,,false,,false,,true
016e4182-664b-4fda-989e-2d2759d872ff,,Daniel Lin Santos,,daniellinsantos@yahoo.com.br,5531982999168,false,,false,,true
01749103-30b7-4ac5-8acb-1fae1ae7d957,b802b3dd-baaa-44bd-a656-8cfc492a9d60,Leonardo Franchini Vinhola,32748296842,leonardo.vinhola@gmail.com,19998273967,true,qv_id,false,,false
01c7c4e7-29de-4f01-aaec-f6fd8069d4bc,,Ronald Gomes,20933568649,ronaldflight@gmail.com,+5511994795552,false,,true,cpf,false
01d24daf-4281-4b37-9607-feff0371c631,c31fca47-1c84-43cb-9c44-8961476f67b1,Marcone Machado de Souza,77802454549,marcone_machado@hotmail.com,73991525553,true,qv_id,false,,false
01f5745b-c055-4b87-9584-545b6ea314e5,23262d5e-a70b-4def-8686-611f28a3ad44,Venilton Rodrigues de Oliveira,90234146753,veniltonro@gmail.com,21988620032,true,qv_id,false,,false
0287eec6-60ee-4e0f-b71c-8e62179cf82e,9ac5c6cd-f1e9-4e24-b7ad-496c3bac3c52,Joyce Rezende Lira,34859536878,jalirahcrp@gmail.com,+5511979845435,true,qv_id,false,,false
02ea3949-d88a-4a8a-8a0a-519072387ff7,,Bruna Amarante Kuhnen,,brunamarante@yahoo.com.br,+55 48 98804-2406,true,email,false,,false
031ad077-4cd2-485a-a0d1-9e8c9338324f,,Aline Valério de Lima,,alinevalerio1@hotmail.com,5533999661886,false,,false,,true
03493d05-bf24-4326-bce7-fd29ad2c242b,,Marilda Alves de Morais,04616426899,maqueen3br@yahoo.com.br,+5561999700202,false,,true,cpf,false
03925f28-31fb-4356-b49a-95ce6a52741a,a56be5f1-32e9-4302-bae5-731880046a45,Rodolfo Rodrigues Silva Quero,10398369763,rodolfo.med@hotmail.com,22999852945,true,qv_id,false,,false
039a0028-dde5-4584-b257-6537e2cdc05c,d77ade45-b14a-4f73-bc82-9d153226efc2,Robson Martins Pimentel,35227653895,robson@centrodesonobrasil.com.br,11952313280,true,qv_id,false,,false
03c2d61f-8ec4-4624-a487-8bb6287eda78,,Carlos Henrique Leão de Faria,95531700725,chleao@gmail.com,+5521979755251,false,,true,cpf,false
03e1f79f-9709-49ba-87ba-43e01ea5c7c6,,Artur Lima de Campos,21870005830,arturlimacampos14@gmail.com,+5511992237557,false,,true,cpf,false
03ed7e77-4e5b-4309-9330-dd8d8b112db8,88e0b20f-510f-4721-baf6-ebec9e6f033f,Yoandrys Guerra Sánchez,08098909174,yguerra1982@gmail.com,+5598983366075,true,qv_id,false,,false
042b6243-ec95-4d85-bac8-b8892be1e1ce,f07ee297-ec92-495c-a90d-c702d83f41f6,Gustavo Ereno,24632045837,gustavo_ereno@hotmail.com,14997358913,true,qv_id,false,,false
045fc287-25e2-4329-97c5-aad395e916e1,b58d45e3-470c-4a91-a0e8-924177163c39,Taiana Castrillon Dionello,02983367908,taianadionello@hotmail.com,65999414326,true,qv_id,false,,false
047130e6-0c67-4139-9e2e-7860ab87bf1e,,Leandro Coelho Nardi,25099666850,leandronardi@hotmail.com,11999534783,true,cpf,false,,false
047b33f7-99c4-4a8a-b7b8-41d933279a05,,Andrei Brilhante Silva Costa,02814054767,andreibrilhante@gmail.com,5548988293646,false,,false,,true
04811d6e-78c8-497a-b9f0-6eaa637bcc3b,931f15dd-f0a7-45bc-9595-550fae3c366f,Leandro Vilanova Coelho,83485902349,leandro.coelho23@hotmail.com,98999958505,true,qv_id,false,,false
04a570b8-eb84-4b1f-ab7b-80607b67c096,,João Flávio Magalhães Borges de Carvalho,27843880852,drjoaocarvalho1978@gmail.com,+5511992203345,false,,false,,true
04a5d00b-7a89-49a7-b1f4-7901c14dfb92,13db5e49-a6fb-4823-bb04-a25b60daa280,Isabela Vasconcelos Vieira Silva,04805979607,isabelavieira916@gmail.com,33988130213,true,qv_id,false,,false
04ca1304-5d53-43f6-8e3d-6d27ce83507c,,Paulo Roberto Rui Arantes,21325204889,pauloarantes311277@gmail.com,19989306090,true,cpf,false,,false
04d1a4f5-5e40-47be-94db-4a444ed2a693,6fa8326c-bfb2-418b-a48a-7f6254e545e1,Silas Duarte da Silva,39166520100,silasduarte6@gmail.com,98988778088,true,qv_id,false,,false
05003c26-b524-4d06-b829-89b2654838b4,,Fábio Serfaty Ferreira,60250712253,fabiorauland@gmail.com,5591981166750,false,,false,,true
054c7c10-e8e8-4ed9-b308-f2b6365c9017,,Daniel Brazil Guedes,02588465773,danielbg1975@gmail.com,+5521981626685,false,,true,cpf,false
055cd611-124a-4f90-85a6-b4e7aa5c9998,,Silvia Gurgueira de Lacerda Rodrigues,22409484859,drasilvialr@gmail.com,5511987652847,false,,false,,true
05834634-b196-4787-bd43-e8c3f997830d,a6c51724-96f6-49fa-a386-c3aeab2317a7,Ana Maria Alvares de Amorim,04773808160,anaalvaresamorim@yahoo.com,+5563984107563,true,qv_id,false,,false
058a4277-60d9-4c79-b51c-3b06beeb504a,,Rafael Baima de Melo Lima,34496462818,rabaima@hotmail.com,5511972069433,false,,false,,true
05d2165b-3e90-4881-b9d2-f0b64c07c436,02109bae-f6f9-4cf9-ac65-d65364b716f6,Cíntia Bimbato de Menezes Paiva,22783565854,cintiabimbato24@gmail.com,16997978696,true,qv_id,false,,false
05db5120-2585-4a1f-a49a-3776af4c7e05,,Vinicius de Castro Alves Sampaio,45649090378,,,false,,true,cpf,false
05dcdc2d-e82b-4d22-8f38-a61016461e58,700352e0-4eea-483e-aef3-0ccb6fe996d3,Matheus Palaro Canhete,25707840877,mpcanhete@gmail.com,14997064488,true,qv_id,false,,false
05f4b87e-9fd6-41d5-b10f-77454197ddd4,2028d51c-52af-4f2c-841f-ef254d4ae62a,Cassio Jose Krupinsk,28436384881,ckrupinsk@gmail.com,,true,qv_id,false,,false
0609244d-61b7-4a50-a2e0-3ae3331ea02d,7457aad0-080a-4ec5-a28b-4f5c8e6aba57,Rodrinei Cristian Braun,02703182910,rodrinei.braun@gmail.com,46999193388,true,qv_id,false,,false
069af57d-b477-455b-8b87-2729c3f6bfd2,,Mariana Ishibashi Onishi,32695452829,mishibashi2012@gmail.com,11983460995,false,,false,,true
06fa5954-1d14-4f57-a353-a0a16aff8506,,Evelyn Rebelo dos Santos Figueira,81375433253,evelyn_rebelo@hotmail.com,5592981825638,false,,false,,true
07186f59-0021-4131-ac8d-a368c1f506eb,41c51d0c-b5ff-4092-8ead-3782214e771b,Sérgio Rocha Sousa Filho,06567270632,drsergiorochafilho@gmail.com,+5538988338833,true,qv_id,false,,false
071d120d-9548-4621-a448-50625ef3c0ab,,Marcus Freitas de La Pena,09280951777,marcuslapena@gmail.com,5521981157035,true,cpf,false,,false
0735d2a1-ed62-43fb-8870-04dadf6f628a,,Eduardo William Mendes da Silva,97332828200,eduardowms@gmail.com,5591982632070,false,,false,,true
075d4861-d02b-41ef-b72d-9794a82bd390,,Graziela Massa Resende,04998387693,grazielamassa@gmail.com,34991356927,true,cpf,false,,false
07689555-8a69-491c-a2cb-1933498821af,,Carlos Henrique Praeiros da Silva,43825695832,carloshpds@gmail.com,5511995538776,true,cpf,false,,false
078133a0-6820-49e6-b4bd-d201c6fda180,,Joao Henrique Borges Duarte,30382838866,cuicajh@hotmail.com,+5593981023775,false,,true,cpf,false
0784beb9-ae82-4387-a126-4f6693ee05fa,,Caroline Heidrich Seibert,05836659931,carol.h.seibert@gmail.com,+5548999146470,false,,true,cpf,false
079d9648-3b5a-4ef9-87e0-41a1afc90017,,Adriana Miranda Melo,75299500297,dricastm@hotmail.com,9186228442,false,,false,,true
07ba60af-cded-47bf-b475-3e4fab21d6e6,053e24c2-8ed9-44f1-aa06-a1a2aa7d5b53,Dan Vandresen,05633424980,danvandresen_91@hotmail.com,48999651806,true,qv_id,false,,false
081d4632-22a9-40ea-99ff-b4bcff527edf,,Emanuel Rocha Borges,85768871691,borges.emanuel@gmail.com,,false,,true,cpf,false
08249361-99ef-4c52-85be-92294f639e0e,7b6c6677-3a23-4c33-a84a-6816d1c1ce80,Josmeiry Leal de Oliveira,89456734587,jhosiebahia@yahoo.com.br,71991379377,true,qv_id,false,,false
0840c6ed-f24d-47bb-9103-64ad4ce503a8,,Priscila Albuquerque Nasser,28118198863,priscilanasser@hotmail.com,5511964470525,false,,false,,true
088ca444-8493-4d98-be6a-7a98b6df221f,404c88d0-5035-437e-bc0b-862bf425260a,Gabriela Araújo Santana Pereira Pozzatto,79432417387,dragabrielapozzatto@gmail.com,+5594981940800,true,qv_id,false,,false
08909a52-5b4e-4a2d-84a3-e386a5ef680d,,Valdecy José de Sousa Neto,00261132369,drvaldecyneto@gmail.com,+5586999947703,false,,true,cpf,false
0899caf1-557b-49b6-b1c8-bc4e4a1f898c,,Michele Santos Zacheo Sabeh,26570578880,michelesabeh@gmail.com,5518997832483,true,cpf,false,,false
0899e909-4949-4cfc-9f76-6ebb2bf62a81,c725d0b6-38f2-4774-96ab-6791f8309467,Daniel Antonio de Aquino Neto,60194340287,danielaquinobusiness@gmail.com,95991525950,true,qv_id,false,,false
08b87567-8a03-4e51-bbcc-996bd7999cee,5ca79496-60b0-4f6c-88ed-1a6dd4f141cf,Michel Nordt Biagi,36842160898,michel.biagi88@yahoo.com,11996090144,true,qv_id,false,,false
08c434c1-b930-4ff4-b45f-82b383b8d879,,Marilidia Guimarães Alves,08686370764,marilidiauepa@gmail.com,+5543998351366,false,,false,,true
091073d6-d1e2-46ab-82e4-6c698ade9644,,Leonardo Cumin Carignano,,elianeglinski@hotmail.com,41984390538,false,,false,,true
0942e480-77a7-4850-baba-2eccbc6aa13f,9dea3b57-eb25-4455-bde6-c6dbb1d3c955,Denise Leite Ocampos,07757347726,denise.sesdf@gmail.com,61981716978,true,qv_id,false,,false
09618548-400c-458e-a572-cd7d4400b12b,,Rafael Vianna Curvello,29223445841,racurvello@hotmail.com,+5519993495768,false,,true,cpf,false
09ed4608-b617-40ce-b43a-88b99043e3b3,5d0d15a1-ff5e-41c8-b7f7-bd4fa6334409,Danilo Soares Santana,79030270500,dansosan@gmail.com,71991844813,true,qv_id,false,,false
0a148c39-c48b-47b8-ae36-92e5940c71b3,b5015615-feee-4ee5-8639-e402cd55665f,David Roosevelt Linhares Junior,04098472678,david-linhares@hotmail.com,31998127475,true,qv_id,false,,false
0a240672-cf97-4e95-b822-d02fc2bfa60a,,Amilcar Ferreira Gerber,98462032091,amilcargerber@gmail.com,+5554999547808,false,,true,cpf,false
0a578d16-7f13-49dd-8b06-a2ffd8f53bcf,64c32128-efea-457e-8ba8-065fc9dc7e1f,Nayhan Andrade dos Santos,05903018530,nayhan_fsa@hotmail.com,75991711039,true,qv_id,false,,false
0a8dd81e-ed55-48c5-8b1a-20c7af37e988,,Leopoldo César de Miranda Lima Bisneto,,leopoldocesar.ml@gmail.com,5561995041010,false,,false,,true
0aad1745-41a9-4076-b414-20f24a16aaf5,a293fee1-a032-4a6e-861b-21998cb8c145,Dora Werneck de Almeida Menezes,12532299703,dorawerneck@hotmail.com,11941612901,true,qv_id,false,,false
0ae458ab-c016-4110-a1dc-07a7629be9f9,,Thiago Loureiro Torres,05390272781,thiago@tltconsultoria.com,+5511981660227,false,,true,cpf,false
0b0209c8-8c8a-4c5d-8f0e-503901af0b10,,Wellington da Cruz Terra,91745063668,wterra2000@bol.com.br,5592981540061,false,,false,,true
0b15e2e9-7b01-4cb9-b45b-02927b81a619,,José Gilmar Gomes Junior,00612592170,jggjunior@gmail.com,0,false,,false,,true
0b97343f-cc33-4f13-843a-2c08ad818ebb,,Tatiana Hammerschmitt Utzig,96643269091,tatiana1utzig@gmail.com,5555999671889,false,,true,cpf,false
0bd44938-8c4b-4592-bdf5-826937524379,e59baf52-74a1-497e-93dc-b27d684f4c58,Stella Maris Grisolia Fuzina,27102912072,fuzina59@gmail.com,,true,qv_id,false,,false
0bdcb1b5-bd91-4100-b93e-06fe51b99e22,,Felipe Mesquita,10838061737,,5521996954044,false,,false,,true
0be14937-3859-4e13-84b0-b2bc66f9aad6,,Daniella Stuart Coelho Passos,23013741813,daniellastuart@msn.com,5511992592659,false,,false,,true
0bf30c82-0d83-4706-9340-d0338dcebd33,5f27eaaf-44f8-42f5-bf12-c4627be1b187,Diogo da Silveira Menegaz,48605662034,diogo.menegaz@dell.com,21994644619,true,qv_id,false,,false
0bfeb21d-7e2c-4986-8b58-7d27f29d7a88,,Suame Kono,32821538804,su_c_k_to@hotmail.com,5515981163610,false,,false,,true
0c06cdf3-b5cc-4d08-ad55-b5bc72c2b7de,,Débora Rachel Pereira Gonçalves,91174929120,diretoria@agroexcelenciamt.com.br,+5566996117095,false,,true,cpf,false
0c2e269d-ed4c-4faf-bc2f-ec12617136f5,,Agnor Christy,,,5575999883254,false,,false,,true
0c2e38b5-5808-4cff-b1b9-11db78e26286,,Nelma Martins Marciano,29388155149,nelmamm@uol.com.br,+5567992569455,false,,true,cpf,false
0c6ec153-3657-490c-bbec-61a10c594741,,Kattson Sales Pereira,93456697520,kattsonksp@yahoo.com.br,71999972691,true,cpf,false,,false
0c9241a6-6ca9-4e74-8ea1-2ceaa4308f9f,,Benicia Sara Salinas Zambelli,68353863634,bessalinas@yahoo.com.br,33988058352,false,,false,,true
0d341d4c-d60e-4e6a-acaa-68b714af03e9,,Fernanda Reis Gomes,,fernandarg.cirurgia@yahoo.com.br,5541997829894,false,,false,,true
0d614495-cbfb-4c86-a7cc-dcb73dc88bd0,,Luis Márcio Olinto Pessoa,70600406172,luis.olintopessoa@gmail.com,+5514998020263,false,,true,cpf,false
0d73ffa3-ac1f-4638-952e-3d40c6582549,2f8e31e9-5fa6-43d5-bd15-12bec0107888,Dimas César Bragagnolo,80117767034,dimasbragagnolo@gmail.com,45991495626,true,qv_id,false,,false
0d9cd0f8-e4b7-4c3c-93de-aafa5ea4cd0e,edddcef2-a7fe-41ff-8a66-2508f200e1e7,Jean Louis Silveira,02690625725,jjean.silveira@gmail.com,21981542222,true,qv_id,false,,false
0db4d3ec-b274-4eef-b46c-b62d2decbaf2,,Fabiano Gradela Leone,18446242850,fgleone@hotmail.com,5517991142725,false,,false,,true
0db52489-1bc4-4a00-82e8-ef30d7e5f883,c5a4c244-af8d-400f-9e38-8d17c9d9ef5c,Régis Paraboni,73606952015,regisparaboni@gmail.com,54991045002,true,qv_id,false,,false
0dbe1e83-afa2-47d1-9c7b-1fd1e54bd918,3c19759f-5568-47ea-a596-bb37745978e9,Hildegardis Angelo Mascaro,11343459761,mascaro.rj@gmail.com,21985447772,true,qv_id,false,,false
0e3bb371-eed6-4d4b-b241-9db3f61ce960,,Flávia Rossana Moreira Stival Cunha,99182661120,flaviastival@hotmail.com,5562981262023,true,cpf,false,,false
0e412b1f-6a16-41bb-8da2-5d432fa1272e,,Kleber Tomé da Silva,15550760843,klebertom@gmail.com,+5511984553662,false,,true,cpf,false
0e65c03c-001b-463d-b8b3-a3b43fd6e119,,Renata Martins Alonso,28714009897,renalonso@gmail.com,5511998294900,false,,false,,true
0e8c5461-8d47-496b-96a1-044d46a64491,030921bc-8f7e-49aa-af87-6c82dbea8035,Gisele Menezes Vilela Valente Rodrigues,51246660210,gisele_valente@icloud.com,92999612020,true,qv_id,false,,false
0eb2b0c6-d71e-4a05-81c8-6a22a73478f4,,Fernando Fernandes,29716050860,vivian_stos@hotmail.com,+5511975033566,true,email,false,,false
0ebe1d0b-dfe5-4d7e-83ca-6053840ddf5e,,Malena Tereza Barrios Giorgetta,06252080802,ma.giorgetta@gmail.com,11989126512,true,cpf,false,,false
0ecefee7-94c3-4706-94f9-2a3f06d5b52c,4bccc6e5-2162-4f65-a232-f3132507d284,Regiane Gonçalves,21458370860,regiane_goncalves@hotmail.com,12981249172,true,qv_id,false,,false
0ed21794-db6a-4ec2-a598-3af5c605fa40,15efbd27-0a79-4caf-8d8a-38bbb65249e1,Telmo Tonolli,17716766805,telmotonolli@icloud.com,11974027669,true,qv_id,false,,false
0efaabce-d9b0-4274-aaea-7ef7cf0bfa87,d73b1551-e2ef-4553-8e5b-59262ed288f3,Gustavo Araujo Maia,05156474624,gustavomaiamg@gmail.com,31997447448,true,qv_id,false,,false
0f129806-82bd-434d-92c7-38a929615f22,,Ricardo Fernandes Lopes,12614759848,ricardo.flopes@adv.oabsp.org.br,+5511999127259,false,,true,cpf,false
0f172342-6482-4012-b2e1-023b61910b4d,,Evandro Amorim Barbosa,,evandrobarbosa92@gmail.com,5535991985250,false,,false,,true
0f2f5d07-340f-4428-82cc-a947a3f5b41d,63cbbdf8-b36a-49f2-ba7e-0533ac34f5ea,Tatiane Cheila Zambiasi,92689884020,taticheila@terra.com.br,66981140130,true,qv_id,false,,false
0f9a6f3e-dedb-4f13-bb03-7fcdab528522,10faa781-d84c-4da8-88b3-31baf5c4997c,Dalynajara Ciarlini Mendes,97925900482,dalynajara98ciarlini@gmail.com,86999227928,true,qv_id,false,,false
0fad2fe8-2cd7-4a6a-b020-549fc7200270,,Luiz Henrique Boaventura Batista,00985489138,luizhenriqueboaventura@hotmail.com,+5565999061695,false,,true,cpf,false
0fdcebae-4e25-4e6e-9f5e-65f7b57a6e4a,,Felipe Hiroaki Onituka,38341016800,felipe.onituka@gmail.com,+5511920075777,false,,true,cpf,false
0fe81446-804a-435f-8390-f6a32acd48ed,,Murilo Franco Rocha Santos,,industrially@hotmail.com,556481106068,false,,false,,true
104ff582-fbed-4a48-a910-e485bd1b81c0,,Karina de Souza Weinmann,56270887100,karinasw@hotmail.com,5511984735457,false,,false,,true
10558686-e36e-40f8-ab8f-15cd3fea1349,e398e3ba-e17e-4aea-a658-ee0edb27d237,Leandro dos Santos Nascimento,72648139168,leandro_sn23@hotmail.com,64992648834,true,qv_id,false,,false
1064e814-a953-4913-931f-8fb75e6c8491,,Edson Oliveira,14073419790,edson@negociosdealtovalor.com,+5528999751103,true,cpf,false,,false
109a206a-cd99-4414-aa30-4880a56f11cc,8d35179d-2a30-41a2-9370-4bd0ddb0d373,André Vasconcellos Diniz,56104693687,retinabr@me.com,31999535753,true,qv_id,false,,false
10be1de1-e8f5-434d-8379-3f19d10b7d93,,Leandro Antonio de Oliveira Correia,34387644826,leandro.aoc@gmail.com,19991796735,true,cpf,false,,false
10cb4e6d-63c9-45a0-821c-d5a04801d33f,,José Antonio Matiello Filho,26078319892,pimatiello@hotmail.com,5515997406140,false,,true,cpf,false
1126fb0d-04e6-416a-8721-19d12dae7547,,Zilmara Alves Cerillo,01547408707,zilmaracerillo@gmail.com,+5527996462127,false,,true,cpf,false
11316935-c4a8-4169-a65e-f5d70b27674b,,Raquel Abreu de Assis,12024246788,abreu.assis@gmail.com,+5521983514567,true,cpf,false,,false
1186d49a-fba8-43bc-b3a1-32a23ad4ef59,,Priscila Bianchi Dantas,18583425892,pricabianchi@gmail.com,+5511964517574,true,cpf,false,,false
11a97c1c-68c6-4a11-82bd-73b456ec58cc,d5fa492a-9061-44c1-a958-d906c778d510,Kássio João de Aguiar e Souza,84503629115,kassioja@gmail.com,61981323566,true,qv_id,false,,false
11df7874-febd-493d-afc0-dcb35701563b,,Rebeca Meirelles de Araújo Assis,03092651502,rebecameirellesassis@gmail.com,5511932087793,true,cpf,false,,false
11dfa7e1-dae5-43a8-bf12-19ea39398520,a9dcdb18-000f-4893-970d-bf7303a8f3f2,Luiz Filipe Graziano Guerra,16590995877,luizguerra@primelist.com.br,11981089494,true,qv_id,false,,false
1203b291-f3a1-4ed1-ae72-fe207efb96f8,fde859f5-1f3e-4a8b-898f-b38356e5bcd6,Victor de Oliveira Dantas,01144295459,victorodantas@gmail.com,83993062432,true,qv_id,false,,false
120f91a9-6acc-4b06-9078-ceeb184bf58b,,Marta Blom Chen Yen,61017078149,blommarta@yahoo.com.br,5561986231972,true,cpf,false,,false
122b6584-f1d5-484c-9156-d486bafc065b,,Renato Sancho Batista,05641215767,renatosancho@gmail.com,+5521994425679,true,cpf,false,,false
1231a6a3-d50e-4724-b5b9-adde29426a11,,Jorge Eliandro Bezerra,,jorgeebezerra@hotmail.com,66 999769306,false,,false,,true
1267326a-83c3-46e4-ae0d-fe085d043234,,Gabriel Dallacqua,35882533864,gabriel.dallacqua@gmail.com,+5511978762444,false,,true,cpf,false
12e37b24-e090-486b-9e12-0518f1540685,dbe5c9ba-7657-48a8-beb7-1fe303a3d4cd,Ricardo Neukamp,75338327015,ricardo@vlados.com.br,11996078523,true,qv_id,false,,false
133746b4-6bc3-4328-80f9-dcc822a17351,f0007b29-cf35-4573-b449-9e45ba46b804,Lilian Brauns Teixeira,03337542719,lilian.brauns89@gmail.com,+5521996054076,true,qv_id,false,,false
134aa1e8-c6e4-4a21-bcb3-831d63837e4c,12f5ff6d-a517-4adf-b9aa-56f537fc8051,Guilherme Souza Rodrigues,37009585873,gui.souza.rodrigues@gmail.com,11998172451,true,qv_id,false,,false
137f8cc6-cd0b-472c-a936-29a694f41095,e07da47e-f4a7-4f29-ab1e-ee79ddd3fd35,Tenisa Emanuelly Santos,02878722540,tesdoumyouji@gmail.com,+5579996318247,true,qv_id,false,,false
13dc6d02-8627-4a87-b164-66ac4d2ffbc8,3546f623-cd14-4437-9f4e-75d9aa65e345,Lucas Oliveira Gomes,15892205797,board@ondaskim.com,83986153686,true,qv_id,false,,false
13f16f92-3fb5-4995-b49c-46f7945deb14,,Rodrigo Moreira de Britto Macedo,05771266442,macedormbm@gmail.com,+5551993718870,false,,true,cpf,false
13fb7d58-1eec-4727-bbe1-5fa8b7ed647c,,Leonardo Costa,22184117846,leocostaminas@gmail.com,+5522988110399,false,,true,cpf,false
141ef30c-4d04-4f9a-9967-78abbd95402d,,Denisia Yumika Tanaka,25079962852,denisia.tanaka@gmail.com,+5511991322913,false,,true,cpf,false
14303f3d-f14f-420f-b0a5-4465c8a44a67,,Cristiano Santos da Silva,91917085591,cristiano@guforecords.com,+393409295673,false,,true,cpf,false
1444a6ff-3b84-400b-b7fb-ab617dc49bee,04542659-bcbd-42aa-8571-e14c54b885b5,Marcos Roberto Mendanha Nogueira,02820052690,marcosmendanha@terra.com.br,38992128880,true,qv_id,false,,false
1458bd6a-61a7-4036-88af-889984fb9a49,6c4d366f-ce27-4285-aac9-f75d25f7c244,Viviane Piccinini,00266777090,vivianepiccinini82@gmail.com,54991640040,true,qv_id,false,,false
14609e0d-93ef-484b-92a4-ed647ca2cbd7,932ab2cf-d900-4001-b307-0dc912148854,Ricardo Sérgio Arantes Pereira,90127072187,ricardo@ricardoarantes.com.br,67981335003,true,qv_id,false,,false
1481612b-df88-4456-a154-0306b4c10343,7e8e12df-b962-4c85-9bef-77c95389e1bb,Bruno Gonçalves Lemos de Carvalho,07332885611,brunodecarvalho@gmail.com,31988025754,true,qv_id,false,,false
14be2ff5-17ee-45c9-959f-55856ea46ec8,,Thales Martins Pereira Silva,08957497692,thalesmps@gmail.com,35997314107,true,cpf,false,,false
15148fee-9a88-474f-ac43-1bf96260d391,82f884d4-8c68-4b90-86df-97b12af49174,Leandro da Silva,28915014898,le2004@gmail.com,11993253353,true,qv_id,false,,false
15431875-3591-4933-85de-ea80e41ef006,661c92f9-d429-475a-a1e8-d0c4743dc0bf,Maria Elisa Barcellos Teixeira Pierotti,96509708787,elisateixeira@osite.com.br,21992222224,true,qv_id,false,,false
156ba9dd-2074-4c65-88ff-87e47f296978,af56f4fd-8a96-418a-9980-7d527d230b9d,Carlos Henrique Pedriali Nobrega,01968363955,ch_itapoa@yahoo.com.br,47999151116,true,qv_id,false,,false
15a1ec16-0202-4613-8501-caee85df1ac2,,Rodrigo Bastos Magalhães Senna,16062204705,rodrigobsenna@gmail.com,+5521995728938,true,cpf,false,,false
15ced9ea-271c-4295-9321-ea9927e71439,,Lucas Chaves Pérez,02589041780,lucascperez@gmail.com,+5521996157533,false,,true,cpf,false
15f15983-b8be-404a-9f79-d2bdaf152ad0,3a31ed63-54de-4653-a5f5-60c30ebc7e52,Ana Cristina Horácio de Sá,24765341100,2nanasa.307@gmail.com,61999823787,true,qv_id,false,,false
1617d1cb-e28a-4339-997e-e1ed71776734,a923ca55-1095-4786-a593-20453c465894,Alisson Nunes Freire,05905504628,estheticlasermg@gmail.com,31984518841,true,qv_id,false,,false
16251653-8173-4de7-a9fc-4d68c4450c39,,Paulo Baeta Neves,69744017104,baetapaulo@hotmail.com,+5561981126555,true,cpf,false,,false
164b10b5-d590-4898-9b92-e67ecf8fcd38,,Gabriel Lacerda Santos,03034987579,lacerdagabriel72@gmail.com,+5573991639443,false,,true,cpf,false
1655d13d-e540-4a00-a5a1-f05405ba0e30,830f2e63-4b5b-4b04-a7f9-841b106e3dde,Cecília Teresa Condi Breviglieri,30809509920,cecilia.conde@hotmail.com,69981345807,true,qv_id,false,,false
166b7250-8109-4e55-943c-2e833a530800,,Adelicio Galvão Gomes,77771230504,adelicio93@gmail.com,77991581945,false,,false,,true
166fd117-ca38-491d-8ff2-d2d1a840729b,ed3208ec-b135-407a-85cd-7707d5118b87,Glaucia Taborda Martins Francisco,84627786972,franciscoglaucia@hotmail.com,41987844644,true,qv_id,false,,false
167f8765-a8e2-48f2-a6d7-4c6acbdc50ed,,Juliana Karina Grellmann,,dra.julianagrellmann@gmail.com,5555996072458,false,,false,,true
16816be0-d719-45e8-9ef9-949ff98ebcf5,ee847608-99bc-4dbd-9688-25fd1845be6a,Fabiola da Cunha Bazi,45584648272,fcunhabazi@gmail.com,92988112911,true,qv_id,false,,false
16a2553b-d699-4f4f-8d2a-91fcc2e38a66,3c9edcf7-e27d-4b9b-a313-8438fc168f64,Gerlane Oliveira do Espírito Santo,89447638449,goespiritosanto@yahoo.com.br,82982037703,true,qv_id,false,,false
16d3bb3a-c3f2-4f98-95c1-209af5f446b2,7ceeb2d0-6185-4828-bd04-27490b59ce2b,Fátima Regina dos Santos Jaskulski,96232137000,paulorubenswottrich@gmail.com,+5551997919664,true,qv_id,false,,false
16f3ae3d-ebb7-4e75-998e-afeabd8133a8,,Rogério Faria,94383758649,rogeriovisualize@hotmail.com,5535988637320,false,,false,,true
1755aa8f-d1f6-409f-9a48-c4f1208cf9fe,,Thaline Carvalho Medeiros Costa,,medeirosthaline@gmail.com,55 86 9955-6785,false,,false,,true
176f5abb-a8b7-47bf-8d93-70717112e304,,Douglas Hebert Coutinho Januário,82695342268,douglashcj@msn.com,5569984893045,false,,false,,true
1771598f-f3d1-49a8-94a8-df9c5eda8ab0,8deaed2d-5903-4667-8226-f6600f806777,Thiago Franklin Boy de Sousa,44680102829,thiago.fbs@gmail.com,11964009969,true,qv_id,false,,false
178a476a-4b5d-4377-bcd1-46696e77bf63,9253e23c-db5d-4f52-904e-cc4ddba28101,Jordânia Amã Monteiro,08931117671,jordania@zenify.com.br,31994681800,true,qv_id,false,,false
17fef9e1-f4d7-4913-9bc5-07ee3f571692,,Cesar Eduardo da Silva,00585627967,cesar@learn.net.br,+5547999321929,false,,true,cpf,false
182f9da5-1242-458c-87a5-8ee405c32722,fb0ed803-3c24-4171-bca7-bc1a020bb7d2,André Pinheiro Siqueira,35424637876,andresiq2000@gmail.com,11993130175,true,qv_id,false,,false
1881da4e-9e3f-4d33-a852-49672818c120,,Massahiro Ono,27554473972,ono_1640@hotmail.com,5566981140407,false,,false,,true
18bea100-0898-448f-9ba9-54b4a708ee6e,,Gilvan Soeiro de Souza,,gilvansoeiro@gmail.com,5573999859009,false,,false,,true
18d73f8f-8e48-4384-b1da-b16420ab6399,2ad4d2c6-6f1d-4b4b-9fb9-3330e9e1f6fc,Breno Nagamine Botta Benjamin,30135344867,brenofmj@yahoo.com.br,5519981549819,true,qv_id,false,,false
1977db28-e77e-4762-94a5-58f1bd31fe74,,João Guilherme Regazzini Neto,28105777819,cheffregazzini@hotmail.com,17997511141,false,,false,,true
197b6099-6efd-4872-a921-d46e03416151,,Cinara Mauad,65514440249,,5594991152122,false,,false,,true
19e10bd6-6417-474c-b89a-7c714fb470d7,,Everton Junio Magalhães,,everton.spdnet@gmail.com,,false,,false,,true
1a1972af-ac63-41a3-af39-1c469c43a2b4,,Marcelo dos Santos Souza,,,5567992196811,false,,false,,true
1aaf9327-27aa-4da2-985f-e36d2e45f362,c16a4fb1-6d5f-45e0-8dbe-cc27b24add44,Ruggeri Spessotto,01551938057,ruggerispessotto@icloud.com,54996263299,true,qv_id,false,,false
1ab35d73-a95c-4c44-b281-800951ca73a5,,Gabriel Santos Lerbak,12538799740,gs.lerbak@gmail.com,+5521967301761,false,,true,cpf,false
1acf6f92-5a39-4c15-8c6e-609185f22fb2,8a98250b-6d82-4494-8ba5-21332ead38d4,Joara Letícia Bueno,27813909844,joaraleticia@icloud.com,+5519996056698,true,qv_id,false,,false
1af66c60-01b8-4c33-ada8-1a416487ddf0,287d3899-4696-4cc9-86c7-6f777454f3ae,Jefferson Giovane Tomazelli,67017010949,costasul03@gmail.com,73991360100,true,qv_id,false,,false
1b5737cf-9f06-48ef-aeb7-533921707e0f,4efa250e-636b-4866-acdc-0ac0d42bb07d,Carlos D G de Magalhães,03090611643,carlosmagalhaescoach@gmail.com,11993126703,true,qv_id,false,,false
1b65c19c-faab-40fe-a535-6767e0d7ac59,,Elizeu Barreira Lemos Júnior,25020919349,elizeu.lemosjr@outlook.com,+5598988169910,false,,true,cpf,false
1bca0612-25f1-478e-b884-81008ee1bdcf,,Lidice Basalo,,,5551993609191,false,,false,,true
1be60f43-7dd0-4439-ad48-c6d582199d60,4c84c7b7-2c3f-436a-87c6-2608e3bb937a,Geovanna Pires Ribeiro da Silva,02145025979,geovannapires@gmail.com,11982046864,true,qv_id,false,,false
1c110611-efa8-463e-b1c0-754d98ec1f5a,,Marcia Tornavoi de Carvalho,10374435863,marciatornavoi@gmail.com,+5511992277515,false,,true,cpf,false
1c3a3c0a-d0bf-4cf0-b01a-d356fc3355f0,7fd47530-aa1b-45c7-8cde-7f3601b12016,Cleverson Faustino Brandelero,02847489940,c.brandelero@gmail.com,46999720059,true,qv_id,false,,false
1c4ec3fb-89ab-47dd-b5ba-5f193f6c802e,c9ff5431-e16d-49dd-972c-0b9c0f9e273d,Pedro de Oliveira Nascimento,16773274648,pedronasci17@icloud.com,31999050109,true,qv_id,false,,false
1c8340ea-f97a-4428-b21d-8801d44de08e,816d9bce-a80b-42f7-884e-447dc0f53051,Luiz Fernando Nascimento Benek,05076774982,benek.luiz@yahoo.com.br,43984513030,true,qv_id,false,,false
1c9f3a06-cdfe-4357-a3ff-b9f1badb86b4,3857e0af-9a8d-4aff-a29d-71e2ff37f4b4,Ernani Vasconcellos Emiliano dos Santos,11328683788,ernanivesantos@gmail.com,21998541744,true,qv_id,false,,false
1cd4a3a0-f29f-4259-904a-d105df5daff2,36268880-39eb-413f-b9d2-6d5afb85c79e,Leoricleia Aparecida Teixeira Donadel,71365800997,leoricleiadonadel@gmail.com,41988504793,true,qv_id,false,,false
1cd83bd1-27c3-444c-927d-3c5ec5327ccc,,Fabio Crestani,00367936984,fmcrestani@hotmail.com,+5547991835755,false,,true,cpf,false
1d0644e7-8f71-4c0f-9652-fc2786e87286,8ce81a7a-cf66-44ac-b901-ae7483519c26,Fabricia Zeferino Ghisoni,00800319940,fabighizo@hotmail.com,+5548984260130,true,qv_id,false,,false
1d15f0ea-d9ea-4759-be5a-f3ea90319a13,e5b8e227-1a6b-4f41-a4de-818a60572ed4,Carlos Eduardo de Souza Maganha,10911122745,eduardo.maganharj@gmail.com,+5522999226180,true,qv_id,false,,false
1d794b9a-bef8-40f5-84d5-c6d83ac394be,cc2944f2-cb2c-4a5b-98b9-3e1c94d5036f,Luiz Carlos Artigas,31659187915,lucarti0950@gmail.com,41992430950,true,qv_id,false,,false
1dc2e6a7-5d8d-47b0-9b7b-a89750d34cb8,e66c6907-4acb-47da-8ee4-9e9483449439,Weslley Gonçalves Cintra,30145703894,weslleycintra9@gmail.com,16991263371,true,qv_id,false,,false
1dee945e-6332-4b46-8043-f544b74c16f1,8a91eff9-7da4-42aa-aaaa-210132acec9a,Henrique Ryuji Takahashi,06293184920,henriquertakahashi@yahoo.com.br,53981418986,true,qv_id,false,,false
1e167b16-8e32-4962-b799-5a8fe8f9337c,849abf69-8f21-47ae-a61c-f1c55a04c19e,Fernando Augusto da Silva,83766928015,nanduaugusto@gmail.com,51992320631,true,qv_id,false,,false
1e219ad7-916a-4f3d-8df1-d5d932656c99,882e9e22-1c2b-45a2-9473-dd0153f2d205,Heitor Maia Araujo,04980215564,heitormaia92@hotmail.com,71991855474,true,qv_id,false,,false
1e311f99-a249-4e34-93bd-af0b9fac53de,,Pedro Sesar Junior,87693658220,pedrojunior_2@msn.com,5593991994147,false,,false,,true
1e4ad2c9-bfc7-474f-89e5-6a2feb8a0777,b5d3cc5a-813f-4014-b4f6-5608bc0c41b8,Eduardo Fonseca Lopes Costa,03473089370,eduardo@grupomse.com,99984530797,true,qv_id,false,,false
1ec5c86a-45e4-4784-998d-847ddf297693,c2821b29-d06f-46c9-add9-602c0ba72a2e,Mariana Melgaço de Mello,10609187732,marianamelgaco@yahoo.com.br,+5521986170122,true,qv_id,false,,false
1f0b82f7-f7bd-4792-a613-d25f22085204,75a3e3ba-6cf5-411f-bcd7-a4ce9d427942,Manoel Nilton da Costa Filho,84244321772,manoelniltonjpa@gmail.com,21996024433,true,qv_id,false,,false
2005bfb8-cb51-4490-82ab-c735d6411a7c,,Marcos Cailleaux Cezar,,marcos@fcxconsultoria.com.br,5521993192767,false,,false,,true
200a36c7-a779-4e7d-902e-e8bb9cfc4d70,539024cb-e97e-474d-9cb0-fe8cdc400102,Daniel Caldeira Teixeira,01265836680,ielmed@bol.com.br,33991562008,true,qv_id,false,,false
20463ac4-4fce-4a51-a7c0-cba668f3a8aa,,Rafael Silva de Araújo,02903819165,rafael.eng02@yahoo.com.br,+5511960480604,false,,true,cpf,false
20b17745-6a4a-4cbb-b825-b5cf568afadf,,José Luís da Silva Martin Gascón,06606934885,joseluis@gascon.com.br,11991944544,true,cpf,false,,false
20c0c8a4-b250-4c96-b880-cdebf5022b40,d2567f92-0fb3-44c4-8858-4247259fd9ac,Raimundo Nonato Soares Torres,21742162304,rai.n.s.torres@gmail.com,86988775930,true,qv_id,false,,false
20c6d869-5f0f-41d5-9e2f-f8648a8bf45c,,Mirna Zandonadi Maia,,mzandonadim@yahoo.com.br,5521985789712,false,,false,,true
20d8112b-75e6-4362-8584-76f593b5fc8c,,Ivaldo Pereira Rocha,01643536311,ivaldo_pr@hotmail.com,+5598984113451,false,,true,cpf,false
20eb028f-373f-4a63-a468-57fe9544f214,,Fernando Paranaiba Filgueira,98955292104,fpfilgueira@yahoo.com.br,5564999279779,false,,false,,true
2109ce45-ea0b-4411-90cf-1f9911a70107,722a1b59-87df-4ef8-a024-26e7c4bc6950,Rodrigo Antunes Pereira,02021429903,rodrigo@superbeton.com.br,47991801409,true,qv_id,false,,false
217b3a98-65e6-456a-b8a1-55d5ccfbe47a,,Solange de Oliveira Megliorini,32130523889,solange.megliorini@outlook.com,+5519988587745,true,cpf,false,,false
21fd476d-e70b-4962-8454-a73922b00714,,Bruno Barbosa de Cerqueira,,brunow_bbc@hotmail.com,5571988121191,false,,false,,true
2250307e-92e1-4ab5-abda-52d39a6c6367,,Anderson Scarfi,17893280808,anderson@scarfi.com.br,+5519998678585,false,,true,cpf,false
22c21322-c113-48ae-be66-164fc2b74f41,,Caroline Scherer Carvalho,00203056095,dra.carolscherer@gmail.com,5555999484623,true,email,false,,false
22c7a3ee-f6c6-478a-89b0-d3aac9424a5a,,Sergio San Juan Dertkigil,19111914890,sergiosj@unicamp.br,+5511999156702,false,,false,,true
22d6c6ac-5f38-428a-8422-e61f2ce90c69,a5d26c40-d348-47f6-938e-d3cf6d0f9533,Marcos Pereira Bruzzi,03527019600,marcosbruzzi@uol.com.br,+5531988794872,true,qv_id,false,,false
22e5fc31-79b5-41fd-81e5-cc1e46fd4478,748c0a56-f1bd-479b-81c2-e2d403fd49ef,Miriam Sena Rabelo Santos,56744374672,miriamsena01@gmail.com,+5537988511551,true,qv_id,false,,false
22f009a7-29e1-4827-9a59-422644086974,708b4df5-d11e-4dae-8987-1fe55bb51411,Carolina Montemór Soares Messina Aberle,22147112879,carolinamessina@hotmail.com,11972770557,true,qv_id,false,,false
235a05b6-6370-4a60-a83d-6c4d27fb500b,e2e39ddf-4f68-4897-bac4-3f043ec6facb,Renata Maria Rabello da Silva Lago,61632163500,lagorenata1973@gmail.com,71988428495,true,qv_id,false,,false
2369466c-22aa-4082-be92-60a8c73f891a,d913ac85-f342-4477-adf8-4c39e11b35c8,Helen de Souza Araujo Dias,03806538697,helendiasmsg@gmail.com,48991154167,true,qv_id,false,,false
236e0064-237f-4e71-890d-bda08ea02b63,c432b24e-5d82-4376-9619-956864a2e661,Nastia Irina de Sousa Santos,14361264287,nastiairina@hotmail.com,93991140779,true,qv_id,false,,false
23744b13-a456-4748-9a31-fc5a64ee4f92,,Rafael Drabik Guimarães,,rafaeldrabik@gmail.com,41999211289,true,email,false,,false
239736af-aa99-4417-a928-0121561d4bbc,,Thais Troll,30719576881,thaistroll@yahoo.com.br,5511997416592,false,,false,,true
239e8091-a776-4c2c-9ddf-2c1821f0a91c,,Manoel Antonio de Azevedo Sodré e Wild Veiga,16576714882,mwildveiga@gmail.com,+5519981744305,false,,true,cpf,false
24043bd3-613d-4fdd-aa9e-220aaabcfa1d,fe4a2a2e-64b8-41f2-abb8-5af4dec99ef3,Sergio Alejandro de La Zerda Gutierrez,23153779864,sergiodelazerda2@gmail.com,11910268232,true,qv_id,false,,false
2412cd30-4001-4d4f-ad09-edbf468bc620,a625df23-f35c-44e6-88c4-0245640126c8,Alessandra Girotto,90843908149,a.girotto1981@gmail.com,19997123894,true,qv_id,false,,false
24ac90fb-6478-453d-8a74-af6bd22021a4,1d59b20c-a9bf-4397-b976-58aee7a02671,Moises Gambin,94951080044,moisesgambin@gmail.com,5549984371662,true,qv_id,false,,false
24df8298-6a52-4b79-885e-0029103fc8b7,3a89811b-f850-41bb-ad4f-be0a548280a4,Plinio Neuls Júnior,76697657200,plinionjr@hotmail.com,91981156858,true,qv_id,false,,false
24efdf9c-f5f2-4bf8-b4bf-e561a3dddb0f,ccab8a04-2d66-451f-a145-1ab353f17cd5,Jeferson Leandro Kortbein,02731850981,jeffkortbein@gmail.com,+5547991447979,true,qv_id,false,,false
25019477-cf9d-4169-bf89-1d7e05768217,,Rodrigo Veloso Mizuno,45541558115,romizuno@gmail.com,5561982238586,false,,false,,true
25389811-ae96-4e7e-bd57-ac1339dcfc88,,Luciano Fuad Kairalla,21845452879,lucianokairalla@hotmail.com,5511981226690,false,,false,,true
254faf86-fa51-4175-9c9d-7f3b7a441200,27a6726e-4133-43d1-a927-a24cbebad31f,Simone Bitencourt da Silva,17905392856,simonebitencourtpsi@gmail.com,11974800838,true,qv_id,false,,false
25839f5f-1567-43c3-b22d-bcc0a8727c34,,Fábio Rigueto,29773763803,fabiorigueto@gmail.com,5511981278008,false,,false,,true
258b535e-7d5e-47b5-a848-a919b74643d7,,Ana Luzia Henrique de Santana,22448957851,ana30santana@yahoo.com.br,+5511975772395,false,,true,cpf,false
262d4ca5-7d0e-42ed-ab4a-b789dcecc32c,,Victor Henrique Medeiros Loureiro,10692659420,victorhenrique154@gmail.com,83998004954,false,,false,,true
26472edf-e5dd-46e3-b939-05cdeb80b2a6,,Flavio Azevedo do Nascimento,01553189183,flavioan_med@hotmail.com,+5566984414260,false,,true,cpf,false
26ce8d1f-70c3-4b06-b4e8-f62f92bfe5fd,33c98594-03c9-473a-81bd-d1ed53fd1351,Thelly Jessie Costa Moreira,74478761272,moreiratjf@gmail.com,93992051494,true,qv_id,false,,false
2702a39b-9d6b-437f-8113-bf29d97988fd,,Wilson Bernardo Alves,04794084757,suamudancadevida1@gmail.com,+5591986185318,false,,true,cpf,false
272307b0-caf7-428f-b8de-d4861c23359f,,Breno Pardini Gontijo,02889422640,brenogont@bol.com.br,5519991555568,true,cpf,false,,false
27383a34-1717-46bc-aba2-b5d7bf71a27a,,Edson Antunes Quaresma Júnior,05467002686,edsontunes@hotmail.com,+5538991345094,false,,true,cpf,false
274b3732-b6dc-4c18-bb51-c197bf8e2266,7729552c-3d8b-436e-822e-2fde2fb0c106,Leandro Richa Valim,83740643153,leandro.r.valim@gmail.com,61999704005,true,qv_id,false,,false
27a0956c-3859-4606-8316-66b29269254d,414486c9-9d30-43e2-b7e5-0ad4a34866fa,Artemísia Figueiredo Pessoa,40078698200,pessoamanso@gmail.com,+5592991284386,true,qv_id,false,,false
27ea6a1c-89f8-4854-9e5e-b39119bb539e,,Marcioni Cardoso Sheffer,49680374068,marcioni@terra.com.br,555199528731,false,,false,,true
27ee316d-f6c0-4976-83a0-a61a975e8369,,Leo Robert Padilha,45668981991,leoplawyer1@terra.com.br,+5541999949602,false,,true,cpf,false
28135fa5-86ca-40c8-9db8-d629b17ee8f5,a0b494c1-2c93-41a0-b204-3d8adb7e0267,Elton José Porfirio,31774632802,eltonporfirio39@gmail.com,14997325002,true,qv_id,false,,false
2830e92a-63d0-46f7-8e9b-3297faefbbd9,,Eduardo Vasconcelos dos Santos Dantas,85640409487,eduardodantas@eduardodantas.adv.br,+5581991621693,false,,false,,true
283ce71a-1c97-42a8-8099-778ee08f5d27,a4105d51-8b4a-471c-b70c-ae6a77e6ee4f,Bruna Rachel Futer Charchat,02486216103,bcharchat@gmail.com,11994432015,true,qv_id,false,,false
284363c4-83d5-4354-a97f-d286baa00475,fd7f6b19-1bed-4a9c-8119-0d45cbebf1cb,Rafael Rodrigues Castillo,44713526878,pastelderafael@gmail.com,11972849403,true,qv_id,false,,false
284e37ee-9000-4aca-87bb-0abf09ddf2a1,,Jader Lucas de Almeida,24642441808,jader@chameleoncomp.com,5511966273281,false,,false,,true
287017ae-b6c2-4198-b015-2b98f3987183,,Andreia Amorim Pessoa,77213289268,andreiapessoa583@gmail.com,+5531997727506,false,,true,cpf,false
28b14e67-7eae-46aa-9614-55ccd34f720d,,Diego Baptista Turquiai Luca,36753778810,diego.turquiai@gmail.com,+5511956396348,true,cpf,false,,false
28d50370-9a22-42bb-b3f6-171a2207f4a1,f4454bd7-4e95-4212-bfc3-7cdd07359c91,Miriam Silvia Schuartz,04201244890,miriam.schuartz@gmail.com,11999859927,true,qv_id,false,,false
29153165-662f-418d-936e-c490a899ce41,34fce6f7-f784-419d-bf39-25ecc5c6fe84,Elton Oshiro,78214432120,trabalhecomelton@gmail.com,67999390534,true,qv_id,false,,false
2932a896-c9eb-4cf9-b634-819c45c0af8a,98ad2528-b019-49e9-b2ca-6710013682ff,Rafael Moreira Lopes,81270712004,rafael@lojaeletromoveis.com,53981155443,true,qv_id,false,,false
294b7c81-2f24-4446-8452-ea212248479b,8b589009-98bc-443d-b6d3-27acf778b414,Luciana Silva,04631043318,luciana.sud30@gmail.com,86988120576,true,qv_id,false,,false
296ba84f-7b13-407b-9e5b-ca949299b9f6,55eddf9f-e784-4428-8e86-55895da6855b,Daniel Correia Cavalcante,87285150134,dcorreiac@gmail.com,+5561998309890,true,qv_id,false,,false
29a084ba-f209-486a-bad1-252a0b6a5940,,Carlos Thomas Brasileiro,88099482620,cathbr@terra.com.br,5534991349368,false,,false,,true
29aba2d2-4dd0-4d98-ba27-4f488ff5177d,75c7f140-935f-478d-b5b5-0b6326f9ab63,Victor Paes Fernandes,08398525762,victorpaes@gmail.com,21982122233,true,qv_id,false,,false
29db17c4-d2d0-4ffb-b2e8-ea01130494c4,a86ecbdb-a110-4460-80a1-0548ace46599,Plínio Augusto Freitas Silveira,30354374087,pliniosilveira@hotmail.com,47988335900,true,qv_id,true,cpf,false
29f60209-74fb-41be-84c7-1e3bec37ba0e,,Andrea Felix Pereira Costa,44620160253,andreafpc0212@gmail.com,+5511965976793,false,,false,,true
29f7a69f-c4a7-40d3-9fd5-77edb6af1d74,5e2fe456-63ba-4960-b7e0-4a0aaef64dbe,Caio Macieira de Almeida Aguilar,03091265501,cmaaguilar@gmail.com,,true,qv_id,false,,false
2a0d479d-49c6-435c-83f9-3c4cf582feab,,Cesar Polisel,56124872820,cesarpolisel@gmail.com,+5512997701300,false,,false,,true
2a2f9cbb-994c-4cb3-bd15-fe40e68c4986,b252ba13-8889-45f7-b7b8-a41224946e0b,Nelson Amado da Costa Pinto,96561025768,nelson-amado@hotmail.com,21999660718,true,qv_id,false,,false
2a528262-f4b0-4309-bf0e-14ca9ed11c9d,d94aa881-5965-4b56-a9ec-b066f8e9faeb,Fábio Souza de Carvalho,78227704204,fscparticipacoes@gmail.com,92984002727,true,qv_id,false,,false
2a79b01f-487d-4d9d-91b3-a19a72db1c77,24b6450e-eab7-4c08-83a7-0d9506bb6dcd,Valéria Pimenta Martins,41984994115,valeriacba59@gmail.com,65999591210,true,qv_id,false,,false
2a79d5c1-b2d5-49ed-8245-b71fb21c5500,acf7ddec-00ec-494c-8367-f4d0a224d759,Fabio Luiz Waechter,47884886049,fabioluizwaechter@gmail.com,51999820201,true,qv_id,false,,false
2a9c9037-efa7-4d35-a17e-bcff6274cfc3,488406cb-11c7-4cdc-a9eb-88be7201b678,Paulo Henrique Knippelberg Pinho,06661630906,paulohkp@gmail.com,+5544999195152,true,qv_id,false,,false
2a9f2560-8c72-4b91-b73c-3d28a061d79a,,Claudemiro de Castro Meira Neto,80678580553,claudemironeto2@yahoo.com,5582982002313,false,,false,,true
2ada9996-477c-4bff-87a3-c11302a9d9de,e8d955df-1b82-42ac-bce2-1ffa0e8297af,Antonio Alisson Nascimento Kerkhoff,95335943220,alissonn32@gmail.com,65999469686,true,qv_id,false,,false
2b0dc4ff-9edf-4544-a617-5bfe635dfce2,,Carlos Jorge Lotfi,05110239878,carlaolotfi@uol.com.br,5511992696000,false,,false,,true
2b21c368-35a6-4666-83b0-49b341549800,0f1030bd-0eec-439d-9b1a-d2fdb0b0ff6f,Raimundo de Sousa e Silva Filho,51161508600,raimundof1@outlook.com,99992278178,true,qv_id,false,,false
2b3e9c03-9842-4769-901e-4b5ae2a7ca48,,Marie Chantal Calil Scholz,09859320829,marie.sa@uol.com.br,+5512997697022,false,,true,cpf,false
2ba108f7-a28b-47f2-814a-40721b083163,,Elisandra Patrícia Scariot Martins,,elisandra.p.s.martins@gmail.com,5546999380668,false,,false,,true
2ba32c79-fe68-45d0-ae6b-5dab818c8d40,,Cláudia Doi Antunes,32448242852,cdantunes@gmail.com,+5519981059009,false,,false,,true
2ba4ec7b-ba88-4dab-8b32-19af9e194d99,,Kattson Sales,,,,false,,false,,true
2bac5350-a0ab-4eb8-8cfc-62b8d1336982,,Ricardo Rodrigues Kanashiro,26609796858,ricardo.kanashiro@gmail.com,+5511982319923,false,,false,,true
2bad94a6-1edd-401c-90c6-b9fbe2ca1064,,Vinicius Gravato Corrêa da Silva,37736838801,viniciusgravato@hotmail.com,+5513997370807,false,,true,cpf,false
2c00b2a0-640d-4f63-b6ef-e04aa657278b,,Franklin Ubirata Machado,01296643085,ofranklinmachado@gmail.com,+5551998834748,false,,true,cpf,false
2c13bf8c-4eb0-4712-94d0-c41444844de5,ff7f8122-242d-425b-b38b-03133da5a0e4,Adair José Rufatto,97450545004,arufatto2@yahoo.com.br,54999837491,true,qv_id,false,,false
2c54c92c-6222-44ff-a598-94f7017351d9,,Cristiana Tavaniello Fortes,02777027803,cristianatavaniello@gmail.com,+5519999032345,false,,true,cpf,false
2c630650-da9c-40d2-9e8d-80bdb11ff7ff,4c4bd7f1-1fc3-4803-89ed-1f0cd5286e8e,Antonio Ricardo Pessoa Fonseca,91163390615,arpfonseca@uol.com.br,21988521296,true,qv_id,false,,false
2c964b79-16d6-45d6-b79b-7b0b67bd45c6,8cf87994-64ef-4e7e-b193-0d9488516194,Augusto Cézar Mendes Pisco Néri,00510442773,acmpneri@gmail.com,+5521999557938,true,qv_id,false,,false
2c9a3e73-51e6-4b56-a959-640bc2010ee2,,Rogerio Leite,41588606104,rogerioleite2007@gmail.com,5565992867474,false,,false,,true
2cc11a41-84d6-49ae-9ddf-18c258674ce6,f8183fc6-fdd5-4458-be13-68fb62f47e4d,Maria Lua Liberato Pereira Castro,10468780424,jorgecastro@reptecnica.com.br,83981375321,true,qv_id,false,,false
2cc166e3-12c5-441b-b4d7-bbe8fa8e372f,,Antônio dos Anjos Brito,02463555572,antoniobrito1@gmail.com,+5571988960120,false,,false,,true
2cce46d4-fa96-43e1-b855-35776c22b795,,Francisco Marcelino de Brito Júnior,05483015495,fmarcelinobjr@gmail.com,+5521997618787,false,,true,cpf,false
2cf3aa37-976a-4115-8488-d45c4f5b849f,d61fe0bb-8e3a-4295-8c3c-98ce9eee56d4,Douglas Araújo,75621975120,douglasaraujo.sharks@gmail.com,62981343787,true,qv_id,false,,false
2d032d9a-63aa-492c-ada2-0beac6ccc3b3,,Paulo Fernando de Carvalho Junior,05739848750,paulofcarvalhojr@gmail.com,+5521972589107,false,,true,cpf,false
2d4af4f9-e0d1-4fad-a743-d71195781eca,,Edson Mitsuo Nishida,26005228838,edmitho@hotmail.com,5511971492223,false,,false,,true
2d5ade9e-db97-42ac-ab79-38815f581f31,,Fabio Arasanz,14052514840,fabio@arasanz.com.br,+5541999840150,false,,false,,true
2da6cbad-286b-4846-8837-c353345d224b,e3da7227-e566-4070-b1ff-fa1bab48e41f,Ana Paula Lara da Silva,18053395830,aplara3010@gmail.com,11983168326,true,qv_id,true,cpf,false
2de2e905-0cea-438e-99af-e4a5b0ca90d4,91c6a1a3-8e95-4805-893e-ffcb5d79125c,Daniel Reis Ribeiro Pires,02299695184,danreisribeiro@gmail.com,64993016272,true,qv_id,false,,false
2de3bfd2-7073-4fea-8615-af4887ae883d,,Luis Filipi Bouyer Bicudo,12515659721,lfbicudo@gmail.com,5521981115773,false,,false,,true
2dfeb3d2-2c1c-4398-976a-ad18716edc69,848bce50-b76b-4128-9907-ba56b9183d11,Antonio Mendes Freitas Segundo,21651332894,a.mendesitj@gmail.com,+5547988077474,true,qv_id,false,,false
2e207746-dcb4-4a0f-9211-0054adf3ed2e,7f2b0bc4-69c8-430d-b074-3a48d1fea241,Bianca Mara Huebes,93826958934,biancamara@gmail.com,48996256669,true,qv_id,false,,false
2e553b1c-8741-4a84-a9ea-201271cb9a3e,,Fernando Koboldt Machado,37466640044,fkoboldt@gmail.com,5551998666168,true,cpf,false,,false
2e574e6c-d7ea-4714-8ae0-608c720cb66a,efe791ca-c7f8-49e9-bee0-28fcdb994c37,Elisandro Modesti,59886145072,elisandromodesti@hotmail.com,49991091313,true,qv_id,false,,false
2e57c91b-4c42-4e1f-a096-f4e9bdc0f5d3,,Fabio Murillo de Oliveira,90557778549,fmurillo2004@gmail.com,+5571996232323,false,,true,cpf,false
2e8caa3a-874e-444b-ac09-4c419b5c7976,a977153d-88df-4a2b-835a-b6fdcacb25e8,Juliano de Magalhaes,04460114607,julianoglt@gmail.com,31987513459,true,qv_id,false,,false
2e902005-10e3-45eb-8511-3e55930b33df,dfe4138c-0cde-4577-831d-cc0b03ccfe1c,João Marcos de Souza Corrêa,44331138836,eng.jmscorrea@gmail.com,14997814088,true,qv_id,false,,false
2eb36cb5-33da-45a4-aba3-45a3de305629,15a3828b-0b11-40b6-99ae-546c20071751,Mica Noda,22099830886,micanoda@gmail.com,+5511999097324,true,qv_id,false,,false
2ece279d-3da9-4d94-b571-fbbcc1a972c1,aa381089-9f6c-4e37-aaac-5037657d9b93,Marcia Fernanda Menin da Silva,62043137972,marcia.menin@clinilive.com.br,44999785555,true,qv_id,false,,false
2f02897e-7852-4126-8674-0583e1927709,d878ae1d-28a1-4695-8abf-1f0f8e0a5d1c,Charles Abdom da Fonseca,07612879654,charles@vemserglobal.com.br,31973103003,true,qv_id,false,,false
2f5d43de-27aa-4664-8cd6-521ad21a43c6,1d035b8c-af36-4bdd-8bc2-cd1bc84f74e0,Edilaine Polli,13412065803,dra.edilainepolli.26@gmail.com,14997126766,true,qv_id,false,,false
2f6cbde3-5dc8-4bf2-b131-9b22e28214da,cc4e2288-50d1-49b0-ad62-7cdeefb386a4,Herman Luiz Perez Rivero,27569202821,hermanperez@hotmail.com,+5511980579792,true,qv_id,false,,false
2f94245c-6502-4cb7-9d59-82639a9a8e80,46ea04f8-7909-4192-8a64-f82736c545bc,Fernanda Aretuza Oliveira Barbosa,04612262603,nandaretuza23@hotmail.com,31992880822,true,qv_id,false,,false
2f9d4a6c-15ae-4c95-91e1-8d8df94f0b66,,Jose Luiz Masini,06042553810,jmasini@me.com,+5511981512255,false,,true,cpf,false
2fa8e548-3882-4689-9129-a7e3594c82a2,,Lenoir Hoehn,98639510997,lenoirh66@gmail.com,+5549998234240,false,,true,cpf,false
2fd73e0b-c81d-495a-83c2-9adba4dfeb0e,,Rodrigo Candido de Abreu,29700427897,rabreu1900@gmail.com,5511937000647,false,,false,,true
300644ea-6218-4fc1-8f7d-3505b00681c5,,Marcelo Martins,33442621812,mnozima@gmail.com,5511981686823,false,,false,,true
300e79c6-88e7-4932-ab53-26a3eacc0652,,Rômulo Chaves Wanderley Neto,45521840400,romulo@rwca.com.br,+5584999876414,false,,false,,true
30215bca-9621-4d5f-80bc-8db6fd2c8eab,,Pamela Viana e Silva,09476548606,pamela_mtv@hotmail.com,+5538999262996,false,,true,cpf,false
302362a5-f038-4bb3-b011-b69c9371533e,,Augusto Eduardo Goncalves Walter,67887414091,augustow51@gmail.com,5541987886118,true,cpf,true,cpf,false
303307a2-c117-4006-bc4b-0d3dbea34a0e,,Saulo Lourenço Siqueira,05780459746,saulosiqueiramed@gmail.com,21993124949,true,cpf,false,,false
30502ab7-7f56-4469-a6db-bdf2785bc4a9,,Henrique Bruno Damasceno Pessoa,04407072423,hbrunodp@gmail.com,+5565999117690,false,,true,cpf,false
3058f114-db20-4f0e-99a2-1f8358d89eb6,,Anderson Souza Braga,21304777553,anderson.braga@cettps.com.br,+5571981828103,false,,true,cpf,false
3065f8ae-6cec-4788-9e15-af96d1a429ee,eaafb630-53b4-44b5-a69f-262b8c6e9702,Enilson Sabino da Silva,45970483400,enilson64@hotmail.com,81991748811,true,qv_id,false,,false
308936d0-946c-4c46-9331-ef81406f7b0a,03854f9e-973c-49b0-9e63-da0631bb3812,Alexandre Pinto de Queiroz,02602355712,alexpetropq@gmail.com,+5522998144076,true,qv_id,false,,false
3103071a-99b0-4db6-aa7b-b6e8ad6876d6,,Fábio Guimarães Pinto Guinancio,01565625706,fabio.comtrol@gmail.com,+5521997594554,true,cpf,false,,false
310ccbbf-97ba-4552-8ab8-a2e230a9b33f,,Fabian Ramos Jardim,69291128015,fabianramos727@hotmail.com,+5548999613101,false,,true,cpf,false
314cf422-9e7c-4088-a49d-698f5689a3db,dcfc0441-9f30-42df-9e97-7b4e85176029,Yuri Duretti Pinho,06137434664,yuriduretti@gmail.com,31994565164,true,qv_id,false,,false
31a8b23c-fc8d-49d2-bd5f-f710374365f9,5876bd06-253e-40dc-9729-1d0471ded3b0,Magda Pereira Machado,02127228910,magdapereiramiranda46512@gmail.com,43984355610,true,qv_id,false,,false
31af2c37-4980-4dbf-8ba6-fcccd95165c1,31910cf9-d786-4f48-95bb-3deeae3dfc4a,Marcello Joppert Antunes,03666189709,mja200214@gmail.com,92984111209,true,qv_id,false,,false
31d2aa6a-e99a-4097-a1e8-c367b14e334d,,Isabela Bezri Pennini,07525704635,isabelapennini@gmail.com,5521997621996,true,cpf,false,,false
321a459f-dfc7-4d59-b02c-e935c13d020b,71c9f2b3-cca9-4096-89ae-a349f90cb500,Rodrigo Carvalho Turatti,40300586809,roturatti@hotmail.com,11985556306,true,qv_id,false,,false
329e19dc-07e6-4443-b34f-81089c9a6230,,Jêmede Duarte Valença,03990652451,jemededv@yahoo.com.br,+5581991093415,false,,true,cpf,false
32e2bac9-af3d-43e0-bd93-8ee5e75b34c9,,Jorge Henrique Pereira Lacerda,42889788822,ojorgeacala@gmail.com,+5517996141842,false,,true,cpf,false
32ea0411-7dfe-4585-ae82-34022e020196,d0d065bb-27b7-4017-81cf-d6edf53a29e7,Raimundo de Lima Neto,04637008301,netomister@gmail.com,85988713006,true,qv_id,false,,false
3329bda4-84af-4ea0-8864-0bdf10e54d20,58ac9c8f-90e6-401e-8a43-3543efce3013,Adriana Santana Toro Batista,25381081871,adrianasantanatoro@icloud.com,11985247761,true,qv_id,false,,false
334409a6-0a6b-4e47-8f26-da57a005c1ad,,Gabriel Barros,03550252307,gabriel@assessoriacrab.com.br,+5585986514449,false,,true,cpf,false
3349d0b6-8fbe-447f-83ed-dd49eeddf1ee,,Jose Augusto Pinheiro Sperandio,36043079968,sperandio@uel.br,+5543999377727,false,,true,cpf,false
336996c6-c4b9-42bc-ab66-f34912910e4b,94fc9225-1467-4c7f-95de-79805161c586,Dorival Ricci Junior,80928595900,ricci.jr.drj@gmail.com,+5544991427140,true,qv_id,false,,false
336f3a64-6a6f-43fc-9e08-b831d9e26be6,1e98b832-dc53-42aa-8953-757b22856778,Dermeval Farias Gomes Filho,93743670500,dermevalfarias@gmail.com,61992984505,true,qv_id,false,,false
338f7a09-d30f-4933-b6da-036748743132,,Michel Francisco Nagme Rachid Costa,08069209631,michelfnrc@gmail.com,+5519988447306,false,,true,cpf,false
33b6c3f7-e6f9-45ba-a6c0-ce80d97f92a8,,Marcela Mariani Lopes Soares Mocellin,36849185802,mama_ls@hotmail.com,5512981294804,false,,false,,true
33cb0d8a-1273-47d8-8bb5-71dfb19549fa,c595ef42-0ab0-4017-b3a6-c4d555c3acee,Geiffer Matiello,00397049129,geiffer@gmail.com,65984449822,true,qv_id,false,,false
34167265-0061-4443-b631-9e0d60d1229d,,Joalicio de Almeida Honório Junior,76017095404,joaliciojunior@gmail.com,+5583996645000,false,,true,cpf,false
344b2145-f774-4895-9bf5-3c3b59866a59,4c08dc99-7fdb-4d48-bca4-8c1f31f479be,Rodrigo Pereira de Almeida,32872919805,rodrigo@portofinodecor.com.br,18997322962,true,qv_id,false,,false
34538219-029b-4bb2-803e-35a096ee06e9,,Márcia Souza da Silveira,42557186287,silveiramarcia589@gmail.com,+5591981359933,false,,true,cpf,false
34a3aede-572f-418a-9c49-7f077f85d30e,8f75f7ee-1f2f-4405-9917-1518f28e0834,Danielli Bastiani Rodrigues,93310455149,daniellibr@gmail.com,67992348768,true,qv_id,false,,false
34c386bc-f7b0-4b09-ba21-82eae5286f63,,Thiago Albuquerque Fernandes,06506057483,thiagofernandes.taf@gmail.com,+5581991614491,false,,true,cpf,false
34d31428-217a-478d-8834-f1a6c349d183,63dfe8c3-7ae8-4eec-8d5d-3e8b1f05b9aa,Denise D'avila Búrigo,06249564900,denised_avila@hotmail.com,48991692619,true,qv_id,false,,false
3512470d-5657-45bc-827b-9a39d7644a9c,,Aline Martins e Jonas Carvalho,,alinemartinsgoncalves@yahoo.com.br,553388652727,false,,false,,true
35416b23-c9ed-4fd6-a2d3-a679ae418dc7,,Evilásio Leobino da Silva Júnior,02710674467,evilasioleobino@gmail.com,+5585992194421,false,,true,cpf,false
3567ad73-c8e3-4832-8141-cfc6a44c22ae,,Pedro Paulo Pinheiro Busatto,01285248120,pppbusatto@gmail.com,+5594981522200,false,,true,cpf,false
356e1b49-143d-49db-a181-9c8223234d2c,,Eduardo Baldoino da Costa,83703411287,eduardobaldoino@gmail.com,+5592991624261,false,,true,cpf,false
35723d38-d06f-49b9-9796-d0ca4b9830bb,2dc9b01b-a2b1-4136-a525-2cccf822632e,Eduardo Spadaro,26383340816,eduardospadaro76@gmail.com,11999092752,true,qv_id,false,,false
3577699a-8d43-4a8b-b81a-e3e23400946b,c5981536-89fa-42f1-a408-4d81c3f94970,Gabriel de Abreu Pinto,08003022738,gabreupinto@gmail.com,+5521993630534,true,qv_id,false,,false
35884149-2ebf-4662-9a80-c18851a08ecd,34e095b1-e9f7-4f33-82b3-ecc7fb42f28b,Gercino Julio de Mesquita,39862704187,mesquita@garradistribuicao.com.br,61992964241,true,qv_id,false,,false
35b044c2-4669-4645-8a35-5f06fe20eb04,08b5683f-c0aa-4c4b-bce1-670f03f4557c,Paula Costa,05147011889,paulacostabr@gmail.com,19999492127,true,qv_id,false,,false
35e78c48-60f1-4ec9-ad49-4cd5da1bd6ed,,Luciana Morais Canavieira,72067179268,lucianamcanavieira@gmail.com,+5511915148024,false,,true,cpf,false
3629657c-c814-491d-81ac-b90d6f81f6b7,,Vitor Fernandes Gonçalves,34074112191,vitorfg@live.com,+5561991856484,false,,true,cpf,false
3645aa1b-828f-4d2d-9581-67422f0619fa,0e55439e-7c81-4e77-a380-956f3d1f6561,Fabiano Mendes Rocha Pelloso,28182823811,fabianomrbsb@gmail.com,39351778562,true,qv_id,false,,false
3646df26-04c3-411f-aa8b-e3e8461a53ac,,Guilherme Pereira de Oliveira,10686277600,guilherme.pereira.oliveira@hotmail.com,34992488649,true,cpf,false,,false
36539982-6546-4600-b78e-617dabe3a09d,,Gisele Tanaka Shinzato,09848753877,giselesh@uol.com.br,+5512991456710,false,,true,cpf,false
3667ceb8-8795-473d-845e-e1dbd35c851d,715d42c9-edb6-470b-8ae8-acadc4187e4f,Masda Cristina de Andrade Souza,05094266462,masdasouza@hotmail.com,+5581997423500,true,qv_id,false,,false
36739355-3e2a-4791-a02d-88d27b833ee7,e5dd8034-72a5-4f8b-b20b-46805e47cdca,Marcelo Ceneviva Pian,33928522876,marcelocp@gmail.com,+5519992663550,true,qv_id,false,,false
36e33d8d-a12b-42e2-84fc-8088c22e3142,,Ruy Tamoyo Vendas Rodrigues Júnior,01010904710,ruyvendasrodrigues@gmail.com,+5521998066467,false,,true,cpf,false
37166bd9-7b3a-48bd-9898-383ba8afe976,,Daniel Pereira de Andrade,,danielp@cardiol.br,553788160489,false,,false,,true
371e3e74-456d-4e7c-8f3b-7dedb944d83a,,Victor Hugo João,,vihujo@gmail.com,5521973781307,false,,false,,true
372e4d1d-31b2-4fad-bb09-4ffe764384ee,93ca8449-4edf-4081-9284-88e3c98de8cb,Flavia Lara Gomes Zapf,03407872607,flavialarabh@gmail.com,31991233644,true,qv_id,false,,false
373b5742-4906-4cba-8505-db5ab7a93796,748a81ae-386c-4c23-8302-e5ffb58ed448,Ralf Berger,00706653971,ralfberger_@hotmail.com,42991516496,true,qv_id,false,,false
374bdb2f-e42e-4e2e-9080-9b54de65ccee,,Gislaine Rodrigues,08006681899,gislainema@terra.com.br,+5511981150475,false,,true,cpf,false
376b5dc7-1060-4157-9afc-de57174aa884,,Agustin Mariojouls Carozo,06223018533,agulenin@gmail.com,+5573991376324,false,,true,cpf,false
377a5a6c-414e-4dbf-ad4c-4e4ebc13b8cf,,Rian Alarcão,13324719780,rianrj@hotmail.com,5521999279269,false,,false,,true
37995f06-b331-491c-a3ff-76869a3f725d,,Juliana Almeida Rezende Campos e Joao Vitor Medrado Nascimento,,jucampos3@hotmail.com,5571992572151,false,,false,,true
379ffdfd-6372-45d8-b803-ae076ab9acb1,,Ricardo Suarez Castedo,22172390828,rcastedo@gmail.com,5519996250973,false,,false,,true
37aab665-58aa-40d1-8012-99752ce8a99e,,Marcus Vinicius Pinheiro Reis,10292106670,mvpr.sfcm@gmail.com,5592982784860,false,,false,,true
37f15e2e-53c9-449f-bbbd-122aa1e6f6f5,,Claudia Maria de Medeiros Câmara,,c.68camara@gmail.com,5532984026475,false,,false,,true
37f5d2cc-029e-45d9-a654-1cf9b07a7196,,Priscila Torres Villar,32238137807,pri.villar@gmail.com,+5511994835054,false,,true,cpf,false
380ac46a-cc90-4026-94d4-18183ec5a852,,Márcio Naysinger Ebling,94410445049,marcionaysinger@gmail.com,+5551996356907,false,,true,cpf,false
3860cdfa-aa8b-4904-90ca-37e67d03dbd5,4137615c-94ce-4e26-a327-c9bf2e2a3d25,Alcides Cavasini Neto,29602799803,netocavasini@gmail.com,14982182773,true,qv_id,false,,false
38873105-33de-470b-9fbd-516ace02fece,,Ingred Balasa,28473623800,ibalasa@hotmail.com,5511964624666,true,cpf,false,,false
38a42480-29fc-4d1b-94ce-4eaf1ceb6304,7bd4061f-cb35-4561-a64d-e0fa1fc45f2b,Henrique Loffreda,38986128802,henrique.loffreda@gmail.com,+5511998182181,true,qv_id,false,,false
38bbb7b4-a97b-47c9-8f16-942c5967fe07,,André Farinelli Lima Brito,03192882697,alimabrito@gmail.com,+5512997777879,false,,true,cpf,false
38d9bc90-879a-4c99-a926-179dd8ade146,3cca1545-4215-4d80-9bee-f143bda9e28b,Bianca Assone Rodrigues,44651811833,biaassone@gmail.com,11942810756,true,qv_id,false,,false
38e29943-c013-44f3-aaa5-b3bc01d2f490,91b5d099-7a45-4130-9bf9-86377c4e6104,Vanessa Cristine Marcondes Espindola,37154971819,vcmespindola@gmail.com,12981702170,true,qv_id,false,,false
38ea9856-eaf1-4756-88cb-e4c2dbe14f92,3b9487bc-c76c-4c5b-bc2d-eb8ea0217705,Marcio Yukihiro Mikami,70973172134,marciomikami@gmail.com,61999657340,true,qv_id,false,,false
38f67ce2-e943-46f9-8e50-12c58f1f714f,,Armando Luiz Fernandes Filho,11640471758,armandoluizfernandesfilho@gmail.com,5566999864860,false,,false,,true
3941c8aa-d500-452a-85b7-1907555b3246,2c4272e7-f5d8-4607-bf2b-a0e266c29e48,Carlos Eduardo Gomes Sa Quirino Lima Ramos,00807333441,dr.caduquirino@gmail.com,87988167779,true,qv_id,false,,false
399a67f9-6971-464c-a147-838272fa35f7,,Cindy Camargo Ferreira,38267627898,cf.cindy@hotmail.com,5512988040202,false,,false,,true
39b2c6a5-1050-4f8a-a6fd-d5aa29b522a4,ffb7c534-23b7-4b55-8180-90ca43712c45,Claudia Maria Bandeira,60891602100,claudiabandeiramoreti@gmail.com,67999079334,true,qv_id,false,,false
39d39ce5-8148-47ec-b82d-21e40b27c1e4,f10c0c94-50e9-42e3-a4b7-cb331641cf59,Lucélia Pitombeira Barreto,93193998168,luceliabarreto@yahoo.com.br,61999441785,true,qv_id,false,,false
3a04144b-d76c-4edb-8c76-e27f1c7f3841,,Bruno Suffredini,01885725540,brunosuffredini@gmail.com,5571997248711,false,,false,,true
3a14e68b-8438-49c4-84ac-ab2a5332a072,,Ana Paula Flores Marotte,03585861784,anamarotte@gmail.com,+5521994653105,true,cpf,false,,false
3a569314-7e46-46e8-ba7c-24811d92de91,4af2605c-81d7-4cac-9eae-3d6db150d771,Marina Machado Ferreira Veauvy,39958722801,macmarina@gmail.com,19974204119,true,qv_id,false,,false
3ab3f183-d4cf-4eca-8fe2-8fc958d60892,d28053aa-549b-49bf-bd02-bb12eb009405,Fabricio Pimentel Fonseca,00100158099,fpfonsecas@gmail.com,51984006550,true,qv_id,false,,false
3ac8a377-6353-41f5-801a-0b15b5c9adba,bce4545a-7705-4369-bd19-9d753b475b0e,Felipe Canale Fruet,03896651005,fefofruet@gmail.com,+5554999343139,true,qv_id,false,,false
3adeb6d2-d648-4430-9c1b-56d714b37dfe,,Annik Iracema Rosa da Silva,22142468861,annik.silva@keepthefuture.com.br,+5511981495873,true,cpf,false,,false
3b1365e8-8bbc-4ee9-9cdb-17759b6a27ed,0b938724-5d3c-44fc-b0ad-bdfa8bd27cf3,Maria do Perpetuo Socorro a Sabbá Guimarães,08602336268,socorrosabba@terra.com.br,+5591981569322,true,qv_id,false,,false
3b24658f-f7a8-4890-b562-76ce5dad7dbd,,Jucelino Dutra Luz,77595025591,jucelinoluz@gmail.com,+5577988223288,false,,true,cpf,false
3b24bf90-025e-4639-8a58-938384ad4398,265bb56c-b8fb-4562-89c6-58aa1cea1f62,Thomas Marinho Wolf,03395273903,thomaswolf@terra.com.br,41999338310,true,qv_id,false,,false
3b333d53-212e-473d-a85a-7973a338def2,,Marcelo Urio,03327419906,marcelourio@hotmail.com,554791709060,false,,false,,true
3b593f5f-3392-478d-88a2-e575ea6fc6f1,,Guido Williams Chavez Heredia,70180848143,guidowch@gmail.com,+5599982095251,false,,true,cpf,false
3b780332-0921-40ab-982d-a5506776df1a,,Luiz Burlamaqui de Mello Neto,75905396604,louisbur@gmail.com,+5531971197555,false,,true,cpf,false
3b7a8205-7b45-473f-aa73-b01208b2c1da,,Roberto Borovik,21453108866,boroxis@gmail.com,+5593991229643,false,,false,,true
3b9fe517-110e-410c-a6ac-d8d5509837aa,,Júlio Cesar Silva da Paz,,julio_30paz@hotmail.com,5511985699188,true,email,false,,false
3bd0cfaa-a3b9-491b-8bc1-2e1eee2250a5,1984b53f-caf6-49f3-b090-53f96079d7e9,Elaine Maria Pick,02280966930,epick2013@gmail.com,+5551992905845,true,qv_id,false,,false
3bd1f9eb-9e55-4524-9553-53205c630715,,Rafael Quintanilha,21288090889,rafaelquintanilhapt@gmail.com,+5547992331088,false,,true,cpf,false
3bd71fd0-234b-46ac-8d85-33479735cabd,b67e2ad1-facc-495c-85ea-64259e0a86cc,Vitor de Oliveira Braga,12777459606,vitor.abreubragaadv@gmail.com,38999979060,true,qv_id,false,,false
3c1e8b06-7906-4c67-b9c1-cb1c586396e5,7b3c58f8-b2ed-41b0-96cf-f3acb1facc89,Ricardo Marcelo Jacob Noronha,54509874120,rmjnoronha@yahoo.com.br,65999730021,true,qv_id,false,,false
3c24b826-e48c-4075-96de-abb46756d419,070f95c5-b40e-481f-948c-e40a7d7ae7bc,Marcos Eduardo Ticianel Paccola,97501883149,marcospaccola@gmail.com,65999731187,true,qv_id,false,,false
3c2b3cb9-e009-4388-8bb5-84bfd65beccc,0b89d604-0e99-440f-9842-fda1d2876a4c,Roberto Almeida Rego de Souza,02733767569,almeidarsouza@gmail.com,73998361144,true,qv_id,false,,false
3c41f366-7c13-445a-aaef-3503460f1e08,8c43f745-92ec-4351-b26e-70bfbc366dc5,Fernando Fernandes Guimarães,01244731641,fernandofernandesg@hotmail.com,31991716030,true,qv_id,false,,false
3c48bb1a-7775-4381-b545-6da0bf52abd9,,Ricardo Fonseca,88727882500,ricardorfonseca25@gmail.com,5571996603089,false,,false,,true
3c55eb47-3d13-45f1-84fe-52ed2067b5de,,Andre Fernando Flores Dias,32079517830,andreffdias@hotmail.com,+5511942769092,false,,true,cpf,false
3cb180da-b0fc-4bdd-9875-f4341f87b302,,Márcio Mágno Macedo de Azevedo,70220164452,marciommacedo1@gmail.com,558388609437,false,,false,,true
3d1c20d2-b844-4434-828c-e0c57fa979c4,,Elias de Souza Borges,57952230263,elias.apui@hotmail.com,+5597991803672,false,,true,cpf,false
3d36722c-43ad-4faa-9660-d24e3fcac8b5,,Fabricio César Sachetto Nunes,28141944886,nunes.fabricio@gmail.com,+5511976425152,false,,true,cpf,false
3d5f83f9-f0e3-4feb-a97b-b9f12f0469bf,6b6c1bae-4813-4a9f-ace7-7e52d3157a63,Eduardo Kindel,52428842900,eduardokindel@gmail.com,51999198557,true,qv_id,false,,false
3d806413-c29d-4653-af38-932dc237d853,,Gabriel Rebuli Correa,12833786719,gabriel.rebuli@hotmail.com,+5527981284317,false,,true,cpf,false
3d9a48fd-30ab-45ad-87f3-cbe2f44ca6e3,,Ricardo Mendonça Falcão,06223020864,ricardohawk@hotmail.com,+5511984431842,false,,true,cpf,false
3da02110-2def-4d19-a214-1383977ebcfa,91fa305d-443a-4d17-a0dd-3857edd8b2e2,Marcos Piovezan Fernandes,00479906602,marcospiovezanfernandes@yahoo.com,38992126611,true,qv_id,false,,false
3da37fd8-97ab-4d23-872b-fcf051798d81,cd808a0d-1d8a-4b1b-a145-56107ef29777,Rodrigo Pereira,08778364426,rp020890@gmail.com,84999215183,true,qv_id,false,,false
3df828b6-4ffe-4617-a11e-ea35bb740136,,Ana Claudia Silveira Camargo,,anacamargo@hotmail.com,,true,email,false,,false
3dfe0a9d-d57b-4a0b-a6e9-8ea033a4a801,,Maria Del Pilar,44375573520,,5571999789803,false,,false,,true
3e1f8d4d-4844-4693-b81a-a6820cd7ca4b,,Sandrine Moura,04570297498,m.sandrine@gmail.com,+5511987564514,false,,true,cpf,false
3e39972f-cfc6-4034-8d58-a3460cdd7324,d7a4affa-5e2f-43b3-b7f9-8bdef34692db,Thales Bravo Marques Rizzo,05304743440,thalesrizzo@hotmail.com,87981579697,true,qv_id,false,,false
3e486f5e-40b4-4157-a726-58e117635ca6,6192c497-f929-4475-b4f9-ba0832df2c8c,Bruno Brum Barreto,01224986075,ombrobarreto@gmail.com,+5551996115402,true,qv_id,false,,false
3e6e15e8-5a06-40e5-96e8-fb1af9864d9c,b8f8d983-0760-41ca-b44a-8542508e33eb,Jair Formigari Neto,34799070835,jformigarin@hotmail.com,,true,qv_id,false,,false
3e6f20db-3795-487d-a29d-7b0f68a61d05,2c04e74a-3e90-401a-908e-0111c36e94ea,Liana Raquel Pascoal,06035635628,lianapascoal@hotmail.com,61981237252,true,qv_id,false,,false
3e9d3fd2-a19a-4a1b-b199-c294197ad555,,Lenuir Kniss,81216726949,lenuirkn@gmail.com,5547991817314,true,cpf,false,,false
3ea469c1-e7db-4601-b44a-5c08ad3ee42e,,Paulo Fernando Mesquita de Carvalho,75239523649,paulofernando@implanteperio.com.br,5535984278125,false,,false,,true
3ec83343-a645-463d-8b7a-d71c1844c5f7,,Tatiana Maia Pereira do Nascimento,02546367722,tatiana.maia76@gmail.com,+5521999668260,true,cpf,false,,false
3edf226e-aadb-456f-9e49-e780197d52d4,,Ricardo Villela Prado,32207320898,rivprado@gmail.com,5516991657147,false,,false,,true
3f1083bf-ac2e-4d79-bc40-ec6aa31a75be,efd9d23e-5f87-4fe5-8862-842e767346fe,Vinicius Alves Cavalieri,39585316870,vinicavalieri@gmail.com,11967045184,true,qv_id,false,,false
3f7a6689-2f22-4fd0-be10-50617b0e30dd,,Alejandro Lusardo Bo,78224934004,alejandrolusardo@hotmail.com,+5585981460424,false,,true,cpf,false
3f884101-ecf8-4193-b466-f3897c116303,079a755c-c8a6-4614-ad75-e9988de48bcf,Alice Castor Caparelli,07882590754,alicecastor@hotmail.com,21981393019,true,qv_id,false,,false
40093152-73a3-4c68-bafd-eda82f05a42d,,Wellington de Oliveira Barros Júnior,07680168784,wbarros@hotmail.com,+5521987262519,false,,true,cpf,false
40240fa4-1a2c-45dd-b81a-8975cf384b5f,,Elisson Antonio Francelino dos Santos,90771214120,elisson.antonio@yahoo.com.br,5567996960999,true,cpf,false,,false
4024756e-b0b3-4834-ba22-5ef2cab3977c,c6575943-b7d1-439d-b7ae-8e2d139aac33,Dezemir Humberto Bonesconto,22573813860,geotop.ltd@gmail.com,17997322030,true,qv_id,false,,false
40498d6c-5d98-4b2e-a8da-2e95ae8ebcbe,,Joel Machado Martins Braga,11608578658,joelmachado11@yahoo.com.br,31971574450,false,,false,,true
40573f5c-eea5-42ae-b4ed-3de7b2697177,b0775c6e-491a-4678-9111-88d29d824610,Ana Paula Guillera Pereira,89137868772,drapguillera@gmail.com,21990645511,true,qv_id,false,,false
40638b44-4318-4974-8c89-e7e237552933,e389a757-87d1-4084-a881-2fd745a9d076,Gabriele Dias Oliveira,66839041115,gabriele.oliveira@icloud.com,61998190888,true,qv_id,false,,false
40718c82-cf41-4931-ac09-44b616fa4954,,Cristiano de Freitas Gomes,01997016796,cfgomes10@terra.com.br,+5511982770800,false,,true,cpf,false
40da0b4a-ea49-454c-8559-2720a5646453,,Mariana Couto Silva Lemos,,marianacouto_s@hotmail.com,5537999653083,false,,false,,true
416a1cf1-c4e4-4322-840b-ee194ff8c926,9dd27da5-d67c-457f-bc07-0c4c6a190d68,José Carlos Leite Rodrigues,46757651491,cassia@intercambiojpa.com.br,83993821269,true,qv_id,false,,false
4189d902-70e3-4475-8ea5-257f7388b5eb,56f0220f-159e-40f9-bf68-f1fa1c979b73,Ramon Suassuna dos Santos,60453434339,ramonsantos100@hotmail.com,61993238667,true,qv_id,false,,false
419eaa93-77df-4518-a3a1-0b8f4160b195,,Jose Felipe Brabo Pastana,37389688734,felipe.pastana1@outlook.com,5521982448888,false,,false,,true
41a78699-7ac9-4544-abec-2259f88a0aed,cfa8f823-4559-4cea-be8a-6c8eefbe4f3b,Jefferson Taboada Mathias,19753090811,taboada_4@hotmail.com,13996061058,true,qv_id,false,,false
41ac86ce-cf61-40f5-9b85-3acfb87eadb2,34e7e41b-79de-481a-b9f3-4261a5e00f8d,Marcos Guadrini Gardenal,07585300808,mg@marcosgardenal.com.br,11996385269,true,qv_id,false,,false
42178ab8-6cd2-4bc7-a79f-bef575c61ac6,eee24c0c-f279-4955-a7bb-936df3ed43dc,Adriana Mostardeiro Salvany,97092800072,asalvany@outlook.com,11972047899,true,qv_id,false,,false
421de633-162e-4c9a-b027-405c1a75939e,,Claudia Franco Junqueira,28775371880,clojunqueira@hotmail.com,+5516997101015,false,,true,cpf,false
42520ebe-9f89-412c-95c6-e07b4c937675,abaae146-dee1-4ff2-8de8-36648ce13e41,Felipe Tadeu da Silva,26537767822,ftadeusilva@gmail.com,+5512992174020,true,qv_id,false,,false
4257447b-224a-4619-a4a3-346f7d9ea311,,Wagner Ferreira Nunes,12393040803,wfnunes@hotmail.com,5511989327267,true,cpf,false,,false
42880dee-8873-471d-bd71-4d876a760a8f,,Leônidas Paulino da Silva,09449403660,leo1.1@hotmail.com,+5533984162801,false,,true,cpf,false
4295ad72-3c65-4374-a76d-559fc2f3d345,6d2d944f-3c3a-45f3-9449-35d28045803b,José Eduardo Ribeiro Copello,19620896572,eduardo.copello61@gmail.com,+5571981326208,true,qv_id,false,,false
42a64ab7-e43d-46ba-9fcc-3c8b37bc8814,,Marcelo Vieira Molinaroli Filho,13511988748,marcelofilho@tododiatop.com.br,28999859508,false,,false,,true
4304eb2c-d90b-4e3d-a550-58ede748250a,,Pedro Seixas Trani,32759945812,djtrani@gmail.com,5511982804851,false,,false,,true
43165c01-eb1e-46bb-a947-c75f5c205da0,,João Victor Ramires Guimarães Brito,10600074609,jramiresbrito@gmail.com,+5531936185331,false,,true,cpf,false
432f5c85-5701-4329-8edf-682b9347bd5f,52ded71c-a512-48d8-9f48-8d8e8c363bcd,Cristiano de Sousa Paes Landim,75630745387,cristianolandim@gmail.com,89981108797,true,qv_id,false,,false
433073c5-7856-49ec-a594-09145eeacb6d,,Natan de Araujo Aragão,17172974719,ntaragao@gmail.com,5521998849533,false,,false,,true
434fb7ea-fd24-4aa1-97e0-2b8337d09632,3d1fe9df-90c7-4133-bff8-214b464ab30d,Guilherme Henrique Fernandes Pacheco,01707314136,guilhermehfpacheco@gmail.com,+5517996369192,true,qv_id,false,,false
4363b3c1-c8f6-495c-82dd-67f87c23a007,4cbcbbe0-0942-4198-93c2-5538698820e4,Edson Tadayoshi Honma,02826850903,ehonma@gmail.com,47988054690,true,qv_id,false,,false
4369493f-2da8-469a-9e17-aa824fb9ded9,86f45fb4-9a30-4107-927a-2b6dbc2d4b98,Pedro Henrique de Mello Zumpano,08397706690,pedro@zumpano.com.br,31993081120,true,qv_id,false,,false
439016f7-dd62-4778-b1dd-b18d0207db8a,,José Walter de Araújo Neto,61938408349,araujojosewalter@gmail.com,88988283677,false,,false,,true
43ea89ad-0793-4809-b49f-8d08038b2ed0,,Allessandro de Luccianno Fanchin,07073962984,allessandrode@gmail.com,+5541997027807,false,,true,cpf,false
440ff599-bef0-4d52-8356-47e20e24762c,,Elisabete Laurindo de Souza,55176496968,betelaurindo67@gmail.com,+5547999879158,false,,true,cpf,false
4418f85f-de9d-4b03-879f-6802a7bfa379,,Kleber Queiroz Tobias,72683708653,kleberqt@bol.com.br,+5566999950269,false,,true,cpf,false
441b4325-b88c-4bac-9086-30776f8046b0,,Vilhiam Herzer dos Santos,81933487020,vilhiam@yahoo.com.br,5551981792156,true,cpf,false,,false
44385269-743f-4ebc-9aa6-812fb10feb3a,,Cibele Alves de Carvalho,68010508691,cibeleradiologia@gmail.com,5531999516065,false,,false,,true
4453d008-1c69-49dc-8cf7-b616dc2ad5b3,d7313df9-21e3-4ce3-9c99-0ee9ca0cf31b,Leonardo Gomes de Oliveira,91038731968,leonardo@lhgcapital.com.br,48988180606,true,qv_id,false,,false
447fe1e5-c3ad-43a8-a240-f855fdeb5f3d,6ee3e415-3f50-4f11-bcc5-4b519ac6aee5,Andreas Roberto Saller,15195950857,andreas.saller@770volts.com.br,+5511981454045,true,qv_id,false,,false
44a7b0e8-5abe-4407-8a1a-c61c19f4072b,fc956154-36e1-45e5-8d40-fffb5dca5004,Heráclito Dantas de Miranda Neto,00959307524,heraclito.dantas@apextecnologia.com.br,94991398911,true,qv_id,false,,false
44c390e1-1c27-42f6-923c-f48011714441,77955a3b-118b-4104-bdfb-9221cc518a7c,Tatiana Lima Bezerra,78912091387,tatianalimabezerra@hotmail.com,85981661348,true,qv_id,false,,false
4511c0d9-7759-432f-8825-cd20401ccf6b,b9751184-6df6-4dc9-81c8-54503e139179,Tiago Enrique dos Santos Rodrigues e Silva,03095515952,tiago.enrique1980@gmail.com,41997131691,true,qv_id,false,,false
451716d7-0ff7-413b-97f7-580efd295b63,,Sandra Georges Sleiman,48046183172,sgsleiman@hotmail.com,+5567999821503,false,,true,cpf,false
455af1a9-d25d-48ea-b778-ae78da97e064,4f8b8c94-441f-4121-bbd0-10cdd752031b,Ademar Ferreira Claudino,04666529683,ademar.f.claudino@outlook.com,34992731294,true,qv_id,false,,false
45687f7d-c4fc-4043-a30a-5089f7d04248,,Thiago Silverio,21891910841,thiag.o@terra.com.br,5511984085253,false,,false,,true
456942ad-d594-4187-a670-b7f874204fa7,892db52a-62fc-40ba-b6c7-473b8bd5e66c,William Luiz Chisté,08799686724,williamchiste@yahoo.com.br,21971934912,true,qv_id,false,,false
45940a9d-0cf7-4de6-990d-b1344b3ce1f0,,Márcia Rejane Andrade Marques,03401086499,marcia241201@gmail.com,64999686161,true,cpf,false,,false
459d3be4-1a51-4562-b2d6-f388fdf6735e,,Gualter Viveiros,19126727315,deatik@deatik.com.br,85991815500,true,cpf,false,,false
45ba3695-04f0-4981-b579-aba1726eeb94,,Gustavo Cherubini,39336721801,gustavo.cherubini.lima@gmail.com,5517991452810,false,,false,,true
45f1538d-b15f-4947-8595-875ddf5db8c8,,Manoel Furtado de Lacerda Neto,94330557568,manoel.multvision@gmail.com,+5531988911436,false,,true,cpf,false
45fed348-e738-445f-a55c-f1bf2614ff14,,Carlos Adalberto Cortez,26920986841,carlos@cbccontabil.com.br,19999325221,false,,false,,true
460a6eb4-5448-4d40-aa04-d5dd51264807,9914ba8b-c413-4a2d-a708-266e6072d0a2,Daniel Angelo de Melo,05396976640,danielangelomelo@hotmail.com,34991059889,true,qv_id,false,,false
462028cc-c8a2-4441-8c45-7650de080c2e,afae41fc-af5c-4f78-ae97-aca7317035f4,Alexandre Barreto de Souza,87558602734,absouza.es@hotmail.com,21999494014,true,qv_id,false,,false
4625bee4-eabb-434b-b118-7512e9066607,7d961328-0fe6-46ee-8713-ef5bbf430268,José Carlos Oliveira dos Santos,43048579591,jcoliveira.work@gmail.com,71991338427,true,qv_id,false,,false
46541a37-dba0-4539-a1cd-8da613076cde,,Ana Paula Andrade e Sousa Medeiros,06166128690,anamedufu8@gmail.com,556499676050,false,,false,,true
46a5bf41-60fe-47ff-9b53-48976978d879,f4f98a4c-663a-4ef7-a822-c4cacabfe74e,Juliana Lyra Vilela Barbosa,03944309480,julyrabg@gmail.com,5511996324982,true,qv_id,false,,false
46b09471-b66e-448e-a18a-96c3576e2e92,,Milena de Locco Martins,35703985870,mi.martins@outlook.com,5511988085582,false,,false,,true
46d70d71-5d94-46e3-90c4-bc10b56f6038,,Caio Sergio Moschetta,13065041472,moschetta@uol.com.br,+5511984867453,false,,true,cpf,false
46dfc2ae-6904-4436-82ce-eb2562345c39,,Caio Maneschy,00791869202,maneschycaio90@gmail.com,5511943836608,false,,false,,true
474243cf-3264-4068-84f7-6218f476d53a,,Victor Hugo Machado do Nascimento,06001849358,engvictornacimento15@outlook.com,+5599981710462,false,,true,cpf,false
4755bd98-ded5-4255-81a5-7cecde19d4ab,8e643712-05da-4d3a-8756-6b9183420d7c,Heloise Peratello e Silva Franceschi,04932644930,heloisep@gmail.com,41999772947,true,qv_id,false,,false
477ecb4d-83e3-4ff3-a390-e7354d5f0f63,badc5fb2-1afd-441d-bd5e-1b230d19f18e,Sinara Leotte Garcia,44755147034,sinaracardio@gmail.com,51984133168,true,qv_id,false,,false
47fec341-7e0a-467c-8421-378939cc69f2,,Marcos Araújo,96833653372,marcoschavesjr@hotmail.com,5565996886020,false,,false,,true
48195d7e-976d-4aca-9488-293da65539c3,7c71e7cf-7ba1-4b0c-bdd6-66ae7c96fe33,Marco Aurelio Kamers,03622949929,marco@kamersbrasil.com.br,47988640003,true,qv_id,false,,false
4819f42c-3af9-43aa-b205-72fd5eec84d6,bae14d13-2c41-4811-a517-de1e34255c45,Altiberto Jose Lelis Brandao Neto,30843570130,alti.neto@hotmail.com,31983589252,true,qv_id,false,,false
482e8456-a41a-4f8f-b82a-e91d6aaefde3,,Alexandre Reis e Silva,92105580904,doctoralex_br@hotmail.com,+5513981141357,false,,true,cpf,false
48388a66-38f4-4a00-b47a-518687314b09,befe20a4-5a32-42fd-bb35-bd3b8c48bf9b,Matheus Cavalcanti Pompeu,05791524480,matheus-pompeu@hotmail.com,83988300847,true,qv_id,false,,false
484d576b-bccd-4204-bd0b-c42c630f0aec,ee6a08fb-40a0-4774-8555-6e6d388b3504,Ana Elisa Campos Diaféria,28736299839,anaelisa.d@montpolo.com.br,11983508410,true,qv_id,false,,false
489b4d5b-5088-4521-b0bb-c0036ad887dd,522c19df-242b-4441-98ee-0da72db215bc,Guiomara Steinbach,96998440944,guiomara.adv@hotmail.com,61984868811,true,qv_id,false,,false
48b0cc00-5c29-4aea-b74c-113dfcd2b0cd,7b8a7c26-cce8-42ff-add6-d0b558b982fc,Marcia Cristina Soares Sampaio,10513239758,marflauteando@yahoo.com.br,21974632226,true,qv_id,false,,false
48b2ba04-3df0-4b4e-a380-b746b6603654,,Thiago Laurino da Silva,04575775924,elizeu.laurino@gmail.com,+5541998396535,false,,false,,true
48b3a717-5cb5-449e-b003-7c894a2cbb54,5878cd4f-3a64-4e2e-afb9-2e387a1faa6d,Matheus Rezzadori Hunoff,02164273044,matheushunoff@gmail.com,48991414238,true,qv_id,false,,false
48ce3e40-46f9-4675-9a76-c4a85c79f555,38d30c6f-c58a-496c-8484-48a39fe3891c,Mateus Leite Ribeiro Porto,64372570325,heliene@plantaengenharia.com.br,98999755000,true,qv_id,false,,false
4907afcc-e21d-498a-a208-751b24ac0f4b,,Glysse de Moura Sousa,,glyssekenede@hotmail.com,5581991047153,false,,false,,true
4907f4c2-da48-44cd-b7d1-964fcd542e63,c5c614f6-c89f-4ad4-ab37-6a87c6cfda17,Pablo Vinícius de Oliveira Lopes,82302391500,pablolopes@grupoplgm.com,71991890393,true,qv_id,false,,false
49d916e0-5875-4900-b556-a85e7a8a27d2,,Talles Dias Maziero Cerqueira,08770812713,tallesmaziero@gmail.com,+5532988660961,false,,true,cpf,false
4a25d5b9-c067-41ae-a3b0-a0ce872d7f73,52e185f3-ee5c-44dd-b4b4-24b00cab1dd1,Valdinei Bento dos Santos,91080460187,valdinei@cipem.org.br,+55 65 99350-5828,true,qv_id,false,,false
4a78a5c9-7097-4027-b69c-35a3b9af0774,,André Torrecilha Zago,29018353841,zagotandre@gmail.com,+5511966643340,false,,false,,true
4a95815e-4f62-49c4-803c-646644c0891f,41100e04-4312-4b8e-b774-09c013abcb39,Gabriela Blatt Pereira,00576273988,gabiblatt@yahoo.com.br,48999277182,true,qv_id,false,,false
4a9ce8f8-8775-4b42-b71a-db69191c1388,,Juliana Neumeister Dalcin,92234178053,judiemed01@yahoo.com.br,48996261530,true,cpf,false,,false
4b03cb7e-3464-41e4-8fdc-d4764c7c85b1,da0cf6f9-dbd2-4fc3-9163-e7d0651caaf0,Lucas Sarmento de Oliveira Torres Almeida,10884856429,lucas.sarmento96@gmail.com,81997526883,true,qv_id,false,,false
4b1178fa-1911-4e4f-ac1f-8369ae11f21a,03d78050-57e9-46b6-845e-d643dd4be730,Paulo Marcelo Santana de Siqueira,46923896304,pms_siqueira@yahoo.com.br,85999867916,true,qv_id,false,,false
4bbb8e1e-102c-494d-a82a-788d21b3eeb6,cf54ce17-5a9f-4833-831b-6add2d39405e,Marianne C P Lamas,07447157848,marianne_lamas@uol.com.br,11991307043,true,qv_id,false,,false
4bd7ed2a-759a-4393-90fb-8656cf8e6b0e,461dfe0e-85a4-473d-9c0e-395c60159308,Débora Paz,01129190811,debora@johnrichard.com.br,11942878019,true,qv_id,false,,false
4c22dad4-93ce-4775-868a-c620880dc949,,Renato Ozimo Clemente,80643230963,reclemente.rc@gmail.com,+5548999589731,false,,true,cpf,false
4c2ec165-2b1f-440e-8c6c-7e33f98621bf,,Alexandra Ferreira Silva,66491223191,aalexandrafs@yahoo.com.br,+5561983834006,true,cpf,false,,false
4c2ef402-c08f-4c4f-8d9c-73f2a18e9b30,,Vitor Oliveira Alves,13919764609,alvesolit@gmail.com,33984095478,false,,false,,true
4c329a6b-2901-4ffa-9e65-aad9c97ddf59,,Marcos Hernani Silva Santos,00086891561,marcoshernani2012@gmail.com,5579991715457,false,,false,,true
4c41f226-a034-4cf8-b004-e5ac5eddf3fe,a9819b11-5ce3-4bb3-9210-5cf070b4369f,Luciano dos Santos Tarelho,26847684801,lstarelho@gmail.com,19996461659,true,qv_id,false,,false
4c7eb61d-75ec-4ac7-ba24-7635b95eadbd,0e3c4b47-5ea8-49d9-ad47-a7ff32e33630,Alexandre Ares,22165795800,ares.vascular@gmail.com,11984313199,true,qv_id,false,,false
4cb443b1-5f82-4060-85de-af7b336e476f,,Rafael Gomes da Silva,,,5571999071272,false,,false,,true
4cfa5659-fc10-4ae1-8f84-e615c20957f8,d3dd1393-437d-4e11-8fed-378e614083a8,Felipe de Freitas Araujo,10968337783,felipefaraujo2@gmail.com,+5521981342230,true,qv_id,false,,false
4d2dca4e-a6a3-4f28-88f1-246abca4b0ba,2a9fac23-69d8-4976-9804-992bfa524df0,Claudinei Tome Gerhardt,00023074132,claudinei.tome13@gmail.com,65992767147,true,qv_id,false,,false
4d413bef-c65b-42ac-a81a-93c13c3e0fb0,b1f26581-2e2e-4e24-9800-be25027c1332,Cristiane Penha Pinheiro da Costa,97963100668,acptmed@gmail.com,31984366179,true,qv_id,false,,false
4d4c62bd-3cd1-4ee9-a84e-90be3d82d396,469dfe7a-cc48-4266-a916-9853b6f6c75c,Luiz Augusto Pereira Cabral,06373866637,luizaugustocabral@yahoo.com.br,32999571925,true,qv_id,false,,false
4d626cab-56d8-4d95-9076-f026752ec8ea,,Claudia Lopes da Costa de Góes Nogueira,50945203004,clcgnogueira@gmail.com,5561993113007,false,,false,,true
4d6b0fac-b3ce-4149-9bab-fd087e04510b,d3ee496d-d22f-4ded-91dc-aebf2f279f3d,Thelma Medeiros da Cunha,14784675841,thelmed@terra.com.br,11992348324,true,qv_id,false,,false
4d7b69ab-2af3-49fa-8bd1-0594085de3ab,3032be66-7f57-4030-bb3b-2a79fc9620f1,Dennys Albuquerque Rodrigues,87430592104,dennys1979@gmail.com,61983177303,true,qv_id,false,,false
4d9170c7-ea49-4a0b-a71a-09f2eb912fd3,,Thiago Techio de Castro,09802861740,thiagotechio@gmail.com,+5527999127316,false,,true,cpf,false
4dbc9c5f-2f1c-41bb-bbce-99a49d149a30,,Maria Michele Ferreira Figueiredo,74420461349,mmichelef4j@gmail.com,+5587999145455,false,,true,cpf,false
4de6ecc6-3a7c-4664-8d47-b0ebdf97d736,,Igor Val de Assis,01101696540,igorvassis@yahoo.com.br,557181121366,false,,false,,true
4e21936b-8c48-4259-9acc-954cf7afa608,634ef335-8ef2-4323-b5ac-b58ffe54b84f,Tania Schinazi Kligerman,89340744772,taniaklig@gmail.com,21988894229,true,qv_id,false,,false
4e384ab8-3be6-4321-89be-da4129868536,9f8bfef4-db07-4166-85a1-7736db325f47,Carlos Miguel Lorente Soler,06760073177,carlosmlorente2014@gmail.com,11996420607,true,qv_id,false,,false
4eb56b4b-3560-4bfe-96c8-348de2b15c2f,,Maridete de Oliveira Moreira,09887414743,maridete.fisica@gmail.com,+5527999114577,false,,false,,true
4ecea1fc-1a33-407f-a754-18a001c6687d,,Debora Veridiana Brier Leite,06638442660,deboravbrier@gmail.com,5531983317457,false,,false,,true
4ee8ae9d-5849-420a-b830-842e7146148c,75cd105b-843c-4770-a578-bdd8ce68d94b,Antonio Marcos Rodrigues de Oliveira,88931145349,marcos110481@hotmail.com,98981468964,true,qv_id,false,,false
4efce255-c163-40bf-adfb-203e9c02306a,,André Augusto Lemos Vidal de Negreiros,06768664417,andrevidaldenegreiros@gmail.com,5511958608612,true,cpf,false,,false
4f326d1c-9139-4bb3-9497-124b2278c721,04f34406-5df4-4406-ac64-c2106a3439f3,Ricardo José de Araujo,75887118920,rjaeqa@hotmail.com,+5549999995005,true,qv_id,false,,false
4f3b3619-06fa-43cd-a545-332d12b64693,,Leticia Roberta Pozzobon,02785514165,pozzobon8@hotmail.com,+5565999471535,false,,true,cpf,false
4f42df52-ebd4-4c87-a620-985f0308d303,732cbb5a-911b-44ce-91ca-a38d3f4cf66e,Vinicius Conterato Dal Pai,85065285004,viniciuscdalpai@gmail.com,55999041542,true,qv_id,false,,false
4f5113c5-83c1-4fd9-9f0c-b0588ebebb19,89d5348a-611f-4c64-be71-da74f30bf0cd,Moisés Samuel Gonçalves Oliveira,11178482642,moisesgeriatra@gmail.com,+5537998284885,true,qv_id,false,,false
4f90430e-59da-40a8-bcab-9035ebd87605,,Luiz Fernando de Almeida Rossi,,lfarossi@hotmail.com,5519988301134,false,,false,,true
4f996b49-8dc1-48a4-a689-6a0b4066329a,,Pedro Siqueira Gomes,35350445880,pedrosiqueira.gomes22@gmail.com,11994794296,true,cpf,false,,false
4fd0d348-e13c-408c-b912-c2db2279119a,,Felipe Fajioli Lara,,fajioli@hotmail.com,,true,email,false,,false
4ff4bbb5-d0ee-4f59-9ed5-6f9604185d00,71954e72-82a0-4346-b9c1-1855c510ee2f,Jessica Felicio Leão Silva,39738443806,viniciusproskater@hotmail.com,14997189150,true,qv_id,false,,false
4ffdc294-fa64-4256-86cc-c8e1e9224b6d,4293d9f9-72f3-4e2c-ad0e-e3dfc590afd3,Matheus Coelho Lopes,12348199700,matheus_clopes90@hotmail.com,21971112149,true,qv_id,false,,false
501b723b-61ab-43aa-a043-80ab42d3301f,f2d18dd1-5675-4a27-9664-34eb52866ec9,Silvio Tosta Dias,02443166198,Silviodias_pba@hotmail.com,67981660039,true,qv_id,false,,false
5058b878-4785-4927-9971-8ffce24fcb6e,,Marcelo Luiz Sanson,02708367994,mlsanson@hotmail.com,5566981120568,true,cpf,false,,false
505d3162-40ef-47da-99fd-c4bc9c2fdadd,,Wanda Cristina Pinto Lisboa,80573355649,wandinhaclf@gmail.com,+5531999915101,false,,true,cpf,false
50e7fe80-c31f-463f-a4fe-67584b41c804,fb55306a-539a-4cf1-9f5a-2dffbcbab8e5,Valdomiro Simoneti,18004563015,simonetiodonto@gmail.com,54991765859,true,qv_id,false,,false
50fa878e-ef06-46e4-b473-2628222c08ca,30252937-be43-4b9c-92b1-3f60c75f4e2a,Yves Cristiano Lima Nogueira,89037022472,yves.nogueira@di2win.com,81996266666,true,cpf,false,,false
510d5d6c-5807-41f0-9aae-b6ba4c5a3689,e041670f-f539-4787-bc27-a8eef0d4cb5f,Carla Maria Ferrari Cálcena,29127529819,cmferrari@gmail.com,61985406161,true,qv_id,false,,false
510fc7a0-ed81-4a95-b368-70d863c9602b,cfb2a2ec-8ab1-40d1-aa3b-875d8597d699,Karina Carvalho Rocha,02028774185,kcga.karina@gmail.com,61983506104,true,qv_id,false,,false
515720dc-61dd-42a9-9a32-fb13a9978196,,Fernanda Bertoli Flauzino,32426034866,febertoli@gmail.com,+5511966991123,false,,true,cpf,false
51b15e99-16ae-4b38-8ef6-d7ac016c9759,,Marcelo Eckert Zanoni,90843720930,mwzanoni@gmail.com,+5548984454145,false,,true,cpf,false
51cf3aeb-c935-49eb-9bf8-64ac2e5cb321,3b6aaa93-29db-476e-b49f-b7982d0a1c80,Rômulo Assis Martins,04279413690,romulo@qinetwork.com.br,+5548991578786,true,qv_id,false,,false
51f404fe-a33e-43e7-8303-3361247709c1,,Juliana Matos da Silva,03501881576,juliimatos2@gmail.com,71993532278,true,cpf,false,,false
51f98473-0325-4a5c-913d-44fb83a71184,002f30cd-74de-4804-b4f5-6def8ce7b10a,Aguinaldo Vieira de Abreu,77668200720,aguinaldoabreu@yahoo.com.br,61991536930,true,qv_id,false,,false
520d98f3-f6aa-4822-8a40-073d84c782cf,,Brenda Vieira Martins,60535654316,brendavieira03@gmail.com,+5598982098828,false,,true,cpf,false
522220dc-e298-4256-bb2b-0a61e18cb00b,edd8b133-5102-42fa-871e-812bc048becc,Nádia Santos da Silva,71202242049,nadiaocoaching@gmail.com,+5551999518008,true,qv_id,false,,false
525f4fd2-f93d-4058-be1e-08b97e696bba,ce6a0b17-4e67-4a8d-8102-90bbe376d4a4,Matheus Benjamim Porto,01773613286,matheusconstroi@hotmail.com,92991849018,true,qv_id,false,,false
52629bc8-9a7a-4cda-aa40-59dbc1b4dd34,,Stella Mariana Ferreira Giolo,31738123871,stellagiolo@gmail.com,+5516981222230,false,,true,cpf,false
5287c7d9-ad29-4fcc-b02d-3ce3a85674e6,,Reinaldo Rosemberg de Carvalho,03033294677,reinaldo.ed@gmail.com,31 995088784,false,,false,,true
52b7ebb7-8ce0-488a-80de-4b190e4c8186,,Filipe Souza Fernandes,06657886659,drfilipefernandespsiquiatra@gmail.com,31998302364,true,cpf,false,,false
52b94eea-a93b-4dde-b1e6-6ad8220ed2a5,,Dryelli de Angeli Dondoni,13505142760,dryellideangelid@gmail.com,5527997053480,false,,false,,true
52d0e3c7-d00f-4ff6-81b3-d94fd942b570,,Tayalles Tavares Leite,,Tayallestavares@outlook.com,85999356809,false,,false,,true
52db4174-4328-4c6e-9239-f9929d99604f,e73cf910-62b9-4780-8a0b-c1b06e9fd715,Yuri Ivan Maggi,01815832916,yuri@navigi.com.br,+5541984033150,true,qv_id,false,,false
52f50e5a-a338-4419-ab24-298c9cec25b6,ff91eaac-c111-4dfe-b43a-8e039b87b297,Ramon Andrés Cota Pérez,03665847664,ramonacp@yahoo.com.br,+5513992136467,true,qv_id,false,,false
53046d2b-a501-4aac-af75-d6e5a816a31d,,Almir dos Santos Soares,18289118791,ass@almirsoaresadvocacia.com.br,+5591983733011,false,,false,,true
532d7202-21ed-486f-88f0-3fd7fc20e66d,,Marushcka Salles Frazão de Assis,15855763870,maruassis@gmail.com,5511999668023,false,,false,,true
535220df-04c5-4b91-ba66-56c820a54cb9,,João Batista Oliveira Leal,34069267549,joaoleal2@gmail.com,5571991828283,true,cpf,false,,false
5395e557-a26e-43b8-98a9-4360efc22f8e,,Érika Roselaine Navarro Figaro,15378248809,erika.navarro@scopo.digital,5511992409395,false,,false,,true
539acc82-9366-4f73-a6c8-b49aaf26f2be,caf2cbe5-6c0b-48f9-938c-7a8e5c009258,Amanda Hurtado Gobett,21748310828,hurtadogobett@gmail.com,11999491091,true,qv_id,false,,false
53f399ae-9b9b-4bc6-8905-fddf53cbb841,eff45349-c497-4618-9b6b-022fbebaaac4,Alan Pontes Galvão,74761846372,alanpgalvao@gmail.com,91983465888,true,qv_id,false,,false
540fb441-7d1f-493b-8246-acf1135c0d6f,9bd110eb-b51d-4d92-84fc-6f8e33cb60ee,Ricardo Flavio Barden,92853366049,ricardo@quimicanorte.com.br,51995980187,true,qv_id,false,,false
544564bf-4cee-49f7-ab8b-f4d78b9ad0a2,d48cf833-43e1-4a20-9e6e-3634fa57070c,Marina Leal Gomes,01359989480,marinaleall@gmail.com,61992229585,true,qv_id,false,,false
5495a2ab-d42e-4aa8-9156-a1a737ab6079,49f8baa1-8004-499c-9867-2bf755714fab,Raquel Ribeiro Martins,88171205968,raquelmartins312@hotmail.com,41988524414,true,qv_id,false,,false
54bf02a7-d70d-4ec3-870e-e21b86c4a7b1,,Juliana Rosa Messias Araújo,,ju.messias@gmail.com,5511996851238,false,,false,,true
550a73d9-31fc-4e38-958e-3028adda7cd7,,Roberto Mizuki Dias dos Santos,79848990534,euteajudoapassar@gmail.com,5583996919191,false,,false,,true
559c3145-3bfa-4d3d-bce8-09ecd23daab6,,Romero Candido de Santana,94181756653,romero@distribuidoragama.com.br,5531999687985,false,,false,,true
55c7afe4-bc1c-4477-83c1-ad7263c030cc,63935d3f-ee6a-415e-8ce8-2736caad3179,Guajara Gazzalle,03091518990,guajaragazzalle@gmail.com,46988207400,true,qv_id,false,,false
55fbecc2-ed3d-40a7-b7f5-842fbb5f1f57,,Ronnie Braz de Sousa,01777120314,ronniebrazs@gmail.com,86999223636,true,cpf,false,,false
56049494-a986-404d-934c-eecb704ff47a,,Jose Boralli,10642980870,zeboralli@gmail.com,+5511985373001,false,,false,,true
5607a0f9-661a-4367-8eba-95ed157c23ba,f98ee4be-3674-4d4a-9486-850f7e17dc22,Icaro Manoel Passos Menezes,01554569540,icaro_menezes1@hotmail.com,+5574991880733,true,qv_id,false,,false
560b65a4-b623-4585-9494-9b3dc07fbfb9,ca3501f9-d6f0-4802-ba79-9f4922f141a0,Simone Pires Nunes de Assunção,95454217115,simonepna@gmail.com,62992748586,true,qv_id,false,,false
5650a0ad-332b-4cd2-8d14-4e89bd695378,82fb1cdd-4a29-4620-be98-e922cd761994,Arcelio da Silva Santana,02165458544,arcelio.cardio@gmail.com,71999424599,true,qv_id,false,,false
568c1b39-cf89-4557-b3aa-09fa330ddbc2,,Danillo Ewerton Oliveira Amaral,05945247413,danillooliveira7@gmail.com,+5582981792606,true,cpf,false,,false
56e05005-11e0-4926-997b-bcfe100e23fd,,Ederson Leonardo Morandi,34161080867,edersonmorandi@hotmail.com,+5517997389781,false,,true,cpf,false
56feeecf-6205-4999-9023-69af837d05c2,,Marcio de Cerqueira Lario,16443643879,marcio.lario@gmail.com,+5511982661442,false,,true,cpf,false
570b350f-6dca-4b67-8c3d-37f942a20ae0,5d25eabd-52ba-4ee5-ae77-7cf81bd370d5,Diego Leite Novaes,02760527573,pxnovaes@gmail.com,+5571993391525,true,qv_id,false,,false
571fa9e2-1a04-4e58-bc98-b3c8ab32ba97,90d3a3a9-73dc-42a9-a424-f377b9bb06bb,Frederico José Silva Corrêa,56080042134,fredericojsc@gmail.com,61999672141,true,qv_id,false,,false
57301e25-f729-4eb1-b171-641dc75ce247,,Neysimelia Costa Villela,04494018635,ncvillela@hotmail.com,5517996130340,true,cpf,false,,false
57617b2d-2dd1-4376-bbd2-1c7dc89b4224,,Vanielle Santos,,vaniellesousa.adv@gmail.com,558699916448,false,,false,,true
576fb0f8-6e72-4abf-8a58-058850cfb1be,,Fabio Henrique Bentivoglio Pereira,22225402833,fhbp@hotmail.com,5513997014964,true,cpf,false,,false
577f1269-a8b6-410d-be28-7966b1b0de64,,Rivanildo Jose de Souza,04677203474,rivan200910@hotmail.com,+5587981134470,false,,true,cpf,false
57ada20c-daee-4561-8a58-aa30dcceb365,,Carlos Daniel Rangel Barretto Segundo,51964813204,carlosbarretto@almeidaebarretto.com.br,+5592996124323,false,,true,cpf,false
57fd07f9-1477-4139-97c9-dd2523ca1a99,29ba45ae-d5ea-4856-b1d3-c6d692280c6a,Patrícia Soares da Silva,32501614895,patisoares83@hotmail.com,+5519987312516,true,qv_id,false,,false
5839bceb-7d97-4386-9cd8-a285bce5a0c3,600d8bb8-5fd3-4690-b624-3e7144bc411a,Walter Evandro Zari,48143960234,walterzari74@gmail.com,+5545991417007,true,qv_id,false,,false
5859ced2-1a76-44e5-bd06-f634728746b9,ad4c2484-fbef-4841-a1ef-d08724fc23f1,Arnaldo Correia Leite Junior,57046379220,arnaldocljunior@hotmail.com,+5591987011200,true,qv_id,false,,false
58acb326-c7c5-4175-8904-b58e038a654e,eb416f9b-e15f-4ea6-94ee-2131159aad7d,Magda Teresa Mercúrio,05348173940,magdamercurio@gmail.com,+5549999505111,true,qv_id,false,,false
58c20112-1865-4f7a-b423-fe5e8208071f,,Heber Augusto Lara Cunha,,augustolara2012@gmail.com,5531984758837,false,,false,,true
58c5a13d-bd92-464f-a3aa-7ad892e43d22,,Daniele Cristina de Sant’anna Muniz Pimenta,,dradanielemuniz@gmail.com,5521966823462,true,email,false,,false
5905c283-baeb-4dbe-8091-b30fe68f8174,,Camilla Alves Janott Sarlo,05819855752,camillajanott@gmail.com,+5521979319977,false,,true,cpf,false
591cd10b-0170-4816-88cf-fb94d11cbee5,481a8795-3fab-431a-a2c3-125e80ca847f,Fabiane Paiva Rodrigues Caçador,01386874639,fabianeprodrigues@gmail.com,32988428346,true,qv_id,false,,false
59211253-7a7d-4f16-b93a-cc7264f08d24,28bf3982-a1f1-4670-80a6-13ad8b6ca414,Elodie Gobitsch Lima,14811944291,elodieglima@gmail.com,91983044914,true,qv_id,false,,false
59309037-b4e7-427b-8081-603d34c29327,,Nélio Ernane Monteiro da Silva,00920040403,nelioanest@gmail.com,+5582999225553,true,cpf,false,,false
59589ff5-81ce-4324-8dfc-01183f19d569,ef1dc0da-ac00-4fc0-a0e8-bd1177864a39,Aaron Papa de Morais,41343285860,aaronpdm@hotmail.com,+5511991228717,true,qv_id,false,,false
595acfa0-5f6e-4816-9c59-9a92eac8e814,,Angela Andrade Maestrini,42765188653,angelamaestrinii@gmail.com,5531991357771,true,cpf,false,,false
5960f9ad-fae2-47e6-81e1-e0c1cac31cd5,,Mailson Bandeira Vanzeler,99591030215,mbvanzeler@gmail.com,+5591985033163,true,cpf,false,,false
5983f2fb-3b70-4020-b057-dcd8666afe21,e23c4d94-718f-42d8-ad2e-5534ed0d340c,Luiz Felipe Pedrosa de Vasconcelos Pimentel,10977729427,felipepedrosa@quartavia.com.br,81991292916,true,qv_id,false,,false
5997348a-ab95-4b18-98b0-30883d6fe786,32309c4a-e1fe-4965-8c28-e62e069bc970,Silas da Silva Oliveira,02049488513,silas.pseng@outlook.com,74999715156,true,qv_id,false,,false
59e89134-d7a7-486e-89a1-10355850c7f4,,Vinicius Augusto Vieira Sousa,,dr.augusto.sousa@gmail.com,5521975421878,false,,false,,true
59fa02ab-73cf-47dc-96af-356580896ca5,,Ana Maria Soria,,anasoria@uol.com.br,5521992084979,true,email,false,,false
5a5bdded-1599-4d03-8ace-36b6a1a44b8f,,Francisco Rebelo Fontenele,96671866368,engcivilfontenele@hotmail.com,+5586998359489,false,,true,cpf,false
5aaa9e0b-ea2d-444d-a8a5-8b76acda97a1,,Henrique Guedes de Araújo,16150590836,1975hga@gmail.com,+5511992365291,false,,true,cpf,false
5ab2eff9-fb18-4f57-b837-dad8d1d69ad8,,Ana Luiza Mercio Lartigau,29175739020,lartigaurs@gmail.com,+5551981575777,false,,true,cpf,false
5ad85f9c-1d9d-4c2a-9dfc-cf249ec9545e,04245fb2-bebf-4a97-bed2-f5fef0112165,Luciano Pablo Svecnik Castiel,17989758822,castielyz140@gmail.com,11991993528,true,qv_id,false,,false
5ae2fac3-24df-4f4d-a164-bd9fab14406f,df9efe8d-5244-4d9d-a2a2-09dae6e11c48,Dennis Oliveira de Pinho,19288455841,dennis.pinho@gmail.com,+5511994857387,true,qv_id,false,,false
5b00c8b5-0081-4a26-a848-0b7e60973c6d,,Andre Luiz Cattiste Filho,21580845886,cattiste@hotmail.com,5512981269745,false,,false,,true
5b2216ef-0201-40ff-943d-aa563937b7b3,,José Ricardo Luz Amoretti,92596186091,,5571991150464,false,,false,,true
5b43a3f7-e671-4c1d-96d2-9eb49f9809c7,803d87e0-735f-4484-ad57-f3f43017b1ac,Rhelton Luiz de Carvalho,71326987100,rhelton@gmail.com,16981015111,true,qv_id,false,,false
5b43a70b-f004-449f-bef2-a8d1d4b7ebce,,Natalia de Matos Branco Tobal,01833859189,natalia.branco@hotmail.com,67 8145-4594,false,,false,,true
5b4a3c61-d1f5-49df-af0e-b73e71de5ad5,,Rodolfo Emanuel Silva Carvalho,13140765150,rodolfoescarvalho@gmail.com,351918539893,false,,true,cpf,false
5b4bc2e9-c8be-48d6-8286-fc9a257ff0d7,a6b3db3e-5dd5-4757-aaec-6af14167ad0c,Elisangela Martins Morais,61774642115,elisangelammorais@gmail.com,64999271972,true,qv_id,false,,false
5bb314ef-72b8-4a44-b0bf-211046cdbab1,,Bruno Barros de Siqueira,08902144763,bruno.bbs@gmail.com,+5521982189955,false,,true,cpf,false
5bc1d906-5dda-4c97-ab62-91f502b4e1a9,,Ricardo Serra Michelotto,20533577896,serra.ricardo@gmail.com,+5511976612464,false,,true,cpf,false
5c04406b-9e9d-48ae-ac3b-a4215d56768b,,Guilherme da Cunha Galvani,,guigalvani@gmail.com,47 9292-5060,false,,false,,true
5c1d75d4-7e0a-4d5e-b3b7-e7b68d2158f0,,Laura Rodrigues Lopes,,laura_historiadora@hotmail.com,5568999794101,true,email,false,,false
5c343c25-6f62-42a9-b001-d1620596c71e,,Claudio Gonzaga Cidade,10489248748,claudiocidade@gmail.com,+5521988990159,false,,true,cpf,false
5c3acabe-70f8-4bd6-a124-6b083be7abe2,,Poliana Cristina Souto Maior da Silva,08837416440,polianasoutomaior@hotmail.com,5581993475111,true,cpf,false,,false
5c530258-bbb8-45a8-9fc6-7b58b3da28f9,,Newton Ota,15266245832,ota@dutoleve.com.br,5511970983815,false,,false,,true
5cb3c6ec-8a23-49af-964e-78042dfa625b,,Cláudia Regina Molina de Barros Coelho,27834933817,claudiamolinacoelho@outlook.com,+5518997204643,false,,true,cpf,false
5d6811f3-fd78-4481-b498-2254157518d9,,Jefferson Allan Borges,31218151803,allan.borgez@gmail.com,+5513997400601,false,,true,cpf,false
5d976aeb-be37-44e3-9479-c290f08d7b0e,,Lucimar Afonso,58741828100,lucimarafonso@doctor.com,5564984355560,false,,false,,true
5da6c807-a4fe-4510-961b-4f83defb9d23,91263192-4a1d-41ce-b48c-7d05928a4004,Amanda Werlang de Andrade,08646773914,amandawerlangawa@gmail.com,45991273582,true,qv_id,false,,false
5db05c15-3765-4960-bddd-78efcec0fb76,40cc3ba6-ab02-4eda-b09f-4e9f679d5855,Nídia Ribeiro Guerreiro,92159982172,n.rguerreiro@gmail.com,64992293135,true,qv_id,false,,false
5dbc7d07-e8df-47a6-9a23-de065509979d,7d6baec1-9e91-4251-800e-02697f830dab,Francisco de Castro Filho,53318919349,fcastrofilho.98@gmail.com,+5585981892122,true,qv_id,true,cpf,false
5dcb5eaa-39e2-4d6f-b841-20fb5fdeea69,,Daniela Mascarenhas de Queiroz Trevisan,91860504191,daniela_queiroz@hotmail.com,+5563984035274,false,,true,cpf,false
5dec5c38-54e1-4d11-8de7-06b1b958c377,,Vanessa Aparecida Eiras Ferrari,29528137873,dravanessa.eiras.ferrari@outlook.com,5511993723333,true,cpf,false,,false
5e0f94ba-e58f-4e69-9f30-886566645df0,,Daniel Pugliesi Sampaio Costa,04300677719,daniel.pug@hotmail.com,+5521998843096,false,,true,cpf,false
5e1b254a-fa80-41bb-b15e-84188213f48d,,Marcelo Sabaini,16329462895,mgouvea11@gmail.com,5511991347201,false,,false,,true
5e27893e-c48b-4efc-a959-0428f719eaf6,e034bc5b-4300-4917-a471-539e3480ab49,Luciana Silva Magalhães,00649873378,lucianaitz@gmail.com,+31637731538,true,qv_id,false,,false
5e68c798-d219-426f-96e4-945a9cadb4cc,0e1f7124-351e-4f6a-8e51-b963079daa84,Vanessa Rodrigues Bittencourt,00124658016,vanessabittencourt1805@gmail.com,48991909659,true,qv_id,false,,false
5ebf7e43-7799-4b30-b85c-9fde7fc6dff2,4ed12408-ed6d-446a-b298-6bd08700fbe4,Rogerio Yasuo Matsuda,29504912869,nefrorym@gmail.com,11964965110,true,qv_id,false,,false
5ecd9e2f-1cf5-4f71-bfa9-a08d30dde61b,a4a88de7-dfd3-4ba6-ae36-637a1ec32e63,Alexandro Cardoso Costa,93529660610,alexan_card@hotmail.com,98988456520,true,qv_id,false,,false
5efb7a6f-5664-4b50-b461-c7a5c6149bbb,,Ramon Luiz Canthé Vidinhas Valim,11929038704,ramonvalim03@gmail.com,5521988923633,false,,false,,true
5f0c014f-717f-48ae-b6d1-ec8f74547890,,William Cunha Brandt,21826980865,williamcbrandt@yahoo.com.br,19981495064,false,,false,,true
5f115c90-8a1b-4ff4-a38b-25be54af17e1,e52b0703-f3d4-4f61-adad-ede6f7049ae6,Fabiana Rech Bertinetti,56883919104,fabianabertinetti16@gmail.com,66999846121,true,qv_id,false,,false
5f6bd6b5-e068-449d-9a64-b9b6e7bd2888,,Nádia Andreia Rodrigues Carvalho,00709277156,nadia.ambiental@hotmail.com,+5562999122401,true,cpf,false,,false
5fc11deb-8ebe-4dff-b2e8-345561627c86,619aeddb-6008-4c27-8e26-7fd297453ac6,Fernando Antônio Fernandes,95673970153,ffernandesosteopata@gmail.com,5562984067266,true,qv_id,false,,false
5fcecaa6-6d9d-4b71-b14d-dcaff8839948,,Rodrigo Aubin Dias,,aubinrodrigo@gmail.com,5577981272603,true,email,false,,false
601cfd69-228d-4800-9ff3-8436b3d7318e,4d7a27c7-41e6-479e-988f-62dcdc8e892c,Kleber Reinert,08644220918,kleberreinert1991@gmail.com,48996009459,true,qv_id,false,,false
60689daf-4e3a-4dcb-b6e9-55d057ac617e,d3f5bfda-080f-4773-9d8c-547a887a290f,Danilo Sampaio de Almeida,10087683750,danilosampaio20@hotmail.com,27981596259,true,qv_id,false,,false
60784014-a635-42fc-8b7e-57f202f6834a,,Sebastian Vazquez,06144564799,seba-naval1402@hotmail.com,+5522999157005,false,,true,cpf,false
607f230a-b9e2-4ce3-b873-d292f2cbc028,a9bbe65a-123e-467b-a2fc-c0f801f279c7,Wagner Costa Alves,21855444895,wagnercostaalves@yahoo.com.br,12997860103,true,qv_id,false,,false
608bd338-13f2-4f50-8612-5b55af956b8d,712a1af8-b395-4cd3-bdf3-0ce3e3ab4cff,Fredd Délio Miranda Martins,01750849127,fredd.adv@gmail.com,62992416888,true,qv_id,false,,false
60b2b41b-8dbc-42bf-bfb6-131a239edc2b,1775a497-b239-42e4-98f2-69502cd09fb0,Wenicius Antonio da Conceição,02926860137,wenicius_adm@hotmail.com,,true,qv_id,false,,false
6112d5dc-f564-4cd5-889a-2db83d3152a8,620e0d07-84c8-483f-af5b-ad5cbaebf0a9,Claudio Baptista da Conceição Moreno,17256483856,claudiobcmoreno@hotmail.com,11971187811,true,qv_id,false,,false
61621a14-6b7a-4c6b-95c2-64a5d9cd1e0f,85687d10-7d37-463b-8f7e-c90f83edd9b3,Juber Pereira de Souza,06556826600,juberps@yahoo.com.br,+5531999851628,true,qv_id,true,cpf,false
61a4b22a-5f4c-4637-9792-4066a00763e4,0a0903bd-ae72-4397-bd71-8d613f5ef092,Aliny Peres Pereira,33498109855,aliny.peres7@gmail.com,11982660924,true,qv_id,false,,false
61d6eee1-d7b1-4d7c-9950-bcf342023ce5,,Paolo Henrique Cassano,,paolocassano702@gmail.com,5531985918133,false,,false,,true
61dcd071-9c6d-45cd-b5fb-7f882719f13a,e77d69bf-3dc3-42d7-992b-7a6becaf3dbe,Silvana Helena Bonin,24928944879,shbonin@uol.com.br,11982837474,true,qv_id,false,,false
61e8c8ee-4ffb-42a1-b870-031ed2f2bdc6,b89f5031-b395-4b43-a07a-5a892ca29e42,Ticiana Cristina Radiche Leite Oliveira Santos,03448619531,tici.radiche@gmail.com,71982600363,true,qv_id,false,,false
6203fb91-e3f6-4395-ad78-490fc8b5d7de,fe6f3ad7-c4e0-4d99-bb17-186e3490d022,Ana Maria Lima Ávalos,00562782176,a7.avalos@gmail.com,+5567999536565,true,qv_id,false,,false
623057f4-0c60-4c55-9a02-7bbda3162cda,,Rosângela Pereira Gomes,,potencialmaximo@gmail.com,5514998525990,false,,false,,true
6255f7cd-b4dc-4324-8516-aa8ad60983cb,,Jobson Francisco de Araujo Junior,03016709430,jobsonjr@gmail.com,+5582993519390,false,,true,cpf,false
62699bff-1906-45d0-b190-4730970f157b,,Adriano Arlindo Bortoloso,88213803949,425221543@bol.com.br,+5545999159748,false,,true,cpf,false
629b5e7a-a4cb-4430-b9ea-420c4b757214,,Carlos Castanha de Albuquerque Neto,08479823437,castanhac@gmail.com,+5581997242712,false,,true,cpf,false
62d1e5e3-ca17-4c9b-bfd5-0c16919cb50e,51b8b848-a474-430e-a853-acc0e91a59fe,Jeferson Zagonel Filho,04893202952,j.zagonelfilho@uol.com.br,42999226126,true,qv_id,false,,false
632927f3-5a90-44d1-87a1-e419c8f89e75,8fdc7c13-be83-445e-a954-3e6c42167249,Gianluca Manechini Travaglini,48130405865,gtrava18@gmail.com,11989387880,true,qv_id,false,,false
6348c9b2-ccdf-4549-96f9-016ecff25a37,973f6c08-d731-4556-946d-8cdfb81a0a22,Manoel Vieira Assumpção Junior,01039258727,30mjunior@gmail.com,+5521988994088,true,qv_id,false,,false
63ce9ef8-dccb-4e63-b687-5550e15fedea,806f1b4a-8325-4d0d-97eb-061150f214b0,Cassio Guilherme da Silva Moreira,63721333268,kkmoreira30@gmail.com,91991168407,true,qv_id,false,,false
63d2b712-0830-441d-b1dd-885743b0435f,,Henrique Urakawa Mendes,21244465844,hurakend@hotmail.com,5519983330585,true,cpf,false,,false
63d354f6-ec9c-4b31-891a-dae173757654,,Marcelo Agustini,03853168957,agustini.mv@gmail.com,+5542998005674,false,,true,cpf,false
6456d99a-33e2-453b-90d1-bb72da185c96,,Eliandra Machado da Silva,,eliandra.med@gmail.com,5541992337033,false,,false,,true
645a5fba-6abc-42f0-90a3-f27a10453f63,77b1a3c8-be63-42e1-8a26-3e674a1ff7c4,Flavio Fernandes Cordeiro,00953453707,flavio@casamaranguape.com.br,+5521992820849,true,qv_id,false,,false
645b24c6-7a81-4ec5-80a2-0055c29a2bad,a685589d-3778-46bf-8a5a-7c192db92ffc,Gabriela Brandão da Costa Tavernard,35509155353,gtavernard@gmail.com,98991146462,true,qv_id,false,,false
648d7112-e174-4398-9dd1-3cc9fdc48227,,Jack Dwek,14227841852,jackdwek@hotmail.com,+5511991695117,false,,true,cpf,false
64c1aba4-e486-4498-bf40-572ecbecbda2,,Jander Freitas Silva,,crop.fisioterapia@gmail.com,75992621364,false,,false,,true
64ff7c09-8e58-48af-955f-d5085e49633f,,William Gradaschi Corrêa,02292260000,willgcorrea@hotmail.com,+5555997350136,false,,true,cpf,false
65214538-9831-4103-8814-7f0debfafac8,,Leonardo Vanzo Starling Soares,,leonardo@peopleinteractive.com.br,+55 21 98898-4291,false,,false,,true
6535a03d-a874-445f-9e67-0e0f81d4de03,a00b177a-7a7c-4c9d-ab6a-690599a37787,Daniel Nascimento Rocha,10676855709,danielnascirocha@gmail.com,21999214180,true,qv_id,false,,false
655a8ab5-8384-413a-a65d-a5f7eb0b8188,3f5e8fa1-33d0-44da-8e0a-168faf1a9a76,Sérgio Pimentel Fernandes,12612711732,sergiopimentelmd@gmail.com,21968274306,true,qv_id,false,,false
657bddaf-b5d3-4cda-9679-663ec309972a,,Mauber Giorgetta,06369084883,distribuidora_arina@hotmail.com,+5512996660010,false,,false,,true
65d51d0c-0a57-48f0-a84b-99907b59359a,,Anderson da Silva Souza,,andss.med@gmail.com,92991282395,false,,false,,true
65f6d117-5866-4a25-9884-6c5dc58d0c59,0f1015c8-06ff-49ba-96ec-98d7e9cc5e28,Gilvane Marchesi,85560065900,gilvanemarchesi@gmail.com,+5541999292951,true,qv_id,false,,false
660032f0-f309-422d-8aee-b62d0f1329c1,18896317-57d1-4cf2-877f-37455a46f51a,Égly da Silva Valério Borges,00795416156,egly_s@hotmail.com,94981138160,true,qv_id,false,,false
66152316-b494-448e-8110-1e2ce1266126,40da1549-09ed-43dd-86de-c6c4cfe9f75b,William Fábio Patez,84403373704,william-patez@hotmail.com,94981475321,true,qv_id,false,,false
6621eb73-00a9-4eab-97ad-c8969983bdd5,5af71e99-c794-49d6-9d0d-a10c6fd2b803,Carlos Henrique Müller,04744736947,cahemuller@gmail.com,+5541999359425,true,qv_id,false,,false
662d0a5a-6eba-42b8-818a-50144c0449e7,,Tiago Moreira de Melo,00477586600,moreira.melo@gmail.com,31997848484,true,cpf,false,,false
666472e5-5243-42d7-8916-41668ec60d0c,,Paulo Sergio Lima dos Santos,57333939049,drpaulolima@hotmail.com,51989082002,true,cpf,false,,false
66ccb471-5286-40a8-bef1-b01f63c022e9,,Milton Reinert,15813088253,reiwart@hotmail.com,5548984048453,false,,false,,true
66e68458-190a-491d-981d-bb9058875540,,Jorge André de Souza,00860752925,fertilizaembryo@gmail.com,+5549991792499,false,,true,cpf,false
66fa95a1-02ac-40f6-b122-330e0c5df09c,0c8c5865-24df-490b-a54c-5305524dfcd7,Jorge Leandro Nery Ramos,00980276543,solau1@hotmail.com,71991881690,true,qv_id,false,,false
670dc1e0-b487-4f16-8462-b6251d8a4417,94dd420a-f355-4592-8138-25bc597a9dc5,Luis Carlos Furini Salvador,27158839869,lcfurini@hotmail.com,+5575998767183,true,qv_id,false,,false
6713954b-670a-47d7-9003-d19a30f3d635,,Heloisa Helena Ribeiro Torres,86021729668,helo.hrt@gmail.com,+5535988798948,true,cpf,false,,false
672a8baf-ac64-4e5c-91ae-417d5e139975,,Marcelo Costa Fernandes de Negreiros,,marcelo_negreiros@hotmail.com,79999202202,false,,false,,true
6753ead4-3e1f-43c8-8d94-3dbc4ba60f82,7adc4e5d-f53a-4548-b031-927a128dac9a,Jair Paixão Junior,33730438832,jairpxjr1990@gmail.com,41998706862,true,qv_id,false,,false
67738d45-c7bb-49d7-a1b1-01082ee156f6,c3bc128f-1ff9-4c66-93da-49e45d295061,Lucas Munute Marques,28884928818,lucas@ritaseg.com.br,16997268101,true,qv_id,false,,false
6788c7a4-9a5e-47cf-bd23-962006517120,e8ae9d4b-705c-4fa6-bca9-d657b014162e,Ronie Augusto Rodrigues Esteves,21652052801,ronieesteves@ssp.to.gov.br,63999494585,true,qv_id,false,,false
67966ed0-3602-4e1f-b91e-7215a189fc24,,Webert Brugiolo Debortoli,09039898677,wedebortoli@gmail.com,5532999904031,true,cpf,false,,false
679df16a-1355-4093-80d0-bd9c93bcb718,81004579-6e0e-4eda-822a-1220fbd37f5a,Kira Medon Santos,10475175743,kira.medon@gmail.com,21998021802,true,qv_id,false,,false
67cf4603-246b-4c00-b343-7bd4c7e75b69,f7ae07d3-7f40-4b3f-8cff-7437500f1ed7,Clebioneide Sabino Ferreira,27615928320,clebioneidesabino@gmail.com,85999843896,true,qv_id,false,,false
67d5a4b1-7797-4a69-8abf-4d59bfcde139,,Felipe Hurtado,39723767821,,5511967100969,false,,false,,true
6837022c-2e43-48bd-ae81-0e99cb3b752b,cc7242a9-def9-4c04-8658-7eb2368bb7f1,Noêmia Ferreira Lima,04095164816,noemia.lima@grupolclog.com.br,11973253428,true,qv_id,false,,false
683b9479-5128-4fd9-9611-e7bd4764ef21,,Marisa Paula Peraro,01559504951,marisaperaro@gmail.com,+5511989632985,false,,true,cpf,false
6846eb9f-3145-40b2-8dd4-514f17033c64,80e54631-bdc1-4bd1-b620-baa9fc5e0c18,Eliézer Cardoso do Nascimento,64847187334,e-eliezer@hotmail.com,+5586999402300,true,qv_id,false,,false
685685c1-3cf8-473a-8fbe-ce097c7c47d6,1b731e5e-089e-4d7e-be57-ce7c9da18a7a,Karina Lago Coimbra Brilhante,76753522204,karina_lagocoimbra@hotmail.com,92981188096,true,qv_id,false,,false
6884734f-ee31-4776-b3c1-3b58aa28e41e,,Livia Marota Ferreira,06014751602,liviamarota@hotmail.com,+5531991796444,true,email,false,,false
68a3d73e-4b6a-434a-a4ae-29cea9a73752,4d73c879-0fcf-4a91-88c8-ff61d7cc7b20,Marcílio Alisson Fonseca de Almeida,01247011674,marcilio.agro@hotmail.com,38992292349,true,qv_id,false,,false
68f42aff-1b17-446d-8511-e58f175169fe,,Victoria Messora Cicero de Souza,45614497870,victoria.messora@gmail.com,11982158883,true,cpf,false,,false
69567780-6eb7-4166-bd7b-c0a85a780cd8,,Luis Gustavo Silva,92794556053,l_gustavos@yahoo.com,+5511983642219,false,,true,cpf,false
697c7b8a-8d0b-4aef-beb5-34f45614a943,,Gilberto Able de Rezende Chaves,10594892791,ablegilberto@gmail.com,+5521999816844,false,,true,cpf,false
697ecda2-82a4-42a5-a667-3ab38596ff34,824f79ae-8045-408f-b7a8-46aa380c7a70,Ana Paula Cunha,30218814836,ap.cunha.154@gmail.com,16991632022,true,qv_id,false,,false
6a4b7086-c8b7-4b19-9e54-b5f14ba4bd51,,André Bueno de Oliveira,60953500691,andre.bueno70@hotmail.com,+5519997665398,false,,true,cpf,false
6b501852-8c89-4d15-96f7-bb751da76874,,Marco Viotti Ceriello,22050631898,marco.ceriello@gmail.com,+5511999706079,false,,false,,true
6b5ecacb-6fea-4dcc-8944-89e355d3d3ca,,Marlon de Negro Silva,07373283985,denegroengenharia@gmail.com,+5545999500089,false,,true,cpf,false
6b6feff6-1bcb-48f9-9b77-eb336d432ecc,4077e5d5-542a-443c-aa83-7abde3e89d9c,Danilo Chiaradia Finamor,03143444622,dfinamor@gmail.com,11997190433,true,qv_id,false,,false
6b898452-92f6-4999-a275-cc2a0472b0ad,,Fernando do Carmo Cavalcante,30049089803,Cavalcante_fe@hotmail.com,+5511954076652,false,,true,cpf,false
6ba1f025-2926-4598-9939-35ad6129ee05,3e654fe6-2bd6-4728-9cee-0743bda623eb,Felippe Andrade Ferreira Bento,35047979830,felippebento@gmail.com,+5511997999845,true,qv_id,false,,false
6bb373a5-afd0-4949-8d51-dad7c1feb7e4,,Luiz Carlos Reisdorfer Klein*,,luizcrk@gmail.com,5555984578189,false,,false,,true
6bb68cc8-52fe-4317-bba6-df19e596d5e5,,Erick Ikson,,familiaikson@gmail.com,5582999628482,false,,false,,true
6bcf5d3f-3428-4f27-9204-6c9b6ef4a2f3,a6b99201-edf2-4a8b-a981-3e2484114904,Tereza Cristina da Costa,69865167620,costa_tereza@yahoo.ca,32991404545,true,qv_id,false,,false
6bd6b603-6503-4cc6-aa85-c0b2fadceb72,01b2446b-bc87-412e-99b9-6d08bd42b2cf,José Carlos Corrêa da Cunha Filho,06749649424,josecarlos.ccf@gmail.com,84981549292,true,qv_id,false,,false
6c417503-612b-436f-a94c-ff91a0651f08,,Haylton Bernardes Neto,39339446860,hayltonbneto2@gmail.com,5511973551188,true,cpf,false,,false
6c51da33-d342-4a05-b607-fab5493c7c80,,Pollyana Cristina,17217623880,pollyana.valize@gmail.com,5534999088090,false,,false,,true
6c855de5-ea58-43ae-afbd-a4d870f61a85,b80ca72b-5f91-4280-b5e4-f3580916db6a,Robson Marto do Prado,27796068867,robson.m.prado1@gmail.com,11994453070,true,qv_id,false,,false
6c9e5823-b893-42b3-9b79-e71f1c48052d,da277b40-b540-4523-9be0-c6ff83563014,Bruno Tsanakaliotis Costa,35235998812,bruno_tcosta@hotmail.com,11983761169,true,qv_id,false,,false
6cab75db-e120-4500-ab6c-fba6c6f03c6f,2a4207d2-fbdd-45a5-bc39-569b72f677df,Olivio Lemos Perreira Neto,00330596160,olivionet@hotmail.com,62998141737,true,qv_id,false,,false
6cb6cee7-6b0e-4291-8270-a840167d81cc,,Thiago Dari Fernandes Paz,05747491954,thiagoo_paz@hotmail.com,+5545999628610,false,,true,cpf,false
6ce80c20-678f-40a0-bf8e-f4ab6fcbec68,e475ba80-cc93-4ecc-a087-9db73b1f10d8,Andre Colombo Bermudez,29376898842,bermudez.andre@gmail.com,11966518316,true,qv_id,false,,false
6d06d64a-a072-4c6d-a922-8bec2fe05f16,,Felipe Magno,11422582701,wmplastica@gmail.com,5521992929425,false,,false,,true
6d7e35df-4617-431f-83c4-a02d7aef5ae0,28a59500-0315-43c1-b3ad-6b0fc57e3509,Felipe Nery de Morais,04195823471,flpmoraisvet@gmail.com,41998474923,true,qv_id,false,,false
6d9f1f7a-ceaa-4d5e-9dde-17707c01ace8,5286bc6d-d76b-4453-a463-767b0ffd96a5,Aline Ramos Coiado Maia,33067170881,alinecoiado@hotmail.com,+5514997476734,true,qv_id,false,,false
6dac511d-50dd-4104-b768-22de63eac9d5,d512c642-59b9-4bee-993a-e6aac3833e05,Nagele de Sousa Lima,96739142300,nagelesl@hotmail.com,86999258602,true,qv_id,false,,false
6db0258b-667e-4cc9-a90f-50e17abfa98b,,Luana Espiridião Palma,,luana-palma@live.com,5544988232153,false,,false,,true
6dcd82ce-97f3-4b25-9784-2104ad4ffc8e,a1ba199e-7a47-459a-9963-8e86f69359b0,Paulo Rogério Saens Alvarenga,12951367830,alvarenga.sap@gmail.com,11996307607,true,qv_id,false,,false
6dcde599-15f8-478e-9ded-b93396bdadb0,8514b7b1-8830-4795-be87-10245b78439f,Carlos Renato Furtado Canedo,00507833783,carloscanedo@carloscanedo.com.br,+5521988698868,true,qv_id,false,,false
6ddf8edb-1365-4b07-b102-df5f877d5336,,Carlos Eduardo Aleixo Prado,12259931804,carlosgeisla@gmail.com,559581118008,false,,false,,true
6de4e0cc-ddd9-4f94-a716-54d7f236d15b,e9744bb3-016f-4309-83a4-7f62d6067cd5,Leonardo Weiss Martins,02483541089,lwmexecutive@gmail.com,51996674946,true,qv_id,false,,false
6ded2847-ba71-40e0-958f-23e40afd4720,,Anieli Luize Pohl,02512999025,anieliluize@gmail.com,+5555981445033,false,,true,cpf,false
6e5288b3-1fbc-4302-85ed-7a6cb9b915fb,,Aline Neto de Almeida Pereira,00373584130,alinetto82@hotmail.com,+5562999550818,false,,true,cpf,false
6e60f34e-5033-4ef9-a1aa-7f24fb7c2ccd,,Mario Luis Salvatierra Tames,01115157426,mario.salv@icloud.com,+5596991449554,true,cpf,false,,false
6e84f967-0933-41dc-bae5-9b8b8ec8bac5,,John Edinson Montano Martínez,06067232774,Jonnet26@hotmail.com,+5521983437531,false,,true,cpf,false
6f3e17be-142b-4926-b969-def8ca8de151,26e35317-13bb-4bfc-9e37-6af9e427e4ce,Jamile Condi Breviglieri,91900948249,jamile.breviglieri@hotmail.com,69981251963,true,qv_id,false,,false
6f538443-626c-46c2-b0fc-c54dc9f054a3,,Luiz Fernando Rigotti,19795068091,rigotti.luiz@gmail.com,+5551998117044,false,,true,cpf,false
6f8b4236-7cd9-4669-92a3-bc60ea33fd13,,Thais Goldman Fares,38707956894,thais_fares@hotmail.com,5511974556655,true,cpf,false,,false
6fcce6d9-4056-46c8-bfc4-7fc3a3d24e31,0d8fc362-bd35-4393-a1be-d4b51009bac0,Rogerio de Moraes Rodrigues,57995931204,rogeriodemoraes@gmail.com,96981012129,true,qv_id,false,,false
7017f37e-98d7-4f40-a0ea-440ca21328a6,d2ac6341-1f55-414e-b7a8-6b98b09de444,Moises Pfaffenseller,90221770097,aml@logycware.com,51985998187,true,qv_id,false,,false
702a59a8-ad3f-4c2a-8712-fc9276ce45f6,,Mateus Darouych Scaff Pereira,06192064970,mattdsp7@hotmail.com,+5545991270723,false,,true,cpf,false
7066d366-6130-44eb-8c3b-c6f1614e8e69,6bdb5276-1b0d-45ad-bd3f-319505147eeb,Fábio Leandro Kovalski,77056434053,fabiokovalski@gmail.com,55981620877,true,qv_id,false,,false
70bfb27e-f2dc-46fa-9bca-cf414ad737c8,49dff8c2-ed22-42df-9d8d-1489dc0023b5,Renata de Arruda Camargo Comito,25193134807,renata.comito@gmail.com,16997119603,true,qv_id,false,,false
70cc0e9d-ee04-4505-bc5d-8eff0d13dc60,,Marcelo de Oliveira Medrado,09169845751,marcelo.medrado@gmail.com,+5521988945890,false,,true,cpf,false
71095451-b7b5-454d-9270-dc0b02b8c1ea,f307622e-c292-4e94-847b-18e1f6208d53,Fuad Ahmad Hazime,03383361926,fphazime.saude@gmail.com,11982223369,true,qv_id,false,,false
712ebbeb-20bc-4967-b652-16b207b04fc6,,Debora Fernanda Ventura,01050120922,deboraventura.ventura@gmail.com,+5511937511418,false,,true,cpf,false
71357868-f841-44c8-932c-a270a1d2f8b5,,Nelson Marfil Filho,05856436873,nelson_marfil@uol.com.br,+5511996617111,false,,true,cpf,false
7148a3c4-b32f-43dc-ba41-7ca389ee54bb,,Danilo Leao Pimenta,95103163187,daniloleaopimenta@gmail.com,+5561991926375,false,,true,cpf,false
714d5cbc-fd27-442c-87d1-e92c7c39ab19,859b9865-cf0c-47ca-ae35-31b85cf2722c,Anna Carla de Oliveira Dini,94858489604,annadini31@gmail.com,19988411016,true,qv_id,false,,false
716e63bf-842f-4097-b2aa-15ded526ae4d,,Diego Herrera Pinatti,22499416882,di.hpinatti@gmail.com,+5519996996667,false,,true,cpf,false
71946fad-5b93-40f7-8dff-6f50d54c4700,bcfcc3bf-900a-4081-a20f-13b8b2498fd2,João Paulo Sá Granja de Abreu,08453550743,joaopaulo@aga.adv.br,22998279898,true,qv_id,false,,false
719cdfed-5c76-4547-9458-0f36f05e8e9a,33b16824-1d28-4ce0-b7ee-f26ad1f66080,Vinicius Ferreira da Silva,22349803805,viniciusfdasilva82@gmail.com,17991256017,true,qv_id,false,,false
71ad861d-bf78-4bfe-9d9e-485b16b75057,,Rafael Viana Palomaro,,rafaelviana_@hotmail.com,5511940813698,true,email,false,,false
71c7c469-75c2-4cfa-a579-7119516dc006,,Adriano Pedrosa de Almeida Junior,02866396456,adrianopedrosajr@gmail.com,+5581986565554,false,,true,cpf,false
71ce20cd-4eb6-45b6-a0a5-5e790d92e678,,Marcus Vinicius Vicentini Rosa,10361599650,marcus.vicentini@gmail.com,34992309699,false,,false,,true
71ce4133-ec94-4720-aa4a-732eed72e72c,,José Luiz Aleixo,,joseluizaleixo@hotmail.com,5511997287340,false,,false,,true
71ea4e05-3ee6-4139-b239-2ca0cdbae91e,,Rafael Vasconcelos,01602002100,rafael.rva@hotmail.com,5561992931541,true,cpf,false,,false
71ed68e3-7a62-4470-8b2a-1bd1686b82b0,,Tatiane Santana Pereira,,tatianekaliandra@gmail.com,5562994839913,true,telefone,false,,false
71efa39e-6979-4b2c-b63c-df1cd739f7b0,,Thiago Bettin Lazzarotto,89880633091,thiagolazzarotto29@hotmail.com,5554996389124,false,,false,,true
721ba699-d639-4d1b-9bdd-3034e01939ae,f1ed609f-b244-42c1-a9cc-7ed9a110c644,Roni Cesar Rech Silveira,20421591072,clinicaronisilveira@icloud.com,54991143331,true,qv_id,false,,false
7230c064-78f8-4966-9109-71968ceda2fe,,Matheus de Souza Amaro,15881248783,matheus.amaro@ymail.com,+5521980305880,false,,true,cpf,false
72346411-d59c-4eea-9e03-633b8bb416be,,Vanessa Venditte Rothen Cambui,31511190850,vanrothen@gmail.com,+5511999039468,false,,true,cpf,false
726495df-128b-4cf5-ba81-6912f40a58e8,128ae454-9666-42f7-a06c-88fbcb3d1b2f,Heloisa Cristina Ghiraldelli,24562925884,heloisaghiraldelli@gmail.com,+5514997684433,true,qv_id,false,,false
7271612a-7088-4796-a689-277dbf63915b,96a52b6f-c214-4e84-baf2-604a30a20606,Fernando Willemann,05265453997,nandowill@gmail.com,47991744225,true,qv_id,false,,false
7272248a-83bd-4601-b0c4-cc42888a6f12,,Claudia Maria Osorio Chaves,55988318215,claudiamachaves@gmail.com,559281120519,false,,false,,true
7273240c-2ec9-4cbe-a4dc-488fb7709b35,9b43f2c3-fe87-4a05-a99c-a27a4bf8e19e,Wilton Leonço Vieira Braga,85631990130,wiltonlv27@hotmail.com,94991008983,true,qv_id,false,,false
72bfb736-2faf-48d5-aa2a-e409e65c4b45,,Luiz Antonio Caçola Junior,31304229866,luizcacola@gmail.com,+5516981895600,false,,true,cpf,false
72fa7af0-17db-4099-8d9b-8708167fcfba,c1caa731-b98d-447e-a61b-a1de64f7f46f,Rafael Reis Pereira,33440480828,rafaelreis@retinacare.io,11976853171,true,qv_id,false,,false
73a1c80a-39ff-4edc-b131-3750592d4375,2aa82e21-dbbe-4935-a128-7086f2022092,Samantha Pinheiro Corsi,41676210881,samanthapcorsi@gmail.com,11979704781,true,qv_id,false,,false
73a67711-bc55-49c2-a651-282e3487bfd5,b336c65d-1203-421b-8308-457b21fca87d,Fabio Vianna Lima,02944954792,fviannarj@gmail.com,21991595935,true,qv_id,false,,false
73a7991e-5ccc-45ed-9fe5-041dd076ee5e,,Rodrigo Monjardim,,,5514997429004,false,,false,,true
73dd0264-3b89-4dd4-bb8b-d292b1e31362,,Roselaine Barroso Ferreira,31404507884,roselaine.barroso@gmail.com,+5541998693355,false,,true,cpf,false
73f9525b-1491-4f4e-85c5-a88ee9300a24,,Jairo Rodrigues,,,,false,,false,,true
74487388-4d09-487f-9a00-e5254b644f50,4f3ef8be-8d2e-4fd2-b21b-5159692483d8,Thiago Lara Vasques,92368263187,tlvasques@gmail.com,62994552848,true,qv_id,false,,false
7472ea7f-64ac-41bf-9617-2e0a601aff83,,Maksimiliano Franco,27517940848,maksifm@yahoo.com,5562981189978,true,cpf,false,,false
75423ba2-3cc7-4e40-8b3a-0b6cb1ef4159,,Cristian Amaral Pereira,98837516053,mdcristianpereira@gmail.com,+5551999652955,true,cpf,false,,false
756e6955-2a8d-4c01-ad7f-57b95d605f00,,Johnny de Geus Junior,,danigeus@hotmail.com,5541999536369,false,,false,,true
75a2940d-f367-49d9-a06d-a23d528037dc,,Mateus Klein,81140606034,mateusklein@hotmail.com,051 99974.0954,false,,true,cpf,false
75c0bb21-f261-42ef-95f4-6671f1ef3191,,Ricardo Borges e Silva,06508742698,ricardoborges84@hotmail.com,34 999386820,false,,false,,true
75c541ad-50b5-4c95-9669-6700a87feb4c,,Luiz Fernando Canizares,,fcanizares@uol.com.br,5511972828827,false,,false,,true
75eccdff-771b-4419-9b7c-03b3a056a663,a8df42a4-9cf3-4b64-b55d-21c39bd0b960,Ítalo Dourado de Melo,82305137591,italodouradomelo@gmail.com,77999051718,true,qv_id,false,,false
75fc614a-6ff1-477d-b757-048b2d5c4c2e,,Francisco Daniel Costa,01174101601,franciscodcosta@yahoo.com.br,+5511983746144,true,cpf,false,,false
763e189a-c007-4d9a-8a97-2ffbd2a0df2d,,Paulo Ricardo Baroni,11502904802,prbaroni777@gmail.com,+5511981896000,false,,true,cpf,false
768fa872-fe15-40eb-ae0a-48b337b90bce,a5eb3e6f-0106-4370-97a0-aabea833697d,Sandra Rogeria Zunarelli de Melo,01968008977,sandrazunarelli@gmail.com,41987428357,true,qv_id,false,,false
770a761a-88fc-4851-8f83-74d44ef852aa,d7a38f8d-bf8a-42d8-b7f0-0b0ab83b090f,Francisco Danilo de Araújo Carvalho,02115685385,franciscodanilo91@gmail.com,89981488549,true,qv_id,false,,false
77279a88-689b-4553-b549-ca2827ec0729,9582f530-2ab1-4369-b33d-01952096bcb9,Pedro Thiago Figueiredo Alves,11385724706,p.thiago1808@gmail.com,21999272470,true,qv_id,false,,false
77296983-4392-4de6-85c4-3579d974f571,,Douglas Covre,12083482727,douglastocco@gmail.com,27 99842-0664,false,,false,,true
775fb9c0-3f21-4154-9817-4d2acf7c3a32,ce7f2f70-8719-4b80-9982-4f4b60eb6fb2,Hugo Mendes Alencar Furtado,02919644351,hugoaalencar@gmail.com,85999953132,true,qv_id,false,,false
77f42102-71a2-4477-b584-98265cf90a96,,Júlia Silva Caiado,33730595857,julia@lebeardigital.com,19998624806,false,,true,cpf,false
7835d9a2-c9dd-44f5-a228-009b486fc27c,,Leandro Pincinato,35450372825,leandropincinato@gmail.com,5511999517105,true,cpf,false,,false
7837c0de-76b2-48d2-a03b-f46cd1be104b,31c510f2-e7fb-4df5-a39b-34377861e015,Everson Baesso,84010126949,ever.baesso@hotmail.com,46991068080,true,qv_id,false,,false
788b5195-7342-4d71-ba00-72ebe88a2f83,bc1b6e4d-fd39-4d65-b4ae-a891a855d330,Rodrigo Andrade da Silva,01644362511,rodrigoandrademed@gmail.com,71997237663,true,qv_id,false,,false
78b7b00c-2c35-4181-a16f-5e29a86d7736,5b0848a9-08a8-46e8-b843-dcee3cfb2ced,Fabrício Warley de Almeida,70917426649,fabricio_wa@hotmail.com,+5533984011414,true,qv_id,false,,false
78e83b27-2c96-4976-b1eb-0076eb86feef,01e0dc69-f17c-41c6-a11a-02fd07a91e80,Bruno Vieira Salles Buhr,11907211713,sallesbuhr@gmail.com,21992106140,true,qv_id,false,,false
78ee6128-fa96-4091-a063-05c8840c72b1,,José Julio Fairbanks Barbosa Neto,27282667861,jjfbneto@hotmail.com,5521995264320,false,,false,,true
7a55cf99-131c-4f53-b427-1f159b208554,d661ff8b-edf7-4f12-890f-9ff626afdb13,Lucas Faé Gheller,01005172005,lucasgheller@yahoo.com.br,54999908616,true,qv_id,false,,false
7a8147f8-4d9a-43af-87a1-362b5da58b2e,,Érico Yudi Hotta Pereira,35971024841,ericoyudi@gmail.com,+5511996034907,false,,true,cpf,false
7a8d2c40-e39d-486b-ac09-caa708214439,,Haroldo Silveira Heredia Junior,94194645634,haroldo.heredia@gmail.com,5531996361000,false,,true,cpf,false
7a9f7704-7787-4f78-8191-8d7581d2c1da,,Alexandre Feitoza de Mendonça,,alexandre.feitoza.mendonca@gmail.com,5581991436720,false,,false,,true
7ab42eb1-239c-41f7-8be8-f9457b917a26,,Thiago Caldi de Carvalho,21700268864,dr.thiagocaldi@gmail.com,5511999034037,false,,false,,true
7ae9874a-ec9f-42c4-a275-68f03b156e2d,,Jefferson Melônio Machado,,jmelonio@hotmail.com,5598987223920,false,,false,,true
7af5fea5-0792-4d5e-b162-ec1bac941f1d,,Alex Trindade,00447605070,odonto.alexx@gmail.com,5555996133131,false,,false,,true
7ba1ddf2-df09-4cd9-b030-e4dc3862fd71,da8da676-2d89-49eb-87c9-c2fd078f6e6b,Rodrigo Trindade Gonçalves,05990261624,profrodrigotg@gmail.com,+5561981842749,true,qv_id,false,,false
7bc4296a-2e6a-4a86-a552-540813f1ce0b,1103a569-7209-480b-a773-b9664a253543,Alyne Pontes Gurgel Botelho,61907227334,alynepgb@gmail.com,+5585987364845,true,qv_id,false,,false
7bf3c1bd-06a0-49fd-ad33-1eb50cea47ac,ffbc9d6f-be7c-4be7-92b3-e4b04f8a9fa2,Felipe Veloso Zakka,28165932829,felipezakka@gmail.com,12991954321,true,qv_id,false,,false
7c8e2265-bb56-4ea0-baba-1fc6af7d58fe,,Olivia Queiroz Sampaio,31442327855,greenhouseolivia@gmail.com,+19176874259,false,,true,cpf,false
7ca5fcca-273d-4b1a-acc6-aa31ff63c5c5,b49cc02f-5732-4c14-9865-3839fab31323,Isadhora Souza Ribeiro Santos,06755083550,isadhora.r14@gmail.com,71991341515,true,qv_id,false,,false
7cae6fc6-53e9-43c9-a810-2c8b64f01429,,Gédersson Rosato,58561404000,gederson@gmail.com,5569981114339,false,,false,,true
7cf7e046-12fe-48d9-b422-d87c8c4839d2,,Iris Pricilla Ribeiro de Abreu,31937590828,irispri@gmail.com,11979791600,true,cpf,false,,false
7d03a715-4097-4226-a6e7-6d9d359d6d88,,Gabriel do Vale Alcantara,10990164799,style.mkt@gmail.com,+5521999028874,false,,true,cpf,false
7d15c6c8-d3cd-45dc-9e63-e1c36380b18a,8947f78b-e92a-49c4-9227-52959f4b65c5,Waltemar Matias de Sousa Filho,01832845346,waltemar_filho@hotmail.com,85999053092,true,qv_id,false,,false
7d850959-61dd-49ff-b819-db5ef7ce6475,,Wiliam Soltau Dani,71249834015,wiliamdani@gmail.com,5549999820474,false,,false,,true
7dae3da2-c5be-49c7-8251-89e581f4cf0e,,Carlos Eduardo Fontenele Ferraz,88761029220,ecocaduferraz@gmail.com,+5568999822282,false,,true,cpf,false
7e4580cb-a1ab-4bd4-a629-5550b81a3165,,José Renato Abramo,98301306653,abramojr@gmail.com,+5562982144604,false,,true,cpf,false
7e69403b-1cd9-4e85-8242-49088dd35092,6c4dd16e-8386-4ea1-afc4-0d2475bd1301,Fernando Henrique Schneider,03204550176,eng.schneider@outlook.com,5566999054085,true,qv_id,false,,false
7eb615b3-a4ac-436e-8d08-c2bfa9bd72fc,,Mariana Volpi Oliveira,34459271893,mariana.volpi85@gmail.com,5519981573031,false,,true,cpf,false
7ee5b1c9-48dd-4db7-8cfd-b71c074d8e37,,Regis Oquendo Nogueira,74220373349,regisoquendo@gmail.com,+5585991481123,false,,true,cpf,false
7ef353cc-dbc1-49cc-9403-31d7644eaf13,,Caroline Nonato,01690575182,eng.carolinenonato@gmail.com,+5562981026261,false,,true,cpf,false
7ef40de7-6eae-4428-9fe4-eea2d976766a,fc16690c-c541-4939-bd3c-d98251b24e4a,Maria Cristina Balonecker de Almeida,09400590881,cristinabalonecker@hotmail.com,11992521757,true,qv_id,false,,false
7efd2012-8a1a-4bc0-bc72-a461ff0e0837,49dcdf54-61e4-40a2-8275-0efef9a5e73c,Diones Cristiano de Oliveira,34572051836,dionesmartins@hotmail.com,+5515996366215,true,qv_id,false,,false
7f1513e4-a50e-497c-b1b1-7ead28d1e9c4,,Elisangela Reges de Medeiros Miranda,68304374315,elirmedeiros@hotmail.com,+5586981169101,false,,false,,true
7f533d84-dd16-4df6-b7dd-9516109bc821,,Bruno Brazil de Souza,29398686899,brunobrazildesouza@gmail.com,+5519971497786,true,cpf,false,,false
7fdad594-16c9-4886-bb61-bdd26d2259c8,96092afa-1bb8-4ed4-8603-9349b3eb648a,Marvin Ueniton Mendes Nunes,05750324303,marvinueniton16@gmail.com,86999439720,true,qv_id,false,,false
7fec711c-34cf-4fa4-b15e-dbf691322b82,,Daniela Patriani Antonio,15256079875,danipatriani@gmail.com,5561984572701,true,cpf,false,,false
802e7970-9f0d-4931-9b9a-a53b043d8aef,,Vinicius Vieira Almeida,09228002948,viniciusalmeida.am@gmail.com,+5548991066363,false,,true,cpf,false
8039ab2a-08a0-4785-9633-678c0e50c7e5,fbe9ad84-bc6c-4a55-aa93-a02cbfda815c,Milton Sant’ana de Freitas Filho,92485120110,miltonsffilho@gmail.com,64992638778,true,qv_id,false,,false
8064b1ed-5908-4945-9499-c455f3b12d5d,,Patrícia Alves Ribeiro,08529666607,pattypatriciaribeiro7@gmail.com,31 8233-2099,false,,false,,true
806c282e-455a-47b9-bf70-251a8bf99491,2622da88-54fb-4e8b-9abf-9cf20d2ee565,Braulio de Freitas Pessoa,05075553680,braulio.pessoa@icloud.com,31996791313,true,qv_id,false,,false
809de693-705c-4822-994b-bc9d4227d03c,a2d4cd0b-07a2-4dd3-9875-2c1dc99154f6,Ricardo Rodrigues Fernandes,35072188876,rr.fernandes1986@gmail.com,14997481493,true,qv_id,false,,false
809f66f2-a65a-48a9-9e44-7a9f03c62355,,Edenir Franceschi Junior,03374466958,efjgroup@hotmail.com,+5547991830398,false,,true,cpf,false
80a63bee-6fe2-49f8-855f-cdef034f6535,f6713cd2-26af-4694-a341-80c74cdedd32,Flávio Martins de Oliveira Junior,08365294729,flavio.martin@gmail.com,21982079167,true,qv_id,false,,false
80aa458e-29ad-46d8-9cc0-9078d5e2bddb,91f8100b-4eca-411b-a6cd-f539c0bb4e46,Vinícius Monteiro Lupi,36298567801,viniciuslupi@gmail.com,11992204212,true,qv_id,false,,false
80ac10ca-d796-4793-801e-a77d6f5faabe,21ddddc3-6dfe-43bb-b609-7719450a85b0,Fernanda Cardoso Chaves,83788557168,fe_chaves@hotmail.com,11983720262,true,qv_id,false,,false
80d0410b-dc31-4749-bcd8-7e03ab15ede2,bf36ebc1-4ff7-46db-9bd2-1526b8dfa587,Jardel Tontini,73611638900,jardeltontini@gmail.com,44999930339,true,qv_id,false,,false
80e92f7f-6231-432b-883e-d6e71a3948bd,,Neylor Marcos de Lima,07971743890,travelbrindes@hotmail.com,+5519999111949,true,cpf,false,,false
80ebb7e1-4f8c-4807-9af3-be94e395d1d3,54b2df51-9d17-4c07-a4fb-4144c7c9ff78,Marcelo Henrique Nunes de Alcântara,80776035649,marceloalcantaraterapeuta@gmail.com,34992180136,true,qv_id,false,,false
8105c92e-1522-4ee5-a70b-129295e559f8,,Gabriel Terra,,gabrielterragts@hotmail.com,5562999181988,false,,false,,true
814adabf-d36a-4086-8dd1-0eb515c63fed,5a2a4a4a-8504-4fba-84ec-e82d11e9fcb5,Frederico Augustus Lopes de Oliveira,02632234930,fredericoaugustus@hotmail.com,41987849769,true,qv_id,false,,false
815b1ba2-4a4c-49fa-8e84-97f8570e3bd6,43714354-3259-49fd-9669-ed9f5a96be62,Marcos Arnold,61142107272,drmarcosarnold@hotmail.com,+5566981189143,true,qv_id,false,,false
817db31c-25c1-402d-9212-b926e3b0c519,da43d68e-6ce4-4a1c-8235-cc63fece7962,Henrique Lopes,19438701877,henrique@grupohzi.com.br,+5511992531787,true,qv_id,false,,false
820f4f4a-5fc4-4463-8904-f279cd7a3f55,,Carla Filomena Mautone,15260525809,carla@comercialomnia.com.br,+5511988887000,false,,true,cpf,false
82433712-aef1-4a1b-9fa2-f5aed1053a39,,Alberto Tiziano Dal Ben,22183925850,albertodalben@hotmail.com,5511992656151,false,,false,,true
82666ad6-8336-457b-9ef7-0f71ab9799a9,3bcf487a-7f45-48e7-b838-594df1219897,Láddyla Bezerra,05893014464,laddybezerra@gmail.com,+55 84 9694-3343,true,qv_id,false,,false
82abe5fe-aabf-480e-9bcc-341d1771ad6a,,Ricardo Fabiano Zuza Vieira,34356279808,ricardofabiano@gmail.com,+5511996620059,false,,true,cpf,false
82d00f84-01f7-41c8-9191-f213ab01e5de,,Ademir Barioni,25041684898,barioniademir@gmail.com,+5511976054916,false,,true,cpf,false
82de34be-613e-4077-9619-f6c874756b5f,,Thiago Pimentel de Moraes,06081987493,thiagomoraes704@gmail.com,+5579991008000,false,,true,cpf,false
83055fd4-ce31-49e5-a48b-fb7d811be7ff,,Mario Henrique Lott Pacheco,62869230710,mariohlott@yahoo.com.br,5534991440056,false,,false,,true
8379b7db-4e93-47d8-b4c1-506f2854f140,,Alisson Carlos de Paula Nunes,95947337134,alisson.nunes@gmail.com,48988702263,true,cpf,false,,false
838a5ae1-31bd-490a-bec3-d30c057d583d,84f6d58b-0e8c-4b75-af2a-450edfd794fb,Jose Adolfo Davoli Nabas,05875249870,adolfonabas@hotmail.com,19981411418,true,qv_id,false,,false
83a0dd4c-d032-4937-9739-00444ff3d3ac,50fb6112-de50-419e-8bc7-1fd1272a18c6,Luiz Eduardo Fonteles Ritt,97632660500,luizritt@hotmail.com,71987878599,true,qv_id,false,,false
840a995b-9121-44d0-a574-aaeed11a13d4,a5657fb7-0e5d-4e43-8efd-0d78b3593097,Diego Ribeiro de Aguilar,04353892622,di.raguilar@gmail.com,11981087040,true,qv_id,false,,false
842dd22b-81e4-4613-b3cb-f6094d9b3c32,,Mariana Fiori,07634856916,mah.fiori@gmail.com,+5561981098001,false,,true,cpf,false
84481a12-fd61-45c2-9d1d-b376e10e144d,82eacc2d-836b-4047-8fd7-cca818614e7e,Antonio Carlos de Oliveira,07493043833,antonoli@bol.com.br,19997753470,true,qv_id,false,,false
84b061fe-2519-4c41-ae0b-85de5a92708b,,Anna Carolyne Saraiva Brito Oliveira,64372405391,annaacsb@hotmail.com,5586999499333,false,,false,,true
85032fca-9b72-43f8-9063-258fde37f0a7,,Anderson Pinheiro e Silva,82859507353,anderson_pinheiro_silva@hotmail.com,+5586999301113,false,,true,cpf,false
85442300-9e1b-4d07-9642-9bfbd5572dce,,Thelma Nascimento,20086342304,thelmamn@gmail.com,55 86 9981-4241,false,,false,,true
855559cc-1806-492c-8c57-266da23aa5dd,,Eliane Mara Foiadelli Vieira das Neves,08762042807,efoiadelli@uol.com.br,11996667980,true,cpf,false,,false
8582f215-66fd-4c02-92e0-1b72c52a4bd4,64389a28-66b3-4d89-8190-e7b942c4365f,Robson Luis Oliveira de Amorim,68009569291,amorim.robson@gmail.com,92994034101,true,qv_id,false,,false
85b1b36e-5fcb-4de9-ba1b-3fd4585ed51d,,Gustavo Antônio Giolo,97252255034,gustavogiolo@hotmail.com,5545991557565,false,,false,,true
85ffa87a-9fce-4313-b96e-d1005394437a,,Carlos Miguel Silva Ribeiro,23671747846,cmribas78@gmail.com,5519999781123,true,cpf,false,,false
860d9df1-d52d-45d2-831d-47808f671e1f,,Moacir Junior Nunes Ortiz,00193301032,mjuniorortiz@gmail.com,+5547997014184,false,,true,cpf,false
8625a526-69ae-46a4-9997-48979c5f67fd,edf5eaf9-1b80-46e7-9196-619d1685aafe,Edma Aparecida Rodrigues,37160958187,rafael.rr82@yahoo.com.br,61996459255,true,qv_id,false,,false
8661fd5b-f286-4ef2-9aab-1061ac11603e,,Nelson Dias de Carvalho Junior,,neelsonjunior@yahoo.com,+55 31 9245-2322,true,email,false,,false
86848277-9116-4cb9-b3bf-dd48784fcd3d,,Rherold Santana,,rherolds@gmail.com,5562999553369,true,email,false,,false
8698975b-40f2-4ba1-a034-ab201306e4e4,,Rafael de Montier Pompeu Barroso,97926442372,rafaeldemontier@hotmail.com,5585999560045,false,,false,,true
870004d1-938a-4d15-968c-014111c7441e,,João Alfredo Kehl Spier,48247537087,joao.spier16@gmail.com,51993500066,true,cpf,false,,false
87211c1c-13a2-4a2f-81a4-167fa5ad11ef,221994fe-eb2a-4608-a0a3-8db3d27ab95c,Paulo Victor de Queiroz Freitas,05471309375,drpauloqueiroz@hotmail.com,,true,qv_id,false,,false
8737dbaf-efcb-40de-9014-901493683dd0,,Tatiana Rodrigues Costa,,tatianarcosta.adv@icloud.com,5586988548741,false,,false,,true
87c9cc49-c1da-4534-a2d3-cca83baa123d,ae7fc840-fd8a-4cff-8eed-a6abea80991b,Frederico Gideoni Albinati Batista,06820104642,fgideoni@gmail.com,31971706578,true,qv_id,false,,false
87dd00a6-e64f-4dee-bd9b-f622b5d2a815,,Nadjaneyre Linhares,05539652479,nadjaneyre@gmail.com,5511915183939,false,,false,,true
87e7ef8c-3902-41cf-958f-1a38896d854f,,Roberto Ventin,48844586568,robertom2216@yahoo.com.br,5571987543226,false,,false,,true
87f79baf-5398-40f1-9e3b-e44696774960,,Eduardo Macedo de Melo,07126449976,edumacmelo@gmail.com,+5548991953242,false,,true,cpf,false
881b9ac4-f6c3-4c3e-926e-bb0b679b8e5a,b6e4bf09-4816-4c9e-8b63-165c5f1690ff,Ana Teresa Carvalho Vicentini,07645221836,ana.teresa976@gmail.com,11992340352,true,qv_id,false,,false
88633a79-2d52-49ca-a97b-fa28e502fbf2,,Erivelto Leal de Oliveira,19366620272,eriveltoleal@gmail.com,92981231731,false,,false,,true
886dfe23-867d-478f-85c8-bf0507c0a5ac,,Elizabeth Borges Dias,37899317649,beth-bdias@outlook.com,5531986280216,false,,false,,true
89f03fab-4637-4092-9ea2-edaf98cab864,,Daniel Salgado Karpinski,02309053074,danielsalgadokarpinski@gmail.com,+5554999926112,false,,true,cpf,false
8a26c175-14a5-44f4-b79a-c29c9e98c9bb,773341f5-dbe1-4914-b2b6-4528f3053c18,Cleber da Silva Sampaio,12755172851,cleber.sampaio@imagem.med.br,21999332792,true,qv_id,false,,false
8a54ceb0-5b08-4c92-9335-94d15d51ca05,,Rodrigo Pereira de Freitas Santos,,rodrigo.santos@terezasantos.com.br,5531984984336,false,,false,,true
8a5ebfee-5dcd-4ba0-acc8-0deb70ede3a6,04d5708b-6e2a-4be5-932b-3d4cad1f4200,Claudia Susana Lamperti,94517304000,claudialamperti@bol.com.br,5551995908880,true,qv_id,false,,false
8a621649-ced3-423e-bba6-3ead2ea17e40,6d2221b0-89dd-4e81-84ef-d89a9a6053d6,Luis Kazuto Kobayashi,12445859808,luisfremar@gmail.com,11996529073,true,qv_id,false,,false
8a656d59-bd07-47b0-bbd0-7d72a251f234,,Ildemberg de Oliveira,52740331304,,5595981177677,false,,false,,true
8b070814-0e29-42ea-a123-bd95a8c6f111,,Rosiane de Jesus Costa Ribeiro,28856767368,nane.malu@gmail.com,+5561996777974,false,,true,cpf,false
8b393b62-737a-487a-8a03-ae26e2446aec,0cd1fb7d-c337-498e-abfa-74b0be268b04,Alessandro Galvanin Santoro,24542826821,santoro.gal@gmail.com,11982711032,true,qv_id,false,,false
8b45a6bf-6995-4cd8-bcaa-1e0fb2d2812f,,Jonathas Alberto Ribeiro Abdou,30711205833,jonathasabdou@yahoo.com.br,+5511993487652,false,,true,cpf,false
8b5198bc-18f4-4192-82f1-667f54c221a1,,Eliezer Ceribelli Junior,03695916907,eliezermed@yahoo.com.br,+5544991237893,true,cpf,false,,false
8b74be55-a106-4143-afab-30a7dc9af749,,Marcelo do Nascimento Pimenta,32630624846,pimentamarcelo@gmail.com,+5511999700107,false,,true,cpf,false
8b92edb1-52f6-4c1c-a066-878071de2905,,Vander Paulo Ribeiro do Nascimento,02467344770,vander.paulo@gmail.com,+5527999114829,false,,false,,true
8bdb573e-37dd-420d-a914-143a8c37729b,,Maria Fernanda Cunha de Figueiredo Torres,25733688823,mafetorres2211@gmail.com,5519997972407,true,email,false,,false
8be0109d-7674-4cac-951e-5ddcbd0c6a4e,,Lourival Rech Junior,82141525934,lourijr@yahoo.com.br,5551995372764,true,cpf,false,,false
8c1e6a02-8a6b-4c0c-9485-4e7738ab5dd5,a2de325e-5f3b-47cb-a06e-93cd74a3a051,Alain Rego Moreira,02924644364,alainrego87@gmail.com,86994151617,true,qv_id,false,,false
8c2f93a4-5ee6-43ec-9f5a-a8526f08a343,4789d78a-37b2-4077-a955-2509bdb8d0a9,Ricardo Enzo Susini,14363061839,ricsusini@gmail.com,11995885431,true,qv_id,false,,false
8c745997-54aa-419e-8f07-50419956b6ae,,Ivone Marly Rodrigues de Castro,17148987253,ivoneecastroo@gmail.com,+5591981155896,false,,true,cpf,false
8c9a0983-e37e-4c32-8dc2-8b0795240dd5,a786ebcd-3a4e-4114-ac18-31e9bca5bbf0,Soeli Rak Roberto,56635419934,soelirak@gmail.com,41985166507,true,qv_id,false,,false
8ca4b6ab-d719-4e74-a652-33838846b806,f327f24a-9776-4e3c-8829-21b101f1dd20,Sandra Antiqueira Ferreira Miguel,11371230870,sandraantiqueira@hotmail.com,11999449866,true,qv_id,false,,false
8cc58879-18b0-4a2f-809d-5a206b1bf4bc,,Marcelo Adelino Asamura Azevedo,33908262895,ma.asamura@gmail.com,+5511940485506,false,,true,cpf,false
8cf7677b-94c3-44a1-915e-53c1922d8574,,Thabata Aurita de Toledo Moraes Pereira,37496268801,thabata.moraesp@gmail.com,+5511997305559,false,,true,cpf,false
8d8451a6-4bc0-4837-9219-a040eb71345c,4675ada3-b662-446c-8a52-2317dd7e1e75,Adriano Freitas de Assis,95103635534,adrianoassis@hotmail.com,71991610747,true,qv_id,false,,false
8df2a28f-7c30-425b-94b8-12b137361dd9,83a84e54-bdf5-42a5-a390-66d43cc1d5d6,Ana Paula de Oliveira Mota Amado,07564148730,amado.anapaula@gmail.com,+5522992515274,true,qv_id,false,,false
8dff3789-1273-4b2e-85d1-a04cdc993087,,Adriano Cruz M Santos,22713333857,adrianocms@icloud.com,5511982486518,false,,false,,true
8e14e8f6-a993-4773-b12d-29957fbd80da,,Rhuan Paulo Lopes,,rhuanbarros@gmail.com,55 51 9170-0000,false,,false,,true
8e95ef09-fe0b-4cbb-ad22-3d5bfd5f8508,,Raimundo Ferreira dos Santos Júnior,83439722104,raimundo.colombo@gmail.com,+5561992285188,false,,true,cpf,false
8e97579d-01b9-4e96-867d-30f1f8ab5b33,aec9a8ac-a4ca-430e-bb6d-4dc3d5fca11e,Andre Souza dos Santos,04099158900,dreandso.br@gmail.com,41991818196,true,qv_id,false,,false
8ea1290c-900b-4f76-a56b-549613a4415a,431387ac-05dc-4117-948d-2f331077ec56,Marcos Campos Mancebo,17913050756,mancebo.marcos22@gmail.com,22997634238,true,qv_id,false,,false
8ea421dc-cf84-4c0d-90a0-fe49b45b9d80,,Marcio Yoshikatsu Medeiros Sakurata,26207636813,msakurata@yahoo.com.br,+5511940448000,false,,true,cpf,false
8ea47e16-3fb6-4f31-9e5e-273031096847,,Francisco de Assis Vale Junior,02683352301,juninvale2@gmail.com,+5588997132495,true,cpf,false,,false
8f5832f0-f101-4d57-a6cd-61f901710838,,Rogério de Araújo Assis,77903757253,rogeriocpt@gmail.com,5591984267812,false,,false,,true
8f66c79c-43a1-4bb5-8b71-8bb81fbd1b46,e9d9b626-3aa9-4756-8c77-82a7a4ab5f76,Marlene Alves de Oliveira,75261430925,marlene@marlenemodas.com.br,44999162173,true,qv_id,false,,false
8ffa4b91-f793-4eb0-bf2f-a2a1c2307b4f,,Mariana Pereira,,mari_unespfdf@hotmail.com,553588648606,false,,false,,true
900cb14b-8a35-46b4-8ea4-3ce7a268827b,b999528e-55e4-45ef-8fea-75745bd87c16,Raimundo Pedro Costa Junior,05064443331,pjvnsa@gmail.com,+5511953282382,true,qv_id,false,,false
9013fd23-affc-4888-a378-9e0f3187c25e,,Raphael Ferreira Minato,04238987950,raphaminato@gmail.com,5543991412996,false,,false,,true
901f10ff-4d83-45c1-8120-2685136d1af9,79b2653e-9019-4915-80d0-6ef6671c7e50,Lucas Machado,08561994940,contato.lucasmachado@hotmail.com,+5544991712399,true,qv_id,false,,false
9033931a-ef5b-453b-a93a-18e6d2619980,972415bf-ac2f-4ec9-b6c3-d7df08efa43e,Rimaldo Barbosa de Sá Júnior,08687747748,rimaldosajr@gmail.com,+5524981160958,true,qv_id,false,,false
908a6b0d-d0a2-4d13-af4c-50c5e055f7db,,Thiago Alves Derrico,21604625864,contato@thiagoderrico.com.br,5512991920000,false,,false,,true
90b159fe-25db-4702-b784-7ce71efc3d78,7a0b9eb1-875f-409c-9bbb-095c1cc879ae,Liara Nakamura Hirota,36827941825,liara_nhirota@hotmail.com,11953068989,true,qv_id,false,,false
91196563-f911-42fb-b06e-ac9536e83fd2,aa29215c-310f-47a5-bbdb-e23352e7b8a1,Luciana Maraldi Freire,70878650210,lmaraldi@gmail.com,+5569999791313,true,qv_id,false,,false
9122505c-3d6e-4c44-afb2-8817bfa7a817,,Giselle Schimidt Ragazzo,22256240894,giselle.ragazzo@gmail.com,+5511982339780,false,,true,cpf,false
91257ce9-3d49-4ed2-b07e-9b744c905c86,,Daniel Vasconcelos e Beatriz,26841281896,danielcvasconcelos@yahoo.com.br,5522997476171,false,,false,,true
912ec32a-f85a-4e89-9a33-318c628e1efe,,Maria Aparecida Barbosa Gomes Menezes,39929426515,aparecida.menezes20@gmail.com,5574991591613,false,,false,,true
91587e18-3ff7-4641-a5ed-ebae5261d46e,,Luciano Passoni,25869073880,luciano_passoni@hotmail.com,5511981877443,false,,false,,true
91603c15-3c12-47d1-93bb-2dd22fe7176e,2dade1b2-8315-4483-be1b-3dbde7395d7a,Alan Basílio Martins,30678287805,alan@alianzalab.com.br,5511957294005,true,qv_id,false,,false
91691931-e2fe-4a21-8f4b-324c02b847f5,,Guilherme Maximiliano Lima,29537294889,gmaximilianox@gmail.com,+5515996830573,false,,true,cpf,false
918028dc-6c28-43a7-a533-4c7562ac50e0,4c6b63c6-fc41-4aa2-9f3d-3e2848a34660,Marisol Perdomo Rodriguez,06584414183,marisolperdomo34@yahoo.es,11972327760,true,qv_id,false,,false
9191343d-9c70-497d-bdbf-64ab69c3b8db,,Mauricio Izidoro,29433893824,mizidoro.com@gmail.com,5511992203663,true,cpf,false,,false
919a2bc5-70ed-4915-b3a3-e2ade9b99c69,e1e438f7-9c1d-40c5-85b7-27caf975d2f8,Zanon Kusowski Santos de Macedo,04533625916,zanon.macedo@gmail.com,41999128101,true,qv_id,false,,false
92499491-4e9d-49e1-b915-64a6ffa3d209,48fd2e00-f38f-4c25-89bd-0b9c34364805,Lígia da Silva Ramos,06842066840,ligia.ramos.volpi@gmail.com,11983899639,true,qv_id,false,,false
925b510d-ac2b-4311-ab4b-e5672f26da48,6a0851c5-9c17-4b88-94b5-fce72869401d,Wellington Bitencourt Ávila Milhan,04923304928,wbam85@gmail.com,45999206063,true,qv_id,false,,false
92c0211f-e1dd-4a75-9cea-0942ccb5885a,024a4d33-22dc-4357-a09c-8c9d49308c83,Ricardo Costa Vieira da Silva,24810704882,ricardo.silva@ymail.com,21969547033,true,qv_id,false,,false
92c45c38-c1fd-44ab-aaec-88e246f9b434,,Tatiana Vitta da Silva,26694341857,tativitta07@gmail.com,+5511957924167,true,cpf,false,,false
92cd6edc-c547-4d2d-9667-a3d9bf558ce5,,Lauren Cristina Fialho Nether,95915540015,laurennether@terra.com.br,51994466658,false,,true,cpf,false
92e02ed8-f673-4a89-9939-059898d584a8,,Simoni Herrero da Silva,01144998107,simoniherrero@yahoo.com.br,+5565996017687,true,cpf,false,,false
92e3c234-2ed6-4303-a239-92a973a347f4,,Cícero Bahia Teixeira,81466250534,cicerobteixeira@gmail.com,5521982251774,false,,false,,true
92fb53c5-d39f-482f-936d-32b0226396f1,eaa9e800-be1a-4312-ac7b-67f4b1897779,Gastão Von Muhlen,72587059020,gastaovm@yahoo.com.br,51996853091,true,qv_id,false,,false
931231c8-0a86-48cb-b6fa-00dbfbc72842,4dc417d6-5146-4f2b-9687-9474e2eb7bea,José Carlos de Lima,50727850415,zecarlos_ufpe@yahoo.com.br,81996400084,true,qv_id,false,,false
93697a4d-563f-480f-b7d8-dfb32cfec9a5,fb8e1c39-3738-4003-aee9-f783bc54f7e7,Irléia Reiter Marotte,69235457904,irleiareitermarotte@gmail.com,47996610279,true,qv_id,false,,false
938e322a-d4ee-4321-a698-f607d3b29bb6,77268120-e227-4cd6-9c6e-87842789560c,Daniela Adriana Jaldin Ortuño,13599463735,dra.danijaldin@gmail.com,21996917905,true,qv_id,false,,false
93c29331-0e86-44ee-a332-e8bb92a442d1,fb778d8f-4bc7-45ab-aff3-bef7ffcb38e7,Janice Lima Silveira,11442868678,janice.limasilveira@gmail.com,35992520864,true,qv_id,false,,false
93eaea35-4622-4b0a-bab4-e10f59387b5d,0299e8bd-515d-41f8-bb8d-2478b25c6e76,Ivens Filizola Soares Machado,04153463396,ivensfsm@hotmail.com,85996352178,true,qv_id,false,,false
93ec5743-72ba-4b3e-a3c3-e94131903c87,68caba76-9098-478e-b876-1b025aa0991b,Daniel Carvalho Angelo,08583674752,dcangelo13@gmail.com,21979113644,true,qv_id,false,,false
940e0244-2f4a-42f8-900c-6a93da550727,,Debora Galvão,42464129100,debora@deboragalvao.com.br,5511999548167,false,,false,,true
944fcb6f-717a-4f50-8b0e-765b0b4355b3,,Marcos Rollemberg Mollo,89607422104,marcosmollo@gmail.com,+5561981230910,false,,true,cpf,false
945b9e0b-7667-4c70-b12c-ae38e4e9d14a,,Luiz Venancio Duarte Fonseca,,luizvenancio10@hotmail.com,5531992375555,false,,false,,true
9471273b-ab78-42ab-9be3-ed8393576b54,,Lejandre Karol Fortes Meneses,64159124372,lejandre_kfm@hotmail.com,+5515991110813,false,,true,cpf,false
94915011-901c-4e6f-867b-195c842d3bda,fd6ccc43-1dad-4ef1-8975-0786e351782c,Celio Viana da Silva,05019805637,vianacelio@gmail.com,31992760132,true,qv_id,false,,false
94b0f06c-c02c-458c-b0e2-6216227cddfe,,Caio Ivo de Almeida,34233174854,caio_ivo@hotmail.com,+5511976192117,false,,true,cpf,false
94f89eb2-0566-414b-b59e-f6cd75448f04,416c690a-006e-4a84-bed6-0d5f120c9e72,Wanderson Mário Cavalcante Olímpio,02933364310,wandersonolimpio@gmail.com,98981316795,true,qv_id,true,cpf,false
94fd149e-8d78-4686-b407-a52d59e0f111,b35a62cb-d638-40d2-9e41-ae08bfa93085,Rui Felde,06847245883,ruifelde@gmail.com,43998561116,true,qv_id,false,,false
9519ce54-aaa7-4fb6-b6ed-3b2de698822e,,Roberto de Paula Correa,15417331856,Robertoadvogado@outlook.com,+5511965640064,false,,false,,true
951cb145-5fe9-4bd0-a5f7-b5247ddf0713,,Márcio Watermann,61494216000,mrcwatermann@gmail.com,5551981290884,true,cpf,false,,false
95278914-b3ef-43bf-9885-948a6c67b7bd,,Mizael Coelho de Sousa e Silva,03409329374,mizael.proc@gmail.com,+5599984012132,false,,true,cpf,false
955cdd9b-ce91-405a-bcd9-6acd329e1a5a,cabc6d60-c879-4ea5-b0c5-504e5cc0cfca,Marcos Eduardo Garcia,52435695691,marcoshaskell@gmail.com,12981416354,true,qv_id,false,,false
95652855-bf12-4ad0-947b-38adfccac1e1,6b36ea55-57d9-4f13-9471-35707c91ed74,Marcel Rene Todesco Weldt,76839923991,marcel@leoclean.com.br,41999762846,true,qv_id,false,,false
9592fce7-6b0e-4956-b1b8-ca41bba4bbdf,7cd76e14-379d-4ba9-b7d1-55a1686122cd,Ingrid Schwach,28563411870,ischwach@hotmail.com,11981587009,true,qv_id,false,,false
9605527b-5ed7-432e-9619-b7d55ef608a5,2d38fc11-95ed-405b-a15a-4a3d589e9007,José Roberto Andrade Filho,56726503920,joseroberto@geha.com.br,+5541999576710,true,qv_id,false,,false
961226e6-8e46-45a8-9666-4a8f0d16888e,255c3f7f-5f3d-4449-83e1-c51f4389528b,Adriano Giuseppe Lecce,07512206801,adrianolecce65@gmail.com,18997518887,true,qv_id,false,,false
963ca7da-d07e-47f3-9e14-313bfef292e2,3541e298-d72b-44e5-9abf-d53e750408a7,Luiza Aparecida Bueno da Silva,37514762884,luiza.bueno1990@gmail.com,+5521990659013,true,qv_id,false,,false
963ddbf6-e041-4349-930e-454d0fbe417d,97d1bd2a-3216-4b80-b69a-9c8618959410,Felipe Andrade Rocha,02797175557,felipeandratte3@gmail.com,75992536175,true,qv_id,false,,false
9643083c-18f9-44ad-b1b1-3b7b626ad51e,471f70cf-b315-4610-92d0-65563e336145,Rafael Mercadante Júnior,25239301883,rafadantejr@gmail.com,14981180808,true,qv_id,false,,false
966d6307-cc71-45c6-bd69-874879076e26,87a59412-d10a-42ce-9924-933e5dbbd00b,Juliana Siqueira de Souza,05885014680,jussj@hotmail.com,35991161507,true,qv_id,false,,false
966de61f-536a-414e-9755-bdfea5978f8d,,Rodrigo Oliveira Morandin,96076577053,emagrecendocomrodrigo@gmail.com,5547984335599,false,,false,,true
968d5786-cfd6-4664-afda-b1e287f38934,,Renata Iversen,24687319807,reiversen@hotmail.com,12997865128,false,,false,,true
9698cd9e-2908-440d-999d-cf3f3f0c1c1b,,Maria Claudia Steiner Ferme,15145108800,mcferme@uol.com.br,11982451865,false,,false,,true
96e22e88-a56f-4ee8-b24a-104e72ab019c,,Guilherme Romano,61013854187,,5521971291974,false,,false,,true
971b37db-fa59-406d-8877-15e8840545d4,37b399bf-66bd-41aa-9ae7-ee18dc5d4026,Annathércia Said Skeff Soares Neiva,82288283300,annatsaid@yahoo.com.br,86994522705,true,qv_id,false,,false
97278c95-356c-4294-8874-8052a5a69262,,Gabriel Bacagini Guedes,31857650875,gbganest@gmail.com,+5511975130726,false,,true,cpf,false
972975dc-b0e0-4168-8fc1-f36dd4c971e9,,Luis Kobayashi,,,,false,,false,,true
9762b28a-7057-4957-8c58-f7db0e2a645f,,Marco Antônio Sobrinho Espindola,69894353134,marcoasespindola@gmail.com,+5567992970349,false,,true,cpf,false
977fb292-8761-4c14-a47f-9eb585321ed5,,Maria Christina Costa Sousa Camões Ranevsky,62737570700,cranevsky@gmail.com,+5511992710822,false,,true,cpf,false
97fa111f-6b40-4dca-9264-2566b4779ace,,Merylin Daiana Datsch Cordovil,04603722974,merylindd@icloud.com,+5541996550255,false,,true,cpf,false
97fe3dd0-7b8d-414a-905d-b4e86af3be64,,Suzane Elias Santos,84184337104,suzaneelias@hotmail.com,5562981453684,false,,false,,true
9801b267-b2e8-4d2d-95ab-2aa780d63311,27a282ab-ff0b-4318-adbc-3a4ae765e5c8,André Noronha,35519287899,andre_noronha5@yahoo.com.br,18981560436,true,qv_id,false,,false
981b4993-2ad1-4edf-b2c8-db1767a268a3,e8615330-dbbc-43e0-8a5e-cdb9df2b8101,Emerson Emerick Tannus Cheim,92683134649,emerickvni@gmail.com,28999855000,true,qv_id,false,,false
98215e9c-87e6-4806-85d8-d6a91bcb6ea0,,Leonardo de Araújo Nonato,22902116802,eng.nonato@gmail.com,5534998151903,false,,false,,true
9864441f-4309-49db-bb0a-887bf99b5d9f,,Allan Nascimento de Mello,32982568896,allan@kfnight.com.br,12996110012,false,,false,,true
9869a699-b73b-4fd2-9155-33a4c848818d,1d5149ed-f3ce-42f6-affd-460d7d163aed,Alexandre Corrêa Ondei,07074564958,alexondei@gmail.com,+5551998110885,true,qv_id,false,,false
9884152d-c3f8-4097-b50e-ada304bb0ed3,,Ricardo Alves Lampert,60737204087,mdrlampert@gmail.com,+5551998608375,false,,true,cpf,false
988963e7-391e-43e7-842a-3cb0647be3e7,,Marcelo Henrique Thomé Campbell da Fonseca,02642024229,marcelotcampbell@gmail.com,+5592993441707,true,cpf,false,,false
98e19268-5f0b-4962-ae1d-9fa809977618,,Paulo Roberto Cardoso,37923846049,prcardoso@live.com,+5548998296565,false,,true,cpf,false
9997e796-7d06-4416-b88e-124798932ba3,,Lenis Laura Alvarez Colpaert,89593014853,leniscolpaert@gmail.com,5511953247178,true,cpf,false,,false
99c3187b-94aa-4418-a622-23de04cb520f,99184890-cc82-4a4e-bbfa-f24f5f5f6776,Caio Augusto Sandrini,24727976803,caiosandrini@gmail.com,79991276666,true,qv_id,false,,false
99d928aa-d154-45e9-9864-286f388271c1,8d7c8ad7-0eff-4491-8372-9e6a53213f31,Danilo Mardegam Razente,07805499969,dmrazente@gmail.com,11994872850,true,qv_id,false,,false
99f8f6b8-1b0c-4afa-854d-53aae0ea24c0,,Eloísa Lauritzen Câmara,04688631413,eloisaderma@gmail.com,+5583999921298,false,,true,cpf,false
9a2d638d-2bfe-467a-9a8b-e118fa9bcb9b,,Gabriela Ferreira Felix,05987171377,gabiferreiraf@gmail.com,+5586981552911,false,,true,cpf,false
9a3dcae9-7a48-4639-81ff-4b176dd4eec0,,Marcius Beltrão Siqueira,53653432472,marciusbeltrao@gmail.com,,false,,false,,true
9a500cc7-b149-45ad-91e9-db31e700d4e9,b48675cd-b310-44b6-8945-128e0ecc9397,Heloisa Andrade Gomes,02012198163,heloisandrade.gomes@gmail.com,+5561982601744,true,qv_id,false,,false
9a7bb6c7-45fc-470f-9e36-eb066494b777,c74be7a7-1dea-4110-a7d5-87d612f69703,Fernando Corrêa de Faria Júnior,09894502601,fernandojrjunior@hotmail.com,31984162107,true,qv_id,false,,false
9a7ebc60-3201-4288-885e-11e6fbf6c46e,,Janaina Machado Eizono,,janainaeizono@gmail.com,6198195034,false,,false,,true
9ac127a6-5b68-4f1b-9f0c-28f1142a3cce,,Eduardo Jorio Machado,,dr.eduardojorio@hotmail.com,5533999716989,false,,false,,true
9adf7f9a-64ff-4cae-9d4b-8d82d8dbfe6d,9781d763-112f-47fd-893a-2b2ebbeef7ae,Marcelo de Souza Vieira,05073338960,marcellomescla@gmail.com,47999361388,true,qv_id,false,,false
9af6f133-0be4-4b8c-acd4-1f25efa24f2b,,Fernando Pompeu Luccas,27339337873,fernando.pompeu@pompeuluccas.com.br,+5519996055275,false,,true,cpf,false
9b2bc013-72b5-4c59-8b54-f21088dfe1e6,910c9bb4-702b-438c-ae25-962193fb259e,Larissa Helena Koller,02455884937,larissa@meufrentemar.com.br,47999779887,true,qv_id,false,,false
9b5f2e89-6822-405a-a154-00c3bc971e1d,9e342611-5201-4dea-8983-046759bb0a4c,Lucieide de Fátima Pereira,48491390197,lucieidepereiramed@gmail.com,94991445444,true,qv_id,false,,false
9bb3754d-1321-4664-9980-fc53f7bf983d,,Dulcilene Aparecida Roque Martinis,73600857991,dulci.006.pet@gmail.com,+5544999032669,false,,true,cpf,false
9bbf3993-14c3-46ef-9f91-967a227711cb,,Ângelo Barbosa Lovis,02904121617,2rideanapolis@gmail.com,+5562999120404,true,cpf,false,,false
9c63bd2a-2127-406b-84ce-616507205bfb,,Thiago Nicolatti Menin,39536044811,arq.menin@gmail.com,+5511998849694,false,,true,cpf,false
9cae6388-a687-4834-97fc-d1ee7e855f38,6c8481e3-7be2-489c-a8e6-f6e4fc6c6f21,Matheus Alves do Nascimento,02168688311,matheus.an88@gmail.com,85988299189,true,qv_id,false,,false
9d366e50-a984-4bf3-a978-d8427f78e731,040f8496-c189-498d-8a14-dafa31f96c37,Fernando Alberto de Melo Porto,07830879770,meloporto@hotmail.com,+5568984021350,true,qv_id,false,,false
9d5cbe56-ae6f-420a-bba4-afad58e701ba,84c5ff21-ce04-405f-aa80-91ad891593f8,Diego Cesar da Silva,06064203986,silva_diegocesar@hotmail.com,47991013889,true,qv_id,false,,false
9dc9ec40-3034-459c-9a6c-e41334ee6428,,Henrique Sillman,36546944898,henrique.sillmann@prometal.com.br,5519991929339,false,,false,,true
9e06aafd-c5c0-4453-817d-61105a112c49,,João de Souza Filho,75132800882,drsouzafilho@hotmail.com,+5511976207462,false,,true,cpf,false
9e11752e-e834-4817-b579-401f48c41e49,,Fabiano Tenorio Quintiliano França,81562632434,fabiotqf@gmail.com,+5582999992874,false,,true,cpf,false
9e1b29a3-ccd2-40b2-b926-c7b13499f048,516009aa-1410-4e63-9b7e-5bcef9b61d9e,Rodrigo Augusto de Aguiar Guedes,92015964487,raaguedes@gmail.com,81999766996,true,qv_id,false,,false
9e38e909-54e7-4e99-a79d-9fa80164f4de,b17026ae-3211-4ee5-828e-b0351d2bc180,Rafael da Conceição Rosário Leite,11520519702,rafa.leite51@gmail.com,22998138999,true,qv_id,false,,false
9e50321b-caa8-41c4-9567-daae3ae35394,,Neville Carlos Goncalves Junior,13022200803,nevillegoncalves@gmail.com,+5511948081133,false,,true,cpf,false
9e678a91-bc8c-4505-a491-a74e755ac721,16e79906-8ba9-42c0-baf7-91660a59b182,Karoline Ferreira Martins,09470196694,karolinefmartins@gmail.com,61982142884,true,qv_id,false,,false
9e6ddd3a-76c4-425c-92ec-8a209fd1972b,,Keila Marcia Motta Ferreira Pinheiro,05595749750,keila.motta@hotmail.com,5527992367128,false,,false,,true
9ea9fcc7-8260-44e0-a66f-36c1fcf033b1,6a80c7e9-befa-476d-8601-aa9675d5ce6a,Arthur Silveira Neto,47376279334,arthur.silveira.neto@gmail.com,81993399152,true,qv_id,false,,false
9eb3009f-4f0d-4246-8b93-ecaecc1c759b,dabb9857-72bc-4d3a-a210-03e7c893de72,Kássylla Regina Capinan Teles,05339395189,gestao@gtexportacao.com.br,66996777275,true,qv_id,false,,false
9eba3889-bd7f-4a62-9692-053de4ab0148,,Samuel da Costa Pimenta,09704072627,samuelcostap@gmail.com,+5531988953993,false,,true,cpf,false
9ee99099-a319-4bdf-b1cd-fa8fc064bf72,,Karise Correia de Lima Crivelli,00234199113,karise.crivelli@gmail.com,65992091724,true,cpf,false,,false
9f06dda7-f8d1-413e-9b65-ed070d183636,89abd8af-b226-489d-9bcc-4de58f5e70e6,Gabriel de Oliveira Rodrigues,34709817871,gabrielrodrigues08@yahoo.com.br,12981678127,true,qv_id,false,,false
9f3a3c26-4b3b-4143-9a82-bd04417b55e0,,Daniel Alexandre Tavares Archanjo e Silva,10835212769,danielalexandresilva@live.com,+5521980223399,false,,true,cpf,false
9f4a760a-917a-4535-9eed-3e46e65950fc,,Karyna Bustelo Saab,,karynasaab@hotmail.com,5541992061234,false,,false,,true
9f4c3480-4652-4bef-a199-c7b7315ee344,,Manoel Estevam de Farias Filho,69939861168,manoel.estevam@mapah.com.br,+5562981010217,false,,true,cpf,false
9fcad240-a3ab-45a6-bd96-2c48cc537124,,Floriano Soares Moreira de Andrade Filho,08973146890,floriano@handway.com.br,+5511993737345,false,,true,cpf,false
9fec1933-3720-4449-8aeb-48974650c589,7ba79756-9557-4f6b-8fb3-ceb689417c74,Claudia Del Claro,00349419914,claudiadelclaro@hotmail.com,48999626178,true,qv_id,false,,false
a0109555-93fd-408d-b059-e8105fac8ac2,47f0bd16-1989-41cc-9cbd-a983c664c691,Guilherme Santos,70596700172,fishguil@gmail.com,61998490110,true,qv_id,false,,false
a01f483a-7443-4cb8-9988-c529bd899522,4008dbf0-c318-4eb9-81e2-432265c0a4f6,Michaël Vieira dos Santos,05347872829,michaelmvs@hotmail.com,11991563205,true,qv_id,false,,false
a042bbf0-980d-4b65-8126-0d2164374829,260e14fd-5b2b-4a50-a909-35e733ef083f,Marvio Gomes Pessoa,45321760349,marviopessoa@gmail.com,+5521983730277,true,qv_id,false,,false
a07be6c2-15db-4f42-a9cb-561bdb464555,,Daniel Jacintho de Toledo Cesar,08039403863,danjacintho@uol.com.br,+5518997161616,false,,false,,true
a0e0d28d-18bf-4369-8603-95784e583ee8,,Joao Mario Estevam da Silva,27135603818,joaomarioestevam@icloud.com,+5511994437961,false,,true,cpf,false
a1111ac2-9036-4a8a-b259-934de11c6c34,,Omar Alexandre,89722990063,alexandrebertholdi@gmail.com,5555992302615,false,,false,,true
a12b94ed-e569-429c-adc0-b1fbc1317a49,cda2f95a-7308-4633-8d1c-08d12594583a,Renato Olivato de Oliveira,31124761829,renatoolivato8@gmail.com,+5519997050783,true,qv_id,false,,false
a17d9c4f-a84f-4a42-8ecd-c632588fc85e,,Simoni Cristina Vieira Felisbino,03972760957,s10vieira1@gmail.com,+5544997733657,false,,true,cpf,false
a1a7c0c6-972d-4e27-9beb-652f583e4dd4,738fcc5d-3741-4a68-9fa4-4ab26f9490d4,Maiza Novais Pacheco,09801808640,maizanpacheco@gmail.com,+5511962779888,true,qv_id,false,,false
a1ae443d-66ce-424d-8b70-93812a2f9723,,Kleverson Ferreira Mores,92858830100,kleversonf@gmail.com,+5562994643939,false,,true,cpf,false
a1d4687a-ef54-4022-a528-30c8eab86bfe,,Afonso Marcius Vaz Lobato,41163443204,afonsolobato@advassociados.com.br,91981160810,true,cpf,false,,false
a1dbf627-d0d5-41ee-a25e-f344f52cfe83,,Luiz Fernando Nicolodi,,luizfnicolodi@gmail.com,554198658155,false,,false,,true
a21cfd16-b6fc-461c-9aee-734aa49b73df,,Camilla Sandri de Oliveira Pinto,10797861718,camillasandri.o@gmail.com,,false,,false,,true
a245c297-8f9d-4ef0-a59a-1e36509d20e7,,Cristiano de Jesus Santos,90734840144,cjscristiano@gmail.com,+5562996105508,false,,true,cpf,false
a267f026-4ca8-4cf0-a18e-36b1989e967b,,Rodrigo Osvaldo Bilk,07019851940,rodrigoobilk@gmail.com,+5547999876163,true,cpf,false,,false
a28e27cd-4e25-4d3c-8669-f9b402e5c8b8,,Alberto de Souza Pereira Filho,07573986777,alberto@supraalimentos.com.br,+5522988069915,false,,true,cpf,false
a2be101c-8b63-48e6-8ac2-33cc39631f63,,Carlos Alexandre Martinelli Pereira,10582744733,carlosradiol2@gmail.com,+5511987728759,true,cpf,false,,false
a2fba0ea-e258-4a89-885d-7d1881a120b0,,Cleiton Luiz de Andrade,,andrade.cleiton82@gmail.com,5547988798000,false,,false,,true
a3062199-0dd2-4130-b84e-eb18760a866d,cf88cb44-ae63-4804-9bd4-d9fb897dff63,Eizo Yabusame Matsumoto,01933403136,eizoym@gmail.com,67999881850,true,qv_id,false,,false
a32bb937-d81e-42f7-9b25-84a6e8489f9f,e6233373-d898-4ba4-9930-c7a3cddc286c,Carlos Henrique Barros Amaral,67892744487,carloshbamaral@gmail.com,82991066473,true,qv_id,false,,false
a32d0411-4b55-4ae6-b531-56b3fe8a1f6d,,Roberto Nunes Campos Filho,,rnunescf@yahoo.com.br,+55 71 8872-4857,false,,false,,true
a32f76ce-2f83-42e7-91e2-0b7fb999226e,2a842a1e-18e6-4ec9-94d6-9bf9a56f69e4,Felipe Ziccardi Rabelo,27157150808,felipezrabelo@gmail.com,13981776699,true,qv_id,false,,false
a374a894-0468-4d07-a633-e246d946449e,,Mônica Vargas Abrucese Miranda,,monicavargas@uol.com.br,19 992123233,true,email,false,,false
a383d7cb-66b0-4064-b7f2-558cd7b1793f,,Fernanda Cristina de Oliveira,32637304871,oliveira_908@hotmail.com,+5511998344648,false,,true,cpf,false
a39312b0-4b91-41d0-b671-ad78de237ab5,8a4918d3-821a-4bdb-9394-18180ca9344b,José Tadeu Pereira A. Silva,01536319104,tadeujt@gmail.com,67981943796,true,qv_id,false,,false
a3eea197-7f17-44d6-811b-819b3875e015,,Ricardo Soares de Souza,34038067823,3ricardosouza@gmail.com,5522999792227,false,,false,,true
a3f4df17-622e-451d-8d0e-124c9fb3d0ed,,Juliana de Toledo Pierri Ribeiro Sampaio,37291649889,julianatprsampaio@gmail.com,5519995995019,false,,false,,true
a414a667-2d4e-4c80-926d-c0aad948c0f6,aab48aa4-4738-4598-91f0-2442afccea9b,Flávia Iracema Gimenes,31793100225,flaviairacemagimenes@gmail.com,41984013943,true,qv_id,false,,false
a419e4cf-abbb-43ba-b3e1-707d43f7676b,02181121-92ad-4a5d-853f-6042ee6a6ad9,Roberto Carlos dos Santos,08189768883,roberto@rctransportes.com.br,11984664041,true,qv_id,false,,false
a4508330-35dd-4412-b934-2a97e713ceda,7b7da1e0-0f78-4777-a195-737351995aad,Fabiana Serpa Melo,04562825723,fabianamelo@icloud.com,7886865595,true,qv_id,false,,false
a4a5f281-0a1f-45ac-b8fe-9d6152f27050,21ad7ceb-59e0-4476-8cee-d531347aecb7,Thais Andrade Valera,07055470862,thavalera@gmail.com,15996677779,true,qv_id,false,,false
a4f66165-748e-466e-8b44-fc37ad32bd31,,Caso Isolado,02038467594,casoisolado32@gmail.com,+5551985774653,true,email,true,cpf,false
a5054f63-a8a6-4c13-b4cc-ce10a3468fd9,b134d4e8-2b35-4637-8342-d1279c8f839f,Ana Clara Nobre e Azevedo,12450032754,acnobre.azevedo@gmail.com,21988920095,true,qv_id,false,,false
a5197209-5db3-4191-ad07-aac7e0508883,1859724e-99c3-4f08-880a-33700ad67fab,Marcos Antônio Dapper,94256829091,ma.a.dapper@gmail.com,+5554992505241,true,qv_id,false,,false
a52247ba-527f-4e80-bdc6-920987ac0209,,Murilo Schimit Gonzalez,36412390871,MURILOGONZA@HOTMAIL.COM,11945948269,false,,false,,true
a5710e72-00f6-4292-8b6a-173ae3447c96,aca15a03-4176-4126-a535-bdf552fa9940,Fernando Cesar Bolque,05884394870,fbolque@gmail.com,11975948376,true,qv_id,false,,false
a58431e1-d265-4cca-aa84-2f176e2eef33,,Abigail Figueiredo Santana Giansante,74784056815,abigailsantana085@gmail.com,+5517981169181,false,,true,cpf,false
a5a1dec7-0700-4374-a9fe-d7290c7a5eea,f4c0e2e4-f025-4d5c-a4db-da19de86b12b,Maria Carolina Vannucci Salem,31912442809,cavannucci57@hotmail.com,11985794820,true,qv_id,false,,false
a5a91adf-f0a2-4408-b57e-b85330e9c7e5,,Patricia Lae de Souza,28449496810,patricialae2@gmail.com,5511972054087,false,,false,,true
a5b03a68-ddef-4373-9f26-b49a0ce9c14e,e4412d5a-ad3d-4b6d-86a1-843073f6de69,Danillo Vaz,74275534204,danillovaz@gmail.com,+5596991670101,true,qv_id,false,,false
a6695ffe-d396-4bce-bdb8-421811dfe81b,,Alexandre Augusto Miranda,80852696191,alexandreaugustomiranda@gmail.com,+5567981110555,false,,false,,true
a6d87589-c181-4e3a-b170-d6da34e1443a,,Russel de Farias,,rdfarias@gmail.com,5527992790788,false,,false,,true
a6e07c81-aa43-498b-9c63-a971f7f1d0e5,,Joao Victor Cardoso de Moraes,40946332860,jvictor_card@hotmail.com,5518997589289,true,cpf,false,,false
a6e7e0ab-b8fc-43be-9c3b-f8bf227f5683,4bec29a5-ad44-4f9d-b593-ebbd73de7aa7,Ivone Fabris,62521187968,ivonearruda1302@gmail.com,49989222092,true,qv_id,false,,false
a73466e3-f6b2-4b6b-b49c-a78f053a2b3d,,Sergio Francisco Lopes Junior,77414667715,sergiolopes@loganc.com.br,+5521994315338,false,,true,cpf,false
a769de44-0df0-4d02-8bcb-59b1408a7a7f,,Adilson Moacir Weddigen,77353056053,aweddigen@gmail.com,+5555991643015,false,,true,cpf,false
a769ee56-4ff7-4e77-8a9f-a2e1b3042565,,Joao Wilkson Sena Taleires,62536427315,joaosenamed@gmail.com,5583998958606,false,,false,,true
a770cce6-1fb2-444d-acae-518a9975f23e,6787a4ec-cc23-48c9-80ce-a4444cc4aed0,Aline da Silva Paro,81141670259,dra.alineparo@gmail.com,68992378794,true,qv_id,false,,false
a77b0c49-ad7e-4ead-8461-c81a78cbb1b4,,Fabrício Batista Barbosa,01583284265,fkbatista47@gmail.com,+5569984367859,false,,true,cpf,false
a7d28249-c32e-4e7e-98c6-8e5b5c24e91d,9cb5e4d2-2e4c-40ae-93ab-6a1d139c13ea,Aline Afonso,71888209615,alineafonsop@gmail.com,31992281131,true,qv_id,false,,false
a7dd5e16-e58a-4667-9168-d9bec4d399f7,,Guilherme Fialdini,32654245888,guilhermefialdini@gmail.com,+5511987827772,false,,true,cpf,false
a7e45e87-194d-4d88-904b-9057cf3ecc1b,a226e276-10e0-4bd9-9d55-504ddbb0a15e,Anderson Rangel dos Santos Bezerra,91309441553,andersonrangelsbz@gmail.com,+5571999799696,true,qv_id,false,,false
a7efc478-0f39-40fb-b567-04c459a141df,452b7afe-260f-4cf7-8cd0-b94ddc2c8918,Jessica Cavichioli Pedreschi,30315757841,jessicapedreschi@gmail.com,+5519996582350,true,qv_id,false,,false
a80e64ab-78e7-4b07-af03-fd7a5d035727,bef96cd9-311d-4172-af05-1296fe71aec1,William Barboza de Freitas,05751611756,williambarboza@hotmail.com,24981157215,true,qv_id,false,,false
a8289112-aa6f-4f3f-9d33-626ada577968,98ecc1b3-7981-4e1d-9fe7-c7954fa7426b,Fabio Geovani Alves Gross,51881519015,fabiogross43@gmail.com,51984197490,true,qv_id,false,,false
a8765b21-b5ee-4952-b375-e550831d0dac,,Rogério Virgilio Alves,02568372443,rogervirgilio@yahoo.com.br,+5582996310159,false,,true,cpf,false
a87c4812-3404-4858-a16d-c928223a5fa6,,Eduardo Augusto Rorato,22046745833,eduardororato@uol.com.br,5514997925486,false,,false,,true
a89be962-1c89-4289-b1c3-01d31f3875ed,,Leonardo Santana Mordente,03403495655,leomordente@gmail.com,,false,,true,cpf,false
a89d0ac8-6dca-454b-9af3-b2c16880b43c,,Luiz Pereira,92389279600,luizrpjunior12@gmail.com,5531999707610,false,,false,,true
a8c8d45c-321d-4c2a-891e-80f6324a65b4,ba283e7d-f11a-4dfe-9f4a-e2356531d88c,Lucas de Azevedo Ikeda Rodrigues,36951198888,lucasarodrigues@hotmail.com,+5511995341837,true,qv_id,false,,false
a9083bae-bfed-48f2-b373-0e3a0910c42f,7f6d3af6-5150-43a9-a53b-3f4d3fbce879,Flavia Maria Guimarães Corrêa Mendes,80600441687,mendesflavia2004@yahoo.com.br,31995810773,true,qv_id,false,,false
a9128d14-e269-46e8-beb5-8166939935b9,,Hálamo Figueiredo Lima Abrantes,,halamoabrantes@hotmail.com,558399039893,false,,false,,true
a944e4d3-bf8b-4bf7-b493-d58667ce3b68,89d40061-ef7b-4201-b8be-b3ba5ad4c10b,Victor Lacerda dos Santos Guimaraes,14422873652,vitinhoolacerdaa@gmail.com,31998433403,true,qv_id,false,,false
a94a6e3f-5c66-4f96-8008-df7d7f53a93d,,Silvania Ouvrie,66324920453,,5511991217653,false,,false,,true
a9acf320-08a0-47d6-bf94-a1a79cc967db,22513a94-367b-4cd6-b20b-2bac348db130,Simone Gimenez Bastidas Brabo,16159577824,sgbastidas@uol.com.br,+5511999379894,true,qv_id,false,,false
a9f9dacf-eff1-4764-b607-b642f97c4ecf,ddf7f4d6-fbb2-4281-acdb-84b289ea9be7,Ana Lucia Schirato,07744041836,luciasch@bol.com.br,94991348888,true,qv_id,false,,false
aa12a69a-9814-4a05-a71e-e01060d13f2b,,Julio Cesar Pacileo,26447138893,juliopacileo@yahoo.com.br,+5515988099948,false,,true,cpf,false
aa53575e-d3fc-4d2b-9f2d-c4eaace2038f,93e3ba17-4b8c-42ba-999d-84ec2a938266,Leandro Rosa Camargo,05181235700,leandro@perprima.com.br,+5521992483723,true,qv_id,false,,false
ab8856f5-a8ce-4e97-8f02-be2b8e253b4e,,Diego Augusto Oliveira Martins,00725477318,diego.aomartins@gmail.com,+5586999671627,true,cpf,false,,false
abb1f7bb-d2f7-46c9-9ba9-e16f582a446a,,Alan Raschke Immich Jardim,,alanrjardim@hotmail.com,5551994090808,false,,false,,true
abf68d33-a146-47a2-a020-757b9e0a3419,,Ernane de Oliveira Graciano,36673285168,ernanenovzel@gmail.com,+5561996468828,false,,true,cpf,false
abfa9a6d-62e4-4820-a60b-a6aac2e52ccd,502030a5-d9ba-4431-a0d5-cdb8be3584a5,Sérvulo Clermont Pivari e Silva,00140702784,servulo.clermont@gmail.com,+5527992540055,true,qv_id,false,,false
abfb7985-48df-4e78-941b-5f40e93f128c,,Fausto M Borba,42548209172,fmborba@hotmail.com,+5562996232155,false,,true,cpf,false
ac1e82c9-e4e7-469f-93e3-507f1999154b,e8f2f458-d70e-4915-adc8-364e71d954de,Eduardo Luiz da Silveira Micheletti,40801256828,elmicheletti@hotmail.com,11997791323,true,qv_id,false,,false
ac8891dc-58cf-41a2-9fd0-ce9df8dfc362,,Julianne Rodrigues Simao,08060069438,julianner1@hotmail.com,+5583982301083,false,,true,cpf,false
acc16157-696c-4ea5-a313-38d4af7f6fa7,20c82be2-7e2a-489b-9e13-085d8678bb4d,Cleide Maria Balansin de Oliveira,63998963987,cleidebalansin@icloud.com,21991187711,true,qv_id,false,,false
acde9d73-12ba-41a2-b9a1-cb85ccecde65,,Henry Saar,02115849752,hsaar75@gmail.com,48998076079,true,cpf,true,cpf,false
ace1bc61-264b-439c-ba07-ca72eaeb44e1,dd97ba14-e521-4bc5-8aa4-e102d55c3481,Elton Parente,00936525266,elton_cabral@hotmail.com,92981320377,true,qv_id,false,,false
acf65486-1448-44e1-beb6-13a3f878e08d,eeee7012-ab87-475c-b40c-321617937d26,Rafael Souza da Costa,01929342527,anestesistarafael@gmail.com,,true,qv_id,false,,false
acf926d9-d3a1-4d45-a304-777ac698b975,,Daniela Guimarães Caporali,32382001860,danicaporali@hotmail.com,+5511976895485,false,,true,cpf,false
ad1116ed-26e2-4c62-93f1-4d66865c9144,d1ee8e17-debe-4b7b-bb82-8db3f128a83b,Tchiêlo Lisboa Camboim,03592412124,tchielo@gmail.com,+5561992681937,true,qv_id,false,,false
ad206fc3-4ba3-4e18-9018-6822f8b773ef,d8a2067f-d1de-4009-ad7b-2d30ca665466,Samuel Stalhschmidt,02885898909,sam10med@gmail.com,43996001900,true,qv_id,false,,false
ad382516-dee3-4ad6-825c-fcf92839e72f,,Pollyanna de Oliveira Santos Alves Vieira,04575049603,pollyanna.vieira@extimaprojects.com,+5531997521710,false,,true,cpf,false
ad409191-ee4c-4422-bc70-02ac18808736,a4d34712-28d0-4174-9812-b0bb66697e4a,Iata Ialyn Barros Queiroz,02631675347,ialynbarros@hotmail.com,85999109173,true,qv_id,false,,false
ade94614-826d-4b9c-a564-7c88248159b3,,Éder Fernando de Mello,00033259038,eder@gransonno.com.br,+5549999555151,false,,true,cpf,false
ae48af30-54b9-450c-944b-52e0d08e2cd6,d956e26f-2a64-43bc-96d2-cf13eca9e7cb,Henrique Moura Leite Bottura,28677495819,henriquebotura@gmail.com,11975472372,true,qv_id,false,,false
aea9c459-1a4b-4d01-8111-050ebc2c48f3,c5faf613-f15a-4a7e-b592-3387edb8ed02,Pedro Michtchenko Henriques,31288084811,pedromich26@gmail.com,11994401519,true,qv_id,false,,false
aebc696a-4d7a-48da-86b0-8b2167a25e0e,31874960-354d-4467-8cd4-7b151c822837,Irlan Leonard de Lima Nascimento,77799569549,irlanleonard@gmail.com,81999329812,true,qv_id,false,,false
af038c2d-d693-424b-b2bb-d0b3524fa3d5,2a2abcc6-06eb-429f-827c-32b131a84bf0,Francisco Conceição Lopez,08409673819,lopez_brasil@hotmail.com,+5521985521431,true,qv_id,false,,false
af1738bc-d133-42ad-859d-1c1fa672a747,,Josmeiry Reis Pimentas Carréri,14429987840,jopsiq@yahoo.com.br,19997582742,true,cpf,false,,false
af1b1c3d-898a-40b5-8a51-bc8f77a0efd2,,Paula Hiromi Noda Correia,30465928846,paulanoda@yahoo.com.br,+5511973898250,false,,true,cpf,false
af34444d-4829-4fd3-887e-522670881d34,,João Domingues Franco Neto,07117473690,omegafranco@outlook.com,5521998148169,true,cpf,false,,false
af5d0559-a092-403f-afbd-59fae8ed1c4f,,Luísa Jacques Sauer,40214766870,luisasauer@gmail.com,5511996313869,true,cpf,false,,false
af800fff-c916-4cdc-b56b-0fa462295c30,,Milane de Vasconcelos Caldeira Tavares,90819195472,mdvct77@hotmail.com,+5575991994567,false,,true,cpf,false
afc3832d-ab11-4b91-bade-16cef015e7ee,,Israel Barcelos de Melo,,is_bolivia@hotmail.com,5511995145105,false,,false,,true
aff99a4f-444a-4b49-b3eb-14f7e8d8d62b,0461039d-b9f4-4381-8d8c-27e33320583f,Mauro Silvio da Silva Junior,60726989134,maurossjr@yahoo.com.br,64984113969,true,qv_id,false,,false
b016d2fd-f299-43c1-9386-f77499157444,,Mariana Scoralick,,maryscoralick@yahoo.com.br,5521981937396,false,,false,,true
b0226c67-824e-4c96-8f39-6e96791eaefe,,Eduardo Meyron,73025429615,eduardomeyron@hotmail.com,5521994165818,false,,false,,true
b028547a-6e1a-4289-99a9-24920b4746bb,,Danillo Gomes Leite,01621087107,danillogl@hotmail.com,+5562981676172,false,,true,cpf,false
b04d1705-8edd-4c04-b536-22ebd01d0504,,Dâmaris Castelo de Luca Affini,27643291802,damarisaffini10@gmail.com,5511998938117,true,cpf,false,,false
b06bf563-8b24-4a4d-9ebd-5ab7b192cbd2,34bd989b-dbcf-4a25-8c5a-9001772baff7,Claudio Martins Bezerra,49211463300,claudio@vex.net.br,85981291975,true,qv_id,false,,false
b0e557fa-15f0-4ed8-b7c9-547b8d0b32f2,1f021577-5a18-4417-8fa4-d4a675a281a7,Daniele Carneiro,00037724037,danicarneirodesigner@gmail.com,47999986663,true,qv_id,false,,false
b14b7c8b-bca1-4b06-b969-6f9b2cd2a6ed,51546654-23b6-49bd-8974-f67503b54288,Jose Rodinei Fernandes,57125252672,josrodfer@hotmail.com,11999522226,true,qv_id,false,,false
b1c942a3-c982-4239-b7fd-9fef55597b82,bdb939ad-8129-4c85-951a-8d8bb562a6dd,José Firmo Piazza Junior,05323906871,josefirmopiazzajunior@gmail.com,11999958062,true,qv_id,false,,false
b20557d2-aa88-4a5f-9178-580525dac756,,Guilherme Almeida Francisco,00932375760,guilhemem.almeida@icloud.com,+5561996490436,false,,false,,true
b20aa591-0d68-413c-b5fa-e00b41579888,db5a6d18-67a0-4cd9-a33b-9cc109a150eb,Jhonathas Aparecido Guimaraes Sucupira,03438257912,jhpgsu@gmail.com,11979623754,true,qv_id,false,,false
b21c9738-c014-400a-8bbe-2156582d2770,d166562f-377d-40fa-a6c3-1eb392fd7b0e,Fagner de Oliveira Melo,94191956191,fagnermeloms@gmail.com,67992663563,true,qv_id,false,,false
b28a716c-e1c4-4a31-8fde-8c302c7d5d59,,Cristine Almeida Martins Gomes,01506646727,cristineamgomes@gmail.com,+5521999733339,false,,true,cpf,false
b3005d0b-4658-4e65-83c0-904d0ab97c73,,Francisco de Carvalho Dantas Terceiro,,dr.francisco_iii@icloud.com,5586981448585,false,,false,,true
b30cc0bd-88d4-4cd7-a9d2-4c3b76a2d992,,Lucas Oliveira Araujo,05870536740,eng.araujolucas@gmail.com,5522992062821,true,cpf,false,,false
b328b5b3-5b14-49af-8794-133cd90c2d17,1e20b759-ae61-4d49-9f8d-f59aba38968e,Mariana Amaral Rodrigues Braga,06037985600,dra.marianarodrigues@yahoo.com.br,38999374636,true,qv_id,false,,false
b32961eb-b55d-4b0a-9d33-45052bdac318,dd0e9e21-3c12-4e39-b824-8f97019047d3,Adailton Mário Souza Santos,93718659549,adailton.mario@gmail.com,79999391088,true,qv_id,false,,false
b35c212c-336f-4ae7-bc63-9d34fceb57fc,,Patricia Gelati Motta Perera,28859298806,patricia.gelati@uol.com.br,11981639775,false,,false,,true
b391eeda-407e-4bdd-a76d-131b21137bed,75e37026-26a0-4852-9f90-c47f24b93d7e,Marcelo Oliveira Walter,19583761591,marcelowalter61@gmail.com,71999530045,true,qv_id,false,,false
b3d0e573-e4f7-401a-affa-323cfff8a81b,,Heloisa Helena Franco de Camargo,86735926820,helofcamargo@gmail.com,5519981218800,false,,false,,true
b42828c6-a1cd-4c54-b0f7-d65bd40f2231,,Fabiano Ulian,99690896091,fabiano@rossatoembalagens.com.br,+5554984336208,false,,true,cpf,false
b44f805c-c36c-4185-9b6e-b0c64efa6624,,Cristian Pedro Boesing,29888928813,cristianboesing@yahoo.com,+5566999185740,false,,false,,true
b45115d0-0018-4358-ae86-f35e1902e0ee,,Dionéa Diniz Castelo Branco dos Santos,00297877348,dioneacastelobranco@gmail.com,+5598984112299,true,cpf,false,,false
b45fac9e-4f7f-42b4-9a05-ba8e233be461,,Renan Gandolfo Henschel,39055059838,renan.gh@hotmail.com,5511941415727,false,,false,,true
b46a2fc6-ae93-40ac-8cf8-ac52b8219891,ad5767ad-4a83-4ae9-b553-a661a7e6f18e,Rafael Faversani de Araújo,04266419902,rfaversani@gmail.com,44991069533,true,qv_id,false,,false
b482e017-19f9-4959-9506-66cb226615d4,,Raquel Carvalho Nascimento da Costa,04357986699,rakarv1411@gmail.com,5522981219875,true,cpf,false,,false
b4a1cb05-fbed-4b0f-b745-b99c1352c9fe,,Bruno Kotama,37024772840,,5511981264125,false,,false,,true
b4b8010b-2c23-4117-824b-1c1aacd1bed1,,Fabio Augusto de Carvalho,87642255934,drfac@hotmail.com,554491084949,false,,false,,true
b4da28e8-48d1-4e75-b397-729e0dd55232,d07322aa-f4ba-4520-916b-78f543662b45,Thiago Mattos de Souza Santos,11406074721,thiagomattosss@gmail.com,21971360224,true,qv_id,false,,false
b4e94bde-d0a0-4510-a085-8580a94035d2,,Júlia Valente Duarte da Conceição Scarparo,22422217877,julia.valente@uol.com.br,+5519998116710,false,,true,cpf,false
b52cae26-8437-43a5-b176-8259c2378cf0,,Elizangela Ribeiro Alves,59856866120,imagemclinica2@yahoo.com.br,+5562981042732,false,,true,cpf,false
b532a6ff-5070-4f5c-9679-6fe0166df9d3,,Cícero João de Carvalho Júnior,,cicerojjr@hotmail.com,5566999766665,false,,false,,true
b53b57bc-f19b-4c2d-ad4c-311c0d544b46,,Ariadne L M Brito Bertarini,,aribrito@gmail.com,5534988558765,false,,false,,true
b57c056d-a5e8-4efa-99e0-8b62e782fe7e,,José Renato Barbieri Gallo,22087723850,zegallo31@yahoo.com.br,5592981113377,false,,false,,true
b5f18e33-5a32-40e0-ad5e-749fdb727f97,952e5218-9631-413f-9d46-45d640119a45,Yan Victor Fróes Gonçalves,84028246253,yangoncalves@gmail.com,11916209586,true,qv_id,false,,false
b62fa135-3095-406c-b2ac-58111ec99123,,Elaine Cristina Daniel,25540841816,daniel_elaine_c@cat.com,+5519983121718,false,,true,cpf,false
b64ab97b-977b-41b1-a86f-f7082bdb5ea0,d94a78ef-1cfe-4e35-b8b2-dbac82969fe6,Anderson Marcio da Silva,02994541696,drandersonmarcio@gmail.com,31992041660,true,qv_id,false,,false
b6d3caff-8501-4350-b017-38a864d8723c,,Maria Manuela de Andrade e Silva Ramos,81582510210,mmanuelaasr@gmail.com,+5541998473124,false,,true,cpf,false
b6edd79a-3a67-48cd-9e86-876d6bff8bf1,,Mário César de Oliveira,90271203668,cesar.oliveira@cultura.agr.br,+5534999840838,false,,false,,true
b74c508a-197e-4e85-8c7f-af361202d97c,,Victor Vasconcelos Figueiredo,07123878540,drvictorvfl@gmail.com,5571999327007,true,cpf,false,,false
b77595b3-1fe5-4a13-a4cd-c601f1590978,ea9a5151-6264-4cfe-8619-c9f983476685,Ronaldo Peixoto Bella,30429514808,ronaldobella@gmail.com,11984440081,true,qv_id,false,,false
b79174f4-00d7-41f2-9534-ef26ccace60e,5f135ce4-f848-4723-9285-1774f7735a19,Sandra Takaki França,09428047830,drsandrapersonal@gmail.com,19997722808,true,qv_id,false,,false
b7ebf118-bd75-4161-9ebc-2a6aec9346f2,e3850450-a5ef-4f95-a8ee-de1c89df1020,Humberto Bozi Spindola,89785983234,humberto.bozi.spindola@gmail.com,91981173138,true,qv_id,false,,false
b835dc0e-f940-4d0d-9dc4-534be2554265,041efd9d-6923-4d3b-965d-0e17588e90d6,Gilberto da Silva Arbia,04213399850,arbia@handphone.com.br,11972064462,true,qv_id,false,,false
b83c66c8-57ce-4516-bfdd-ecfc46175a88,04599bbb-2065-4cd8-a981-c14444eb29cf,Felipe Sampaio,87885239349,felipesampaio@colegioja.com.br,+5585994019483,true,qv_id,false,,false
b8e2336a-b2b5-4b86-91d3-8a30a87524de,,Victor Alfredo Mirol,92231721872,victormirol@gmail.com,5511999821047,true,cpf,false,,false
b9307fb8-d248-4a41-964e-06b5c6795fd8,,Marcelo Kiyoshi Nakayama,11690700866,makinas.nakayama@gmail.com,+5511998234039,false,,true,cpf,false
b98469b4-8a3c-4548-afea-490243211ea2,,Sonia Maria Mollon Cervone,05030209824,ateliebellaflor@gmail.com,+5519981304451,false,,true,cpf,false
b98f4390-828e-4f87-86ab-1f149fdf41ef,,Carlos Gustavo de Sa Pereira Croce,28671010856,gustavospcroce@gmail.com,5515998557000,false,,false,,true
b9c0df7b-a0c1-40c7-97b1-2cb7ff637289,,João Vitor de Jesus Lima,01950059537,vitorl2004@hotmail.com,+5571999334414,false,,true,cpf,false
b9e29e8f-34e5-465d-9f6d-42b2e48618c6,,André Luiz da Silva Leitão,06974457472,andre.leitao@tpfe.com.br,81999740460,true,cpf,false,,false
ba933a51-69f3-4ae1-b519-f39f9a12ed70,,Alvaro Eduardo Sardinha,30600537749,alvaroesardinha@gmail.com,+5548999310237,false,,true,cpf,false
baa34920-9a95-4f64-ba36-c74fafec0ea4,107f3f96-01c9-41b2-888a-050b3c7e9f0e,Leonardo Justen Lavinas Ribeiro,07179834718,leolavinas@hotmail.com,24988455533,true,qv_id,false,,false
baa376be-5114-4f1e-959d-8caf690abcaf,,Michele Terra Abe,05301849743,mt.abe93@gmail.com,+5521971532468,false,,true,cpf,false
bac9b06f-4e78-493a-9609-cccfbbba23c5,,Patricia Rotsztajn Lusvarghi,,patricia.rotsztajn@imedgroup.com.br,5511986321220,false,,false,,true
baea09fa-8de7-430e-b6cf-5d2828497046,d7017119-9848-433d-ad9f-22e6a0f0fec1,Diego Luiz Pontes Espindola,07248136409,diegolpespindola@hotmail.com,82999380126,true,qv_id,false,,false
bafa21ea-3573-4aa0-bfb8-cae2532a3841,08d52143-552f-4b72-afcc-0c50e65df4de,Thays Coelho da Silva Dias,12284706770,thaysdiassim@gmail.com,+5521964737055,true,qv_id,false,,false
baff63c8-515d-4cc6-b484-62cf2d9f3f73,,Raissa Gontijo Cabral de Souza,09909367670,raissagont@gmail.com,+5531996338982,false,,true,cpf,false
bb025cb5-9452-43d8-a297-d8f0c4ed839d,,Maíra Piani Couto,,mairapiani@hotmail.com,+55 91 8200-0060,false,,false,,true
bb1e3e15-5af6-41ec-9280-50d2decd6099,,Fernando Pessoa Weiss,03041448947,fpweiss@hotmail.com,+5541996520698,false,,true,cpf,false
bbcad8dd-f5ee-41dc-9f39-65e218146371,101568a1-15d5-4865-8927-e762916b48c1,Renan Rodrigues,02672665028,renan.rodrigues.r1212@gmail.com,51999547166,true,qv_id,false,,false
bc042969-a666-41e6-b905-829da7c6ab75,,Camila Gonçalves Martins,35137558800,Camilgm8@hotmail.com,11980116796,false,,false,,true
bc059407-93a7-4137-83a1-9c25dcd6d4bb,54d86226-d7c5-4f57-aa85-b748117d9026,Patricia Perigolo Bevilaqua,04137308675,patriciapbevi@gmail.com,31982878180,true,qv_id,false,,false
bc6215f5-c43f-4bba-8e46-6354cce825bd,,Antônio Evalto Soares Silva,11093889349,soaresevalto@gmail.com,+5598991948502,false,,true,cpf,false
bc66a164-a327-4ea7-bde3-150ba7158c28,,Evanil Pires de Campos Filho,08585211806,nilpcf@hotmail.com,+5519971543114,false,,true,cpf,false
bc6755d4-0a47-453c-a55f-ee3ecc1692f0,37b179ac-34b2-48da-b718-4d44ed2364ee,Raphael Marques Cabral,09554543441,rapha_decara@hotmail.com,+5583996565614,true,qv_id,false,,false
bc7a2d81-c69e-4261-ae4c-02c88fc60ab0,,Jordana Figueiredo Zamboni,,jordanaz8@msn.com,553191151735,false,,false,,true
bce18308-6155-4491-bf59-641af9387130,987aa663-fd10-4365-aa8c-dedf77cc048b,Danilo Gabriel do Nascimento Silva Barronovo,36897343803,danilobarronovo@hotmail.com,11953111600,true,qv_id,false,,false
bcf08785-5fee-4b37-8799-4f699415d3bb,c688550f-9313-4fb5-bd97-a8e6fd339777,Maxwell Cabral Ferreira,02055941313,dr.maxwellcabral@gmail.com,98991959104,true,qv_id,false,,false
bd06e8af-e354-4967-b9c0-3bc76ac8d861,,Evelin Rosio Estevez Jimenez,01261341970,evestevez_7@hotmail.com,5541999474435,true,cpf,false,,false
bd0c0fe6-fce2-442a-b0a1-863db562cda0,,Adriano Antunes,94704970663,adrianoneocare@gmail.com,5561981804417,false,,false,,true
bd132da2-c690-4816-9884-2ff9112e9ae6,,Heliaura Naldi Duarte Jimenez,12552261884,heliaura_duarte@hotmail.com,+5511983156706,false,,true,cpf,false
bd31ce27-cf84-4e6a-a278-e131ce4bab66,,Júlio César Arantes Maciel,,julioarantes@yahoo.com.br,5531992066630,false,,false,,true
bd7b2c19-ff49-4d94-8ca1-4f1063c7d851,8a6213d5-0a35-4051-9354-3918dcfb5d06,Eliane Kublik de Figueiredo,00809701928,gfmaisatacado@gmail.com,+5566984042740,true,qv_id,false,,false
bda84e7f-9075-45d8-bda2-ae7ebeca1539,97e5310f-77b0-4268-916a-02cd1039c5a0,Giovana Biasi Locatelli,02640451901,giovanablocatelli@gmail.com,11965857667,true,qv_id,false,,false
bde4c421-3f96-4abc-a57a-43f94e2a41ec,8b168496-ad83-4719-9783-4ab43464916e,Rodrigo Barbieri,28742887801,robarbieri80@gmail.com,11970370241,true,qv_id,false,,false
bdebd83b-d1c9-45ef-8995-d900ea5b99ce,286dcb56-d8dd-4156-be47-e618b83beaa2,Mariliza Rodrigues da Silva Luz,27006133840,mariluz.advogadapolitica@gmail.com,12981640007,true,qv_id,false,,false
be0663fc-ac9d-4ed3-85d8-f0ceb207fe46,b04ffd23-0e0b-44fe-b790-61301456da84,Alexandre Amoedo Amorim,02010144597,amoedoamorim@gmail.com,71988804875,true,qv_id,false,,false
be0e71c5-71df-44cc-96a5-789bf192dba0,b405ef54-e5ac-47eb-baba-6e211d6f69bf,Alexandre Corrêa da Silva,10438285832,a.corsilva@gmail.com,11975401725,true,qv_id,false,,false
be1a3412-04d6-4e84-8070-514ff0deeecc,,Flávia Quintaes Louvain,09416334707,flouvain@defensoria.sp.def.br,+5511986756597,false,,true,cpf,false
be27acb7-8d41-4655-aa52-fb96cfcdc1b1,,Paulo Roberto Guidon,06074136890,prguidon@hotmail.com,15981430900,true,cpf,false,,false
be39ffd0-e05c-4c59-944e-284842c0ad7c,ecf5a751-659c-44c3-abeb-7c5641264c57,Camila Chies,02197330071,camilachiesadv@gmail.com,51984075852,true,qv_id,false,,false
be3ae586-7dbc-4065-9681-392a31c09775,9cadccd1-7d4e-4ce5-b71a-b9670565afc7,Filipe Fernandes Campos,09992948655,filipe.epr@gmail.com,19993640078,true,qv_id,false,,false
be443142-9c7f-44ba-b2d0-d71a6dd2bc30,,Roberto Pires Siles,,betosiles@hotmail.com,5543991910138,false,,false,,true
be663ecf-d5eb-4bb0-acc6-b85248c7f9c5,cbcfb7e5-5cd9-4d5a-b6f3-88f572a80dca,Margrit Stüpp,02792034971,margritstupp@gmail.com,41999623667,true,qv_id,false,,false
beff25ab-ee20-460c-a9f9-e7f350b8b4c7,a34ff2da-500d-4893-bfba-1d817b743627,Bruno Gomes da Silva,73678724191,dr.brunogomesctbmf@gmail.com,66996059122,true,qv_id,false,,false
bf09ad47-5e5a-4a76-94d3-066d7d0c7789,bcd04af5-659f-4c05-a41e-7d95367f822a,Rachel Barcelos de Vasconcelos,46447504334,admrachelbarcelos@gmail.com,85981013260,true,qv_id,false,,false
bf3045db-b5bd-447e-8621-02190ce94b9d,,Rafael Gonçalves Braz,95609032172,ragobraz@yahoo.com.br,+5561984361821,false,,true,cpf,false
bf47ba7f-54e8-422d-a438-d922aceea239,,Alex Magno Diamante,79854818691,artur.diamante@icloud.com,+5531987953511,true,cpf,false,,false
bf686a86-9ca3-40ed-9c73-e539af0b7a82,,Weslley Alves de Miranda,71100962620,weslley@wmadvogadosassociados.com.br,+5531999667550,false,,true,cpf,false
bf6dd94c-0384-43fb-894f-27ff56bada26,,Aline Paula de Menezes,00893977209,alinemenezes14@gmail.com,+5568999566060,false,,true,cpf,false
bf8e4664-bb29-48e7-9804-a1bb8c2cb26b,ab6a7237-8497-46ec-8ca6-ac86fcf3d684,Arthemus a W S T P S Pugliesi,02865338630,arthemuspugliesi@hotmail.com,22992627354,true,qv_id,false,,false
bfc29daa-c0aa-4a25-b5d6-b9ce959f3df2,e034c6ff-b0d0-4315-a082-9255e7a5b2ab,Marcos Vinícius dos Anjos Luis,05570458786,viny_anjos@hotmail.com,21981312853,true,qv_id,false,,false
bfc63371-6173-42f9-adfd-e060a75a75e3,8feaba3d-bd74-487a-81c5-ef01f8a9323f,Leonardo Hideaki Akikubo Shiguihara,22113600846,leoshiguihara@gmail.com,11982249549,true,qv_id,false,,false
bfc96a2a-aea3-4918-9b76-51f43c8c3511,,Ana Caroline de Arruda Amorim,91414288387,carolaamorim@yahoo.com.br,+5561981545452,false,,true,cpf,false
bff2a63e-a967-4259-b349-0ec22d07fc09,70e5e567-2c0b-4dba-9519-c02048250824,Thaís Sampaio Murata,35030522832,srtatahs2@gmail.com,11999857897,true,qv_id,false,,false
c01fcc69-16f3-4406-91b0-7c2cfd2eec89,,Ruth Rodrigues,,ruthconspira@bol.com.br,5521981570605,false,,false,,true
c0549295-a899-4525-b511-9b6b3a4e1134,19fde371-0336-40e6-91ca-27898fa69ef7,Marcos Santana Borges,12557267848,masantanabo@gmail.com,62996372656,true,qv_id,false,,false
c06d26e6-e4a8-4939-90db-dc95d32a11b9,e7b5de95-dd1b-456b-922e-5bfb6836f03a,Atilio Carlos Della Bella,06400281878,atiliodellabella@yahoo.com.br,11999744991,true,qv_id,false,,false
c072642c-2201-4ab9-a8f4-01f080c464ae,,Guilherme Ferreira de Almeida,,guilhermefa10@hotmail.com,5511932924187,false,,false,,true
c0846bb1-806f-4973-9fd3-48dac42cc3cf,8f64bf35-7248-4368-a1af-62a867913a0a,Thiago Araujo Reis,34118176823,thiaraujo87@gmail.com,11980692012,true,qv_id,false,,false
c08b694e-9c70-4898-914c-cd94beeca9ba,,Bruno de Almeida Martins,02810789711,bralmeidamartins@gmail.com,+5521988611500,false,,true,cpf,false
c0923116-9c20-4c28-a936-27633a93e701,0b98c506-eb42-4ece-ac1f-72bae8d383b0,André Felipe de Moura,14346337805,afmoura77@gmail.com,12992093766,true,qv_id,false,,false
c0ac87bb-2645-44fc-8463-bf033710ba0f,,Bernardo Alleoni,06284668899,balleoni58@gmail.com,+5519984013191,false,,true,cpf,false
c0e1b7a4-bf76-4842-bd39-fc70bdde1efe,,Abilio Bernardes Friques,57483043768,portalabf@gmail.com,+5527999757634,false,,true,cpf,false
c0e81ebf-ecd8-4d83-b95b-cac6585577fd,,Jorge Augusto Salles,,jorge@laosf.com.br,5566996130844,false,,false,,true
c11e0b81-6adb-4fb6-8be8-9c21dc57614f,,Francisco Cordeiro Leite Segundo,03049265744,fclseg@hotmail.com,+5594981126005,false,,true,cpf,false
c121c779-c9c8-4288-96a9-e7cb52c9e0c8,a44f1ee4-2f6b-4c92-a6bb-06530c98bb92,David Dantas de Oliveira,03511938473,dantas.oliv@gmail.com,71981817263,true,qv_id,false,,false
c14e0ce6-3faa-4300-a2c0-f77a65a5a41a,28417e43-ee50-4018-a8fe-b9ee7185eda4,Emanuel Paixão de Oliveira,95266631520,emanuel.paixao.oliveira@gmail.com,+5571999564622,true,qv_id,false,,false
c1570514-66ad-42ca-8ad0-985800e94bad,bfee50c9-790b-4559-acb2-64299bba6b35,Gelder Pessoa da Silva,44731575800,gelderpessoa@gmail.com,+5517996180050,true,qv_id,false,,false
c1772ad7-1228-48ba-889b-15faa2060490,,Jeferson Leandro de Abreu,27591036840,jeferson.l.abreu2021@gmail.com,+5519995636045,false,,true,cpf,false
c180c8c1-27dc-4ca4-9f84-ff8ae9a04380,f6032375-3b43-49b7-8e2b-7102c88f6c38,Juliano Franco de Souza,15822143873,julianofrancobrio@gmail.com,63999848080,true,qv_id,false,,false
c1b744df-5dad-475a-8930-a40f421fc512,,Felix Augusto dos Santos Júnior,,sgtfelixaugusto@hotmail.com,5581996647828,false,,false,,true
c1d27b42-7557-4162-a12e-a40c3d4d53ae,,Gisele C T Krüger,07312448771,giselekruger1@gmail.com,+5527999943005,false,,true,cpf,false
c1f6e42c-d9de-4721-a79a-b1f24409a4a0,1b9fc888-29b5-43df-922b-1bcfab7a1eb9,Jibse Marchioro,00757069037,jibse_marchioro@yahoo.com.br,55991441592,true,qv_id,false,,false
c2049ffd-3ddd-4b2e-961c-c2eb16616d8d,cda97bf2-799e-4880-a002-bff3aba34c0b,Karoline Moreira Rios,83353216553,kroline_rios@hotmail.com,75999984223,true,qv_id,false,,false
c22b7d56-af89-4188-8ea1-c8aea9417a75,17530daf-2311-4f50-a16d-ed40deb4df49,Estevão Amorim Martins,04021629602,engenhariadoaco@gmail.com,5562981155453,true,qv_id,false,,false
c22e3b6e-5640-4810-ba0d-dfb270cdbeb3,,Rafael Bruno Carneiro Nascimento,,engrafaelbrunocn@gmail.com,+55 86 9929-1727,false,,false,,true
c2979d7b-1b6e-4678-b505-c5699479a0b8,168249c8-4a31-4780-a697-eaa7d4742d36,Rodrigo Mussiol,80929460006,mussiolrd@gmail.com,54991544249,true,qv_id,false,,false
c2a2b066-7002-4a60-8af3-7f4f724c9dd7,0072181f-43d6-4b16-83f7-8ef311c18657,André Felipe Gomes Lima,08045523638,andrefglima@gmail.com,31992711921,true,qv_id,false,,false
c2ad965d-8d3e-48bf-9a2e-0d8e589ead6d,,Ricardo Filipe Romani,,rfromani@gmail.com,552196804-1429,false,,false,,true
c2caaf8b-a5ad-451f-8375-2b48f70d306c,,Yasmin Allgayer Sobé,06576572980,yasminallgayersobe@gmail.com,+5541997682071,false,,true,cpf,false
c3058d02-722a-471c-b7da-50ad502e8e47,,Marcus Vinícius Soares Cavalcanti,32608211801,marcus7vinicius@gmail.com,+5511975496979,false,,true,cpf,false
c3178c50-295e-48b5-9f90-000bdcb96cd6,8a954618-0d62-48d1-8a85-9f3ade96191d,Amanda Destefani Evangelista,72311479172,dra.amandadestefani@gmail.com,+5595991484085,true,qv_id,false,,false
c33d57ab-5666-41f6-8ddf-f39d9298878b,,Mariana Ribeiro Cruz Saran Azevedo,,marisaranazevedo@gmail.com,,false,,false,,true
c33ed25e-4213-4b2d-87b7-ba51746af9e5,c6d888d0-c074-4875-8709-0a6dfed30dc3,Daril Von Groll,80680160159,darilvongroll@gmail.com,65981333382,true,qv_id,false,,false
c38bb039-8723-49d8-8c97-af319b8a5619,d1bd09c3-8862-4c2d-b2a4-711967669159,Helenilze Coelho Andrade,25081540838,helenilzecoelho@gmail.com,+5534988571150,true,qv_id,true,cpf,false
c398c422-4d71-4709-984f-ed99059c14e7,,Marcelo Pereira de Carvalho,09791834725,marcelopereirac@hotmail.com,27988085868,true,cpf,false,,false
c39f5b2b-296b-4b11-b079-da8825e4ea85,,Gustavo Bogas Bertollo,28001809862,gustavobogas@gmail.com,+5519981816261,false,,true,cpf,false
c3f58f4e-6e77-46f6-badc-566adc28518e,29cae697-6b9a-467e-9598-4dbc1da8beea,Victor Sancho da Silva Cotrim,12142464785,victorcotrim@hotmail.com,+5521993355463,true,qv_id,true,cpf,false
c42250ae-b18f-48cd-9a57-eb6a01a4ed65,,Daniel Atallah Motta,95392149200,danielmotta87@gmail.com,+5569999284777,false,,true,cpf,false
c42443c3-5f53-4568-beb3-05d568a2d1a6,5f33046c-5633-49f8-b525-bd606303ddcd,Leandro Bertini Monteneri,28755204821,monteneri@gmail.com,16988250040,true,qv_id,false,,false
c49a7cfa-06aa-4cdc-ba28-8bfb948f1c53,,Paolo Andreas Candioto,00604945906,paolocandioto@hotmail.com,+5547991350036,false,,true,cpf,false
c4b22eff-1150-467b-bcc8-359f4ac1bdfd,,Edberto Araújo,,edberto.neto@hotmail.com,85 996671188,false,,false,,true
c4ec3ee6-32eb-4ea9-926f-e06a70d87e63,,Emília Eugênia Silva,65235487672,emiliaaxa@hotmail.com,5534988421014,false,,false,,true
c4f61216-f4ec-4065-8da4-41ce05088972,b70290ed-2846-46f8-ba76-f0d80c1788b6,Diego Almoas Ferreira,01896297110,diegoferreira@digix.com.br,67999020028,true,qv_id,false,,false
c57b2362-b485-499b-9ed2-b9a518cc1ee5,d17c6a70-4f4c-48df-8d17-d7e9f79a9668,Alexandre M. Ribeiro Costacurta,05180174783,alexandrecostacurta@gmail.com,21980340499,true,qv_id,false,,false
c59e4fae-d7d1-47e3-8376-06e58eafa9e5,dac636cc-f739-479d-a817-e15e1ff90f9e,Lucia Tieko Shiraichi,36881218800,lucia.shiraichi@gmail.com,+5511999107574,true,qv_id,false,,false
c5a544ff-3ad7-41ec-aa3a-69c71e228170,,Reinaldo Luciano de Medeiros,06007960609,reinaldobhz@hotmail.com,+5531987031619,false,,true,cpf,false
c5b03699-087d-4ca5-99ad-28687b46f2bf,880b9df9-3ab4-4f27-a31d-0a3dfcfd6f39,Ana Maria de Santana Lopes Dantas,58461418468,dantasanamaria6@gmail.com,83991117306,true,qv_id,false,,false
c5d01610-694d-4180-8b17-682e2d4e0bd6,,Frederico Fonseca Schuabb,,Fredericofschuabb@gmail.com,21964961990,false,,false,,true
c5f7534d-660b-4a2d-b61a-d523d33472a0,97f917b0-7c9f-45f7-ba63-96557e9a0657,Karina Daniele Molleta Bastos,05354517923,karinamolleta@gmail.com,67992358545,true,qv_id,false,,false
c627b36d-6d93-4fd0-9b1a-2ef18723dbf0,3c37e6e3-816f-4af6-9525-50526436b546,Eluan Albuquerque de Lima,83323090268,eluan89@yahoo.com.br,68999944513,true,qv_id,false,,false
c65b6f34-13d1-4578-8bc3-391d5dd46533,e14a3e8c-93ff-4f81-a77f-b907b2ec5e68,André Breno Menezes Lima,05711060481,drandrebreno@gmail.com,87996608354,true,qv_id,false,,false
c6708c78-c8ba-4b52-b219-39ff629294bd,,Fernanda Cristina Macêdo,02573845702,fernanda@fernandamacedo.com.br,+5521988929951,false,,true,cpf,false
c6924122-3500-4c28-a201-af5129f75c17,,Paulo Roberto Afonso de Almeida,15355270808,paulo.raa@hotmail.com,+5518997834118,false,,true,cpf,false
c6d58859-9383-4975-860c-7d02d4019170,,Adriano Guanais de Oliveira Fortes,52617203468,adrianoguanais@gmail.com,+5584999020638,false,,true,cpf,false
c7040b9f-2dc8-48fe-97ef-e6800fce4b70,f6f00112-edab-4975-b9d6-ea001284baad,Sergio Ribeiro Pereira,12843928800,sergiobrothers2@gmail.com,11981810325,true,qv_id,false,,false
c7467606-c1d9-4baf-8031-6b59cb40eef9,65a77dc8-3eca-499b-ac33-fcfd9fa21424,Jefferson Isberner de Santana,05291833904,jeffe.santana@gmail.com,48996335280,true,qv_id,false,,false
c757d34f-b146-4312-ad07-ab1ed46bc104,46110f5f-e59b-4139-b479-a24c772e6525,Gabriela Farias Barbosa,06737503454,gabrielafariasb@hotmail.com,83993882121,true,qv_id,false,,false
c7648907-7574-4e7a-a0f2-e8311dc78393,,Carlos Alberto de Andrade Peixoto,45655812053,Cpeixoto65@gmail.com,5551996783855,true,cpf,false,,false
c79e385c-61ef-4230-93da-4a43ddd7b352,,Francisco Marcio Ximenes,78553784304,ximenesfmx@hotmail.com,+5585996702039,false,,true,cpf,false
c7ae128b-8636-4f0d-acc5-3bdf9368db68,3b63adc0-6b76-47c1-871c-cfd475ef13c1,Fernando Rana Bacaro,34030415814,fbacaro@hotmail.com,11998488722,true,qv_id,false,,false
c7b6ff1a-9ceb-4587-885d-68904d0803cb,d7621ad8-c498-4661-96a6-3da1d4a9d231,Juliano Mosquera Simões,47514051520,j_msimoes@yahoo.com.br,75998629802,true,qv_id,false,,false
c7c1a45b-d6e4-4178-9c9e-99264df09052,306c820a-3566-43f5-bd9e-5f84c000d682,Andre Correa Veloso,99256533120,andrewinvestbr@gmail.com,+5563999850033,true,qv_id,false,,false
c7e531a8-1af1-4124-a50d-3ef9fb18c29c,,Jackson Laskoski,,jack@conexti.com.br,5549988131231,false,,false,,true
c812ad4a-24b7-45d4-ba3f-df5cbe99417f,,Kelen Abreu,,keleng.abreu@gmail.com,5512981345953,false,,false,,true
c81a9d89-4b97-4d11-8bc0-299af86de485,,Fabio Nocera,29330710883,,5541991441152,false,,false,,true
c893e001-2b66-4daa-8928-ad1078678fb3,0d9689ee-d7b4-4463-8792-2a6805b03024,Pamela Cavagnari,09110184929,pamcavagnari@gmail.com,42999773947,true,qv_id,false,,false
c8c63c05-70a5-440f-b4b7-b11d3c1c00b8,8d130415-32c5-490e-b1e9-bcd309ee2337,Yuri Costa Freire,03761107323,yuricostafreire@hotmail.com,85992130621,true,qv_id,false,,false
c8f952af-2618-47d7-8c0d-4c4f5081ba11,,Júlio Gil Simões Freire,,julio.gil.freire@elcoma.com.br,558199717445,false,,false,,true
c917d081-6d8f-45f5-b802-e0cda4fc2cd8,,Patrick Matioli Protti,22250341842,pm_protti@hotmail.com,11932902761,true,cpf,false,,false
c93614e8-a820-4e97-a758-a3343d09655e,,Álvaro Salgado Guimarães Neto,11630744204,alvaro@guimaraesnasser.com.br,+5591981232747,false,,true,cpf,false
c94d892f-2b7d-45ea-aa7e-03c2d02e9c40,,Renato Oberg,,,5521996289169,false,,false,,true
c9901275-05bb-4c75-9ede-c2ce69be221e,,Antonio Luiz da Costa Morganti,14552145827,,5516997677985,false,,false,,true
c99669b5-09c4-43c1-8b50-52ed67c3e41a,,Diego Magalhães dos Santos,10063934710,diego.magalhaes@gmail.com,+5524981126774,false,,true,cpf,false
c9bcace0-f522-44b5-b480-ac5ae267b5e0,3c882cba-ec78-4275-a520-619426cddb2a,Maiko Artemio Magagnin,00261287052,maikors@hotmail.com,51995994938,true,qv_id,false,,false
ca1b0ae2-126f-4bb2-9179-24ba9307ce6e,78a5a2b4-0174-40e3-b8eb-67789fa2bacf,Veronica de Souza Carraro,12239678755,veronica@souldelas.com,85988480174,true,qv_id,false,,false
ca4f49fb-3193-4814-a981-6afedd8039d9,,Maria Emília Pimentel,54372704615,mila2pimentel@gmail.com,+5527995201971,false,,true,cpf,false
ca5577fd-39d9-4c2f-8112-f88a18ad5077,,Luiz Cláudio Portilho,93979991253,dr.luizportilho@gmail.com,5511959275678,false,,false,,true
ca8d5108-8d5a-4e08-aed2-52a00f1f3c36,da92fccd-02b4-4e1f-b131-f436f574bc48,Mariana Ferreira Leboreiro,05002646603,marianaleboreiro@gmail.com,19984052305,true,qv_id,false,,false
caa56555-db8a-4da0-87cd-a1715def96f5,d26a04a9-5311-4be8-87f4-de9dd1dc18fe,Renato Pansera Spiritus,30831858800,renatospiritus@gmail.com,+5512991418903,true,qv_id,false,,false
cac5f5f6-306f-4ca3-a165-fc1a270953f2,097ef610-5f31-4a2f-aaeb-8f6ca094a963,Emmanuel Vitor Bispo Pereira,05545727450,emmanuelvbp@gmail.com,+5581979158487,true,qv_id,false,,false
caefcff4-2172-400c-b5a5-f30e67f797c1,,Wesley Freitas Lopes,35814065869,w.lopes19@hotmail.com,+5511963902066,false,,true,cpf,false
cb4f70b7-ff89-446f-bc6e-c9e9e0c70134,d2e1267f-1bf7-412d-bb53-3f9996ea4f27,Glaucio Branco da Luz,12819418830,glauciobluz@gmail.com,11982134780,true,qv_id,false,,false
cb6760a5-4180-4685-910c-639f89497b33,54a1e85b-f6df-4849-9a2d-af0e159674d2,Marco Paolo Diniz Corrêa Ceraldi,26879207898,marco.paolo78@gmail.com,+5517991421118,true,qv_id,false,,false
cb73bf30-d600-4946-a2b0-9627a0c4904e,,Kaio Seglia Nicolau,10543632776,kaionicolau@gmail.com,+55 27 99848-5588,false,,false,,true
cb73ec03-e99c-4c64-917d-f0ef3fc76a88,ee8ea7bd-0e2a-41dd-924e-e3bb4f21ee84,Liz Maria Serrano Tourinho,22047638291,liz_tourinho@hotmail.com,69984038906,true,qv_id,false,,false
cb75cef3-23e5-4616-abdf-af33dd20eed5,c98df0e1-87dd-445c-9ecb-e02793f093af,Bruno Nunes da Silva,09436233752,brunonuds@gmail.com,21999124341,true,qv_id,false,,false
cbb09924-ca18-4b39-b497-6723364234a4,fc2510ce-fb18-4391-8a38-2363e3f1b84d,Carina Vieira da Rocha,04031503610,carina.rocha@selecionata.com.br,31985026691,true,qv_id,false,,false
cbb60f0d-5f62-4722-8420-9f6a75164fec,,José Valter da Silva,35909005472,valtervalmar@gmail.com,5582996745577,false,,false,,true
cbd602d2-0f71-4bf7-8ae6-f1225dd4eeba,373a3efe-626c-42c7-ace2-54d39675142d,Bruno Elias de Almeida de Castro Rodrigues,30391828894,brunoeacr@yahoo.com.br,19982539912,true,qv_id,false,,false
cc21481a-a941-4ccc-a183-ca2dca419448,,Eduardo Farias Moreira dos Santos,32862913820,efariasms@gmail.com,+5511981645777,true,cpf,false,,false
cc36d782-4624-4a48-8ca7-abbf0a8e482d,,Nilson Linhares de Figueiredo,10550150781,nilson_figueiredo@yahoo.com.br,5519998206632,true,cpf,false,,false
cc4721c6-79c3-4662-91b6-3a1f665e3335,,Teófilo Edwin Sotomayor Melgarejo,23261612894,teosomel@hotmail.com,5511964231994,true,cpf,true,cpf,false
cc4ad025-8f9e-4d36-8962-f48b4092229f,8845719b-8945-4417-adda-d0bb79da55d2,Alexandre Martini Costa,27999415839,alexandre.m@md.com.br,11999509937,true,qv_id,false,,false
ccec8d3b-0f80-4d8f-8352-7128ab7767b3,250ebd0f-5500-4868-b241-6b0f65ec6bf3,Edvaldo da Costa Oliveira,01879544881,ecooliveira.eo@gmail.com,17997139665,true,qv_id,false,,false
cd65d11c-b093-4f59-afd0-613d0809e116,,Patrícia Luna Ferreira,13556803798,patricialunaf@gmail.com,5521994399520,true,cpf,false,,false
cd70e186-6d38-4248-84c5-d5a6f351d4de,,Flavio Mavignier Cárcano,52567745149,carcano.fm@gmail.com,+5517996291299,true,cpf,false,,false
cdd79af6-b7b1-4a8e-8bf2-6ad852d98b2f,,Marcus Vinícius Mario Miranda,,vicksmiranda@hotmail.com,22 99726-0426,false,,false,,true
cde597cb-065a-4176-9d42-76cbcb328f67,,Paulo Seixas,32759945812,,5511999528263,false,,false,,true
cdfef7e3-a4ed-47ae-ab65-d6f04cef272a,,Pedro Lemos Nogueira Neto,67110223787,lemos.nogueira@outlook.com,+5511996388976,false,,true,cpf,false
ce07a226-9631-4343-a3cb-10b24e7cc483,832891ba-42da-46d8-9fcb-21a31c887375,João Macelo Kasper,96153814034,jmk@certto.net,+5555996914747,true,qv_id,false,,false
ce0b7e07-c33e-4cec-a414-0473cd0646c8,,Vitor de Sousa Medeiros,,vitordesousamedeiros@gmail.com,48991882636,false,,false,,true
ce90c659-3d0c-4ca8-8088-762823bd856e,,Ivan Regis da Silva,93057997953,ivanregis@onda.com.br,+5541999250307,false,,true,cpf,false
cea54554-1b9a-49dd-9a8b-148f6db047b2,,Wellington Pereira,07511460801,sysbrz@gmail.com,+5513981005638,false,,true,cpf,false
ced70e47-526e-48d2-9e83-5fde6c25e30c,60eeb9b1-e1fa-4684-9df1-1e00602099f1,Artur de Paula Falconi,10008473650,arturpfalconi@gmail.com,32999851129,true,qv_id,false,,false
cf09409b-bae0-48db-b374-65e817f31c70,,Denis Heringer Pereira,36821203865,denisheringer@gmail.com,550852609004,false,,false,,true
cf3caa56-f7e1-49c9-9ebb-f82b4a3c98bc,5844bea4-ae7a-4b06-8cc0-076ed1074640,Lucas de Souza Zocateli,13257524609,lucaszocateli@quartavia.com.br,32998234281,true,qv_id,false,,false
cf5f2cfd-2bc6-4a8f-b3db-660aeaa4f3ec,,Leandro Mussi da Silva,01586255797,leandromussi@hotmail.com,+5521984019396,false,,true,cpf,false
cfbb14b9-b93e-4378-9f90-a1e80b4ac63c,,Francisco de Assis Salvador Junior,26876650880,drfsalvador@yahoo.com.br,5511976161708,true,cpf,false,,false
cfecbf1d-47fa-4670-b218-ba2c5a96f815,82f4f88c-cc40-46b2-b139-d13c1a1e917d,Luiz Fernando Pereira Aires Costa,13090027704,lfernandopacosta@hotmail.com,+5521996667062,true,qv_id,false,,false
d0181aef-74ea-42a1-97e6-179cacc6e98a,,Marcelo Elias da Silva,03921536960,vidaalcar@gmail.com,+5541996651367,false,,true,cpf,false
d02fc067-4383-45ca-b69c-8c8768e61bd8,df8ab1a9-633b-4361-81f5-c2e8d8ada01d,Daniel Melchiades da Silva,80134513053,daniel.nefro@gmail.com,55999778104,true,qv_id,false,,false
d0415429-46f3-4a18-bd4f-b4b0c4624fd9,,Nadja Helena Martins Saraiva,43047114315,nadja@jwsaraiva.com.br,+5585991498978,false,,true,cpf,false
d05d7dfa-0438-4c58-8495-56ba4a615b49,,Cláudia Teixeira,,claudiateixeira2020@yahoo.com,5521993998397,false,,false,,true
d0671050-cb3c-4c2d-bb61-b9bda4744f0c,,Monique Lima da Motta,11233871765,moniquelmotta@hotmail.com,+5521965749491,false,,true,cpf,false
d0817de1-4c13-4773-8b0d-24d1ef81853d,,Adriana Cristina Soares,00469225394,adrianabarbosamed@gmail.com,5585997366377,false,,false,,true
d0acfe6f-0dc1-41a9-ab77-9fb7ea9f15cf,,Mauricio Esquivel Denari,11846017807,mauricio@denari.com.br,+5513981283300,false,,true,cpf,false
d0d4b995-3441-43dd-805e-07523d4d7916,,Omar Santiago Maciel,55527302672,omarbkp@gmail.com,+5533991935651,false,,false,,true
d0f688e8-b9da-4bc4-b86b-dde042b5ae66,,Luíse Bispo da Costa Dalé,,luise@dalleconstrutora.com.br,5553999640476,false,,false,,true
d11e0154-2e2a-4c2c-afe0-f5aa04b05ae5,14b4c614-e405-45e1-ba5f-cc4f5223ff8d,George Costa Soares,91535905387,georgecsoares@gmail.com,+5585991975252,true,qv_id,false,,false
d15c1e98-0552-4223-88df-fb6cb5b5d402,f5b1b204-e653-4a8e-ba3f-415b34ab55bd,Luiz Andre Coelho Pontes,67224504220,drandrepontes@gmail.com,91981096992,true,qv_id,false,,false
d177fb99-041e-435a-b2f1-830907c576a3,,Katrine Ritton Magami,28274373847,katrineritton@gmail.com,+5561981633336,true,cpf,false,,false
d1828671-2109-47b8-ba44-a2ca7dbfa4d9,,Willians Moura Leite,45207763334,williansmouraleite@hotmail.com,+5598991445020,false,,true,cpf,false
d1a8f65f-7dae-4df7-b98e-f0d0b033baef,,Bruno Silva Rodrigues,10274387760,bruno@guimaraeserodrigues.com.br,21982716101,true,cpf,false,,false
d1e88369-2e50-4575-ad3f-ff35ceccb7e5,,Alexandre Sagawa,25382158894,alexandre@sagawaengenharia.com.br,+5511983945666,false,,true,cpf,false
d23985ea-8527-4a48-9d80-7032d2491698,5c437dbb-47b0-4690-ad71-021a46ee16f5,Adrian Claudio Mitrany,03154433830,adrian@binahconsultoria.com.br,11984331659,true,qv_id,false,,false
d243777b-bab8-4209-981e-bffa83999013,,Adriana de Sousa Barbosa,92047939453,adrianab.adv@gmail.com,+5575998049701,true,cpf,false,,false
d261d406-56fe-432f-83b4-111f32b469f9,,Othelo Amaral de Oliveira,00420153241,othelo_amaral@hotmail.com,+5591981899901,false,,true,cpf,false
d2642121-cd9a-4ccb-99e9-f5390b9caf35,,Philipe Laperche dos Santos,02151282147,Lapercheps@gmail.com,+5562981144555,false,,true,cpf,false
d2892fdb-d69b-44f6-8dd1-69dc06fa31df,cbf451f1-8c0a-4299-9cb7-bfc8539dddb4,Madson da Silva Souza,98815270230,atendimento.ochale@gmail.com,91983394960,true,qv_id,false,,false
d29dbb77-5e1c-4e12-b219-1beb696da414,,Jailton de Souza Silva,87469057404,jailtonjeja@gmail.com,+5584999248850,false,,true,cpf,false
d2b52738-b2e8-479c-89a7-1bc92b9229fe,3060ab46-e89c-4f86-9222-48350e9fbbf5,Fabiano Todeschini,65470036987,fabianotod@icloud.com,41991053776,true,qv_id,false,,false
d313af5d-c75b-45b7-85eb-d7a3fc8ad112,696b96dd-672d-4c0d-85ba-7bf12c39eb38,Rubinaldo Bezerra de Medeiros,05324088455,rubinaldomedeiros@gmail.com,84999197655,true,qv_id,false,,false
d33b0b62-26d3-4cdd-92cb-8a6606e55e91,e541da11-d108-4a02-a5ec-463c370dc1f1,Romulo Alencar Rodrigues,80147232449,r4rodrigues@gmail.com,21995439763,true,qv_id,false,,false
d366a5bb-65f9-41e0-94fc-68fff29741a7,c8b76bbc-031d-491b-85c1-d01f0d645e21,Osvaldo José Catena Júnior,97218685072,osvaldo@catena.adv.br,51993932616,true,qv_id,false,,false
d36a6347-2159-4657-9454-cebe2de781cd,f99e57a1-6148-4188-b9ae-2e5567e36710,Renan Batista de Lima e Souza,69891931153,renan_farbi@yahoo.com.br,62991677389,true,qv_id,false,,false
d388e4da-c927-46f5-ae68-0092ada49762,,Kelson Corte,14508826172,kelsoncorte@yahoo.com.br,+5561999667345,false,,true,cpf,false
d45a87fe-64b3-4007-8dac-5533b6705663,cfac5ab6-a77f-402d-905a-7f90e457caee,Eduardo Barboza Gurtler,14998010840,aegurtler@gmail.com,+5511983037632,true,qv_id,false,,false
d46b479a-e45e-4d99-835a-8480d8a56482,,Luciana Ferreira Campos Vasconcelos,08627156794,lucianafcvasconcelos@gmail.com,+5521976960050,false,,true,cpf,false
d4717aed-3828-48f7-b9ae-76d8b2d2703f,493303c8-64f9-4d6e-889d-b1011aaf830c,Jamilla Fontes Teixeira,87550105634,jamilla@dconectelecom.com.br,31983575675,true,qv_id,false,,false
d47215d4-b42a-451a-87ee-54ab02f89453,,Frances Carlos Lima Madrid,01617499170,francesmadrid2013@gmail.com,+5594992912130,false,,true,cpf,false
d47a2031-41d9-4487-85ee-cb70909dd850,b9f0f32c-7856-4a57-83b6-85cb3d4d3d64,Rogério Aparecido Martinez,25240104816,rogerioapmartinez@gmail.com,+5517997563656,true,qv_id,false,,false
d495b081-8c7c-44ef-963a-3559998bf46a,2818acc4-d23e-44e6-944a-4e35902760bc,Germano de Araújo Jatobá Leite,90265653487,gjatobaleite@gmail.com,82988235580,true,qv_id,false,,false
d50df325-a872-458a-9cf1-4fc26fc7e17a,29427afc-4685-42c3-9f9a-64694a82966f,Paulo Lorran Hnszel,02640164082,lorranhnszel92@gmail.com,+5551999464866,true,qv_id,true,cpf,false
d51df5ea-f825-4935-bb43-5893fbab211b,,Leonardo Akira,83020284104,,5516993530416,false,,false,,true
d540c646-6b23-4aea-8ee9-bad2cba7f0e1,8f9a3384-f58e-4db6-97c5-9504adcfce19,Alan Henrique da Silva,01533022674,alanhsilva@gmail.com,19983002340,true,qv_id,false,,false
d5414347-3e49-4a6a-84c4-0be49cbada0d,,Aline Beatriz Bibiano,07355510657,alineb_bibiano@icloud.com,+5519996012628,false,,true,cpf,false
d5598036-da34-4e37-a18d-5044b002bcf6,,Gabriel Rodrigues da Silva Neto,63585197272,gabriel-med@hotmail.com,+5591991183032,false,,true,cpf,false
d55f927c-ab3f-4368-a10e-7131780697aa,,Mariana Ribeiro de Souza Rebelo Lemos,11069294705,marirebelo@gmail.com,5513997255873,false,,false,,true
d58c471c-8083-4447-9578-722d0ae74463,4135d3e4-dd37-49a0-add4-578658edd138,Daniel Borges Rocha,08216122632,daniel@deliciasdotrigo.com.br,35988556783,true,qv_id,false,,false
d5999b9a-e05d-4f68-9547-32c63c1a547b,704e7439-d197-4645-9322-60c35bd3c863,Reinaldo de Souza Barcala,48455164972,dr.barcala19@gmail.com,14998687795,true,qv_id,false,,false
d5a137c3-3790-4943-9b9e-1a6315b5353c,74b1a6ae-5560-43ca-9368-50c746193e8a,Paulo Célio Guerreiro Barboza,63718081415,paulogbarboza@hotmail.com,81999591717,true,qv_id,false,,false
d5b7be8f-6c4e-4d2c-88a5-d6c260e6f208,2c8aeca7-5f2e-4d67-a7f2-cc824c80dc01,Felipe Campetti Melo,82162395053,felipe@servecenter.com.br,54991854895,true,qv_id,false,,false
d5e389a9-b5b6-45df-a4f4-d8e0dadc124c,,Marcos Melo Guedes,01666849707,marcos.m.guedes@gmail.com,+5511984794834,false,,true,cpf,false
d5f5ae7f-0529-4a41-8bde-f96c1d61e58e,83ac3cdb-beb1-48d5-bd17-8c8497dae6a0,Pedro Henrique Dante,29746864866,drpedrodante@gmail.com,11998977614,true,qv_id,false,,false
d6040c29-9c9b-45a8-9863-2122ed48536f,a1e8930e-0e1b-4d6f-a655-e8c59df87d84,Alexandre Aparecido de Sá,28482474871,alexandredesa10@gmail.com,14997265679,true,qv_id,false,,false
d6a2f4dc-db0c-432b-a5d7-22f7ae9a5961,ce03b1c5-fdcc-4c73-b47a-05b549591683,Iveraldo Amboni Filho,91018595953,iveraldo@gmail.com,+5548991489660,true,qv_id,false,,false
d6e046e8-2a3f-4d47-832a-9acf32fa2dd5,,Marcelo Lasevitz,76364305091,anamaste77@gmail.com,5551997447373,false,,false,,true
d702be52-69e8-46df-9a56-635e21a6af43,,Júpiter Newler Lopes,,ijneewler@gmail.com,5598981117175,false,,false,,true
d710eb0e-3aff-4f6e-a36e-ea5ea0cfd237,b86f12ba-5138-4dac-bcd1-7d248a4700d3,Dhyana Aguiar Cesar Mauricio,78903700163,dhyana.aguiar@gmail.com,+5561991027218,true,qv_id,false,,false
d745e0a4-fc46-44c7-ad94-07adc563ef08,,Roberto Tolomei,70344825787,tolomei.roberto@gmail.con,+5521999478797,false,,true,cpf,false
d755d86f-217d-4bc0-a6af-61d501bb29b5,,Renato Tatagiba,,,5521998490399,false,,false,,true
d75fa08b-5303-4003-bb90-576f4cfc78d2,,Henrique Sampaio,00768694400,hs@henriquesampaio.com,+5511981008080,false,,true,cpf,false
d77b493e-f9be-4632-a2b3-b717f99edb7c,,Fatima Cristina Ribeiro Freitas Moreno,64874222587,fatimamoreno2002@gmail.com,+5561991768413,false,,true,cpf,false
d781d885-f3b2-443f-a4fb-0c22db9ea066,,Luiz Fernando Montini,01300076178,montini_montini@hotmail.com,+5541997153693,false,,true,cpf,false
d7bc9000-c87d-4fc3-ac34-5c7d713a528e,19538d45-902b-437e-b85b-559808ccfa57,Clóvis Roberto de Freitas,30242649068,clovisrobertodefreitas@gmail.com,51985676003,true,qv_id,false,,false
d7d5bf94-1ee4-4733-b625-6263cf13ef96,22b6c384-5ba3-4c85-89e9-6f82af29c783,Maria Antonieta de Campos Tinôco,13717499220,nittin@me.com,+5592981126600,true,qv_id,false,,false
d7f1ff71-4633-47e1-abca-9e34c0b9198b,,Adriana Ferreira Lima Brasil,89941365504,adriflbrasil@hotmail.com,5579999853394,false,,false,,true
d7ff3d2a-ef4d-419c-8ac9-672c58b097cf,,Marco Roberto Nicolau,97501557691,nicolau.omnis@gmail.com,+5532999882194,false,,true,cpf,false
d81cdc90-7a9e-48f9-b79f-752f39b90966,,Leonardo Garcia de Oliveira,10505414724,Leonardo@engtex.com.br,+5521970080247,false,,true,cpf,false
d85cb2e8-3738-44ec-84ce-4368a9469a74,ca5c4e91-31dd-4b59-9358-5e3ae4d9cda7,Lissandra Cavalheiro Maioli,95828702068,lissandramaioli@gmail.com,54999826564,true,qv_id,false,,false
d86cea26-cc07-4885-ad5f-869827b75f20,e6ee7939-2ba4-4141-ba87-1cc93faf8d69,Rodrigo Lara de Sousa,89015312168,rodrigo@loe.com.br,+5561991150739,true,qv_id,false,,false
d871f98f-7d5c-4853-a645-390945d12020,,João Bruno Nogueira Campos,07154736623,joaobrunobrazil@gmail.com,+5531999199100,false,,true,cpf,false
d8a41458-3f77-410d-834c-3377840fffe9,,Rannieri Rios Veloso,63215543320,rannieririos@hotmail.com,+5585988140450,false,,true,cpf,false
d8a9692a-100f-423f-b822-f2167007d56e,3671d752-d9e2-4e9c-b1ec-ff3e8463a644,Carlos Henrique da Silva Cezar,25945617890,carloshenrique.cezar@gmail.com,+5511985001614,true,qv_id,false,,false
d901939b-956a-42a5-9046-a1a62e834286,,Victor de Barros Saeger Marinho,42125289830,vdbsm@hotmail.com,+5511976540902,false,,true,cpf,false
d9138131-af28-47c9-90b2-f93670c13087,,Rossana Peruck,32130035817,,5519991891164,false,,false,,true
d9867e17-0ecc-46c5-8c62-ebdac202a74f,204eabd2-2cc4-4827-ad36-9e012614436d,Alexandre Ostrovski Junior,63425106015,atmosferacultura@gmail.com,+5551983320033,true,qv_id,false,,false
d99e44ff-8629-4bf9-9e5e-367b436c7451,,Daniel Porto,,,5571987906899,false,,false,,true
d9e4411a-269c-4b27-8ae2-736399983bf7,,Marina Koche Nunes Cerávolo,,marinaknc@gmail.com,5548991236363,false,,false,,true
da3678d4-2610-49dd-85de-df437333db11,,Bernardo Naoyoshi Nakamura,21666726800,bernardosam@gmail.com,+5511992506316,false,,true,cpf,false
da428043-eff1-4acc-ad62-7e5788135872,,Francisco Martins,,fhlmartins40@gmail.com,5511977795517,false,,false,,true
da654803-8229-44c3-b7ce-1c1a1a7cb0a0,,Flávio Ribeiro Dib,07136818885,flaviodib@yahoo.com.br,+5516997616699,false,,false,,true
da8a8a32-d2e2-4e47-a5ef-8c3e7165280d,,Priscila Laís Bragato Veiga,30842989803,pveiga023@gmail.com,+5561992211697,false,,true,cpf,false
dab024d1-7a80-4820-bce3-b25200dc2988,44f29918-5248-4eb3-8a81-811c7c65d65f,Anderson José Baêta Dutra,13029900630,ajdaudio@hotmail.com,31999974850,true,qv_id,false,,false
dab22696-76ed-4af7-bc26-789dd6fd917a,,Viviane Fernandes Barros,,vivianefbarros@gmail.com,5521999566212,false,,false,,true
dae7028d-6d0b-4a96-a356-47d7674430a9,,Fabricio Fernandes Heleno,04500991646,fabriciofheleno@gmail.com,+5531996347391,false,,true,cpf,false
daf9d18d-8e15-4717-826b-c0ed7db2e5a3,44165dbd-9279-4e50-a561-779344b3cad8,Donizette Fernandes Lima Júnior,99375508153,donizette@canaatelecom.com.br,62984697014,true,qv_id,false,,false
db26a9f1-2996-441d-8f9d-cb15df2ed755,,Guilherme Gumz Felicioni,08965454905,guilhermegumz@gmail.com,+5547984429281,false,,true,cpf,false
db2aa420-713d-4f37-a015-9bce68e9afcb,5449a008-a633-46bf-ad00-74bd9d021e77,Arthur Paz Oliveira Moura,98908367349,arthurpazom@hotmail.com,98991092999,true,qv_id,false,,false
db49c3f7-a751-472e-9d08-1678c5a66dc3,,Welberley Lima Ribeiro,03746752108,welberley1@hotmail.com,+5566999559774,false,,true,cpf,false
db5ce923-17a3-4312-8391-50bd4be6d7a5,5759221b-60d8-45c5-a69f-2b824e800963,Carlos Eduardo Lourenço de Andrade,02630462900,carlos.andrade1216@gmail.com,+5548984039399,true,qv_id,false,,false
dba14861-b13f-4c6e-afc1-048521452dee,,Rodrigo Wegner Willrich,,Rodrigowillrich2008@hotmail.com,+55 47 98916-2506,true,email,false,,false
dc3fdb2c-d61b-49ef-a60e-92db48e8d588,13485693-7cbd-4cb8-82a6-d4ed6d4fc66d,Pedro Luís Galvão Seraphim,16512139844,pseraphim@me.com,11983453078,true,qv_id,false,,false
dc9c4ea5-a536-47c0-9a0e-19b179f48cc2,,Marcela Florência Camargo,02951265158,marcela_florencia@hotmail.com,+5565984321692,true,cpf,false,,false
dcfac87c-72c1-4d6f-b423-38edcef736fd,072ac881-dd3c-49fb-a0a5-a7febc62a90e,Carolina Stedile,00758782080,carostedile@gmail.com,54999240407,true,qv_id,false,,false
dd047168-1b9b-4803-9aa3-9550bc57c18d,4fa05714-1d88-40b8-9574-bca92d5f385a,Gustavo Pautz Carlos,95436227015,familiacastrocarlos@gmail.com,54984243722,true,qv_id,false,,false
dd4d339e-3aee-4d56-a4fa-b0f1ff1eee52,,Anelise Domingues Schuler Dargel (+ Aroldo),80815120044,aneliseschuler@gmail.com,5551993270734,false,,false,,true
dd6056a8-fea7-44d4-98a7-335caeaa072a,8c0b8e68-8fd3-4ebe-b72b-44da44c270a1,Juliana Paiva de Souza,05824712735,julipaiva@gmail.com,21992551474,true,qv_id,false,,false
dda01b1a-3b7a-41db-86a1-71cea119eacb,6d14dc9a-9a80-4002-b89a-f61c9b70d37d,Pedro Chandelier Haeser,03650769026,chandelier.pipo@gmail.com,51999474083,true,qv_id,false,,false
dda8a0cf-466e-4322-939f-3bd060361ea0,19ed546b-b973-46cf-b73a-7ebcad7eedb0,Valquíria Miwa Hanai Yoshida,02720815829,valquiria.mhy@gmail.com,15997080001,true,qv_id,false,,false
ddab9eb4-1586-4e8f-89b8-94894d61d152,,Ana Maria Genu,41999002504,anagenu@gmail.com,+5571988869316,false,,true,cpf,false
dde80eba-7912-4ba2-a669-e04a6a099a47,8fd1f4cb-727a-4f2e-93f5-9a093776357d,Jhonny dos Santos Vilaronga,36155506841,jhonnyvilaronga@hotmail.com,11995401097,true,qv_id,false,,false
de05b8e5-f56e-4717-bf37-5a5018d978ff,,Nicoly Suelly Souza Almeida Acioly,90393627420,nicolyssalmeida@gmail.com,+5584999292469,false,,true,cpf,false
de0953c7-7b4f-43f3-9e4d-57bb7b2571e8,,Salma Bakhit,14206651892,Salmabak@yahoo.com.br,11991661245,false,,false,,true
de2acf46-c28e-44ce-b3c4-88c028e75627,,Ivan Borges,,ivn.borges@gmail.com,554497290066,true,email,false,,false
de726bc1-9401-4df4-9ada-40da54fa17ae,,Danusa Maria de Camargo Dias Araujo,03078564967,danusadiasaraujo@gmail.com,+5544991439674,false,,true,cpf,false
de78c04d-9656-44c1-bdd7-bac2f86dc261,05092dc2-d206-40cc-a18c-6c0eee4b1ef1,José Duarte Tavares,07607492801,jduartetavares@gmail.com,11984886434,true,qv_id,false,,false
debd8b51-9dfc-41b7-8620-c68367c9fc8b,225f91f9-a28b-441f-b3fc-c7f16ad4b114,Arthur de Lemos Ferreira Rocha,06952833676,arthurlemosferreira@gmail.com,11952730914,true,qv_id,false,,false
def56adb-35e5-4559-8a2f-d1538809a8a8,85c6864d-ca03-4daa-8d05-620731f50a2b,Felipe Brêda Carneiro de Albuquerque,05370888493,felipebreda20@gmail.com,82999694337,true,qv_id,false,,false
defa47b8-1d23-4a99-a1db-bfb13f67803d,,Danilo Cozendey Pereira de Souza,11408292700,danilocozps@gmail.com,+5522981869190,false,,true,cpf,false
df316812-9a3a-4c84-a483-8bfaacb8f578,f82ec07b-9612-4f76-af1c-e199729c0339,Fabio Mendes Zeferino,22452158852,fabio@bzsadvogados.com.br,+5516997297480,true,qv_id,false,,false
df42c5c2-8bd8-425f-b77d-a391bcc5505d,57604137-e3d7-4250-8f28-84ea90a7202f,José Fernando Raiza Fortes,14061369806,fernandofortes32@gmail.com,11947340080,true,qv_id,false,,false
df9d55cf-2d06-4520-832b-3dff030407aa,846b15d7-7d08-4963-bee1-5aa2a44c661b,Alexandre de Proenca Guarda,04029924662,alexguarda@hotmail.com,61981336874,true,qv_id,false,,false
df9f517e-44d1-4128-a1c6-31514c52b82d,533d2568-8db2-40bb-bd65-a2e82c17c6bd,Luciano Moura Santos,03011416656,mouraluciano11@hotmail.com,31996221478,true,qv_id,false,,false
dfa01776-e188-46f8-bb15-fa2719bf02aa,5a9386a5-6ff4-4808-9eec-9a37726d5787,Iracema Rodrigues de Sá,16174441890,iracemarodriguessa@gmail.com,11914471310,true,qv_id,false,,false
dfa9781a-b1eb-4fb1-918e-238e15c76cfc,,Bruno Nahorny Ferreira,00884885941,nahorny.bruno@gmail.com,+5548991739498,false,,true,cpf,false
e01f97c9-933e-4097-89fa-1d98cdea9c48,2f9cfab0-908b-47e6-af47-975e32d488e8,Vinicius dos Santos Cruz,02981641590,viniciuscruz.desen@gmail.com,+5579991769418,true,qv_id,false,,false
e0876ca4-41bc-4fad-b125-80354fb617e1,177ea1df-b18a-4f48-81c7-7a5790a77de0,Paulo Vasconcelos Stefani,25441453826,paulovasconste@gmail.com,+5511992710754,true,qv_id,false,,false
e0f6df97-b099-4384-9d17-2644666f4dad,,Marcolino Evangelista Barbosa Neto,40590305620,marcolinobarbosa@outlook.com,5538998457200,false,,false,,true
e14d3263-a816-4560-8353-e3c1a07b59e8,15907c49-7e81-42be-b058-87d46f810b67,Michelle Christine Teles Madeira,00935918108,mimimadeira@gmail.com,61982114994,true,qv_id,false,,false
e1841715-cb21-4cf6-9466-23f76e8cc316,3f237aed-dadd-49cb-b3c3-3f4ba9ad8ac6,Adriano Gelmini,25529389813,drigelmini@hotmail.com,19997618665,true,qv_id,false,,false
e1a444df-e733-40d8-883f-69df04acc005,,Aresk Charles de Medeiros Melo,02428200429,aresk@icloud.com,+5581993099074,false,,true,cpf,false
e236bb7e-0491-4ff7-8562-863733a58954,,Adriana Cristina Braga,05119202616,adrianacbraga27@gmail.com,55 31 9 8613-5446,true,cpf,false,,false
e23a67b0-632e-4b62-ba06-0683da56aaec,41fd20f7-f49b-48bc-afd1-93726bd19e80,Raíssa Veloso Gomes,06758333612,issavg@gmail.com,21982930505,true,qv_id,false,,false
e248e395-5f93-4d1a-8467-a6cd4868823a,a133dd6e-a20e-4f38-97d0-1434179af70d,Vania Moraes de Oliveira,78862868120,vaniamoliveira08@gmail.com,63991019778,true,qv_id,false,,false
e2836d24-e646-40c5-8454-da2837d3c5f3,,Rene Carvalho Bayma,84932988320,renebayma@yahoo.com.br,5598999762574,false,,false,,true
e2b66ec6-4911-4e58-bcac-28f3a90708bf,eddcccc6-921f-4de4-b095-fb20245f6073,Priscila Elaine do Prado Faria,14198022836,drapriscilafaria@hotmail.com,11986894959,true,qv_id,false,,false
e2b7b624-b1bc-4563-8826-6f10ec4e4a53,,Ruy Cesar Feuerschuette Neto,92152570987,ruycfn1@gmail.com,+5541996507722,false,,true,cpf,false
e2bcd15d-c69e-4476-9ab9-6c3f0b530f04,,Monica de Luna Abrantes Loureiro,10127423770,monicaedaniela@hotmail.com,+5592995145313,false,,false,,true
e2e361fc-bf00-4388-8cc7-7e5a6410d65c,e105712f-8697-49a7-aedc-c9d120204148,Augusto Didier Silva Canto,00885440285,gutodidier@hotmail.com,91981100319,true,qv_id,false,,false
e310307b-6076-4c49-be2b-9d7bd3f75133,a19782a7-8026-4d43-b445-ca4db79c3ca6,Fabiana Cristina Muniz da Rocha,25249288880,fabianamunizrocha@gmail.com,+5511991307222,true,qv_id,true,cpf,false
e38f8299-c11e-48f4-96e0-ef6a7f216ba5,,Jeferson Augusto de Souza,12599142750,jefersonascarvalho@gmail.com,5521983740627,true,cpf,false,,false
e3c24b4f-39c7-4f2e-86c4-69a99ddee7fd,4c91a797-fefd-4997-a14f-379ca547eac9,Francisco Helço Sales,11632828391,helcosales2@gmail.com,+5585986816328,true,qv_id,false,,false
e3dfdd10-2ea9-4bc3-ab4a-21e3fa89109f,21c7112d-622d-43a8-917c-db8945e32a82,Thiago Gonçalves Fagundes Borges,81998163172,thiagogfborges@gmail.com,61999816161,true,qv_id,false,,false
e4184363-300e-46d2-a981-ac66c320928b,c05958e8-f4e3-4733-aaf4-84819d6074b7,Telmo Morsch dos Reis,40800946049,TELMOREIS@CLINICATELMOREIS.COM.BR,51999714203,true,qv_id,false,,false
e4272e03-54bc-47b4-8bed-145da73b3dc5,988b072d-b5ca-40e7-aa60-9cbff46c5a17,Vanessa Medeiros Bertrand Martins,01652964100,vanessambm90@gmail.com,21999340204,true,qv_id,false,,false
e437460a-de07-47fd-8bb8-2ae9a7445ec2,,Marcelo Costa Mascaro Nascimento,08558660808,marcelomascaro@mascaro.com.br,+5511996662343,false,,true,cpf,false
e43a94fb-b486-4f0d-b128-054158408503,921d706e-4a90-4c98-9074-bbdd38918fcb,Danily Andrade Veloso,04319766199,danily.veloso@gmail.com,61991284151,true,qv_id,false,,false
e45c22e6-45fe-44d5-8463-9cc160fb70d2,,Audi Anastácio Felix,02748071816,audifelix@icloud.com,+5511971961046,false,,true,cpf,false
e48f9365-35a7-4538-85ba-ac578e5ee5b2,712d2cc4-df7b-40ef-a288-cf315025999d,Ricardo Alexandre de Deus Domingues,89492099187,ricardoaddomingues@hotmail.com,61999687161,true,qv_id,false,,false
e4eaa887-c0cf-44ba-acd1-7922b2a3d39c,,Antônio Carlos Pires Maciel,20921845634,drtmaciel@gmail.com,5531999892889,false,,false,,true
e4ef5eac-3581-482e-bed3-a89e1486d5df,bfaa924b-4712-4430-873a-3ba98896225c,José Ricardo Marinheiro Rodrigues,09039197458,rikardopitt@gmail.com,+5583991284385,true,qv_id,false,,false
e5028d51-46dc-41b5-bbbb-2adf9906d64b,,Astride Rodrigues Linhares Silva,82054029734,astridelinhares13@hotmail.com,+5564992300420,false,,true,cpf,false
e511748c-fe8f-42ec-9840-460f04ac2e23,9e819943-b75d-41d9-8c8c-4a6820d105e5,Wellington Emídio,29918581840,emidioewellington@gmail.com,19997082710,true,qv_id,false,,false
e53d5758-20a3-4f54-b295-4b335116c3a5,43cde286-e9f7-4169-b03e-ebb74776b646,Marleno Litaiff Monteiro Jr.,40603121268,marlenolitaiffjr@gmail.com,92981147684,true,qv_id,false,,false
e561631d-8612-4b82-a82d-15f613f04897,da45ac79-bef4-4cff-9952-b51abe329dfa,Bruno Campos Coelho,01710439106,brunocamcoelho@hotmail.com,62981478194,true,qv_id,false,,false
e5703a6a-1755-4064-bc61-8668fcc7d82c,,Andrea de Souza Coelho Benazzi,92737811791,drandreabenazzi@hotmail.com,21999710274,false,,false,,true
e5ac38c7-72fc-4498-aedb-c5d7ab60115f,5f833e5f-bf32-42fd-b49a-787c45ef9fe3,Débora Pedrazzi Martha Chuffi,11786606801,deborachuffi@hotmail.com,19997626145,true,qv_id,false,,false
e5cc19da-6df5-4b73-9ada-4247140d4ecc,a451edd1-95a6-4669-9e65-bb47c6f1005a,Aline Cristina Camacho Ambrosio,15431232878,dra.aline.ambrosio@gmail.com,11983116363,true,qv_id,false,,false
e600f2da-cc4a-4110-8505-e7fdf5cfc71c,,Leonardo Souza Rola,81226322549,leorolla@gmail.com,+5571991981075,false,,true,cpf,false
e61530fe-83ed-4ecd-8a38-1635207941a4,6cf08687-1662-4bc4-966a-22e52ab1f09d,Lívia Silva Hall,11346739730,liviahall@yahoo.com.br,21998052870,true,qv_id,false,,false
e62065c7-b8d2-4596-866e-375b8cf0d0ad,fd583037-7887-41f2-bd22-4ffc5fce6317,Tais Affonso Osiro,28452884842,tais-osiro@hotmail.com,19989219914,true,qv_id,false,,false
e6573215-1c61-4aa3-a448-add2dd5b0b94,,Leandro Campos Silva,,leandro.lcs@gmail.com,31 992097297,false,,false,,true
e676df00-5b6f-444f-9961-fc22062f485c,,Jeilly Vicentini Ribeiro da Silva,93947950578,jeilly@polimatasolucoes.com,+5573998081888,false,,true,cpf,false
e67cb302-5cfe-4373-80ef-b151fb70d47d,871c5bf4-e14f-423b-bc92-3c3dde1e04cd,Carlos Charlone Ferreira de Santana,06867135404,charlonesantana87@outlook.com,82996143377,true,qv_id,false,,false
e67db110-d70e-454f-ac7f-329dc3687670,c7a0e6ad-4a31-4acc-abe4-8716dc55c27b,Rosinete Santos Taveira,09005462809,roseriachao@hotmail.com,99981430550,true,qv_id,false,,false
e68056dc-a338-4c73-8a5e-8162c23ccc94,15914ab4-a569-41cd-90f8-95f55c565658,José David Ferreira do Nascimento,64692558334,jdn.adm@gmail.com,85987975362,true,qv_id,false,,false
e681c5cc-9b01-4498-8c5c-99536a1afe28,29fc1f97-a31e-4ef3-94ca-784ceeabae19,Diogo Cunha Loula,00097064530,diogoloula@gmail.com,74999723350,true,qv_id,false,,false
e6a77b67-47f4-4024-a9ce-c12d9b90c782,,Nelson Muradian,12625696800,nelson.muradian@gmail.com,5519974115444,false,,false,,true
e6e3a541-4f3e-4fc3-8e7a-21aab212483c,a80c5a31-7b1d-4ea1-a179-4e42797366a5,Jucimara Dall Agnol,70682763004,jucidall@gmail.com,54999208823,true,qv_id,false,,false
e79fe8b8-b226-4327-8a01-d81714213c50,0ef53b0c-79d7-4126-99fe-ffa000d263e7,João Paulo Junior,39015840300,joaopaulojunioradvogado@gmail.com,88999561209,true,qv_id,false,,false
e7a7ca10-be42-462d-a4b5-8a56f5bf8c04,,Tânia Teixeira Barreira,68971524553,comercialadedo@gmail.com,+5561991148837,false,,true,cpf,false
e7c359cd-8c05-486d-bcf8-76a338b96058,b7dcbf31-46d8-45c1-98b8-91bc9d39cefb,David Dotoli da Silva,01107784131,david.dotoli@hotmail.com,66996461305,true,qv_id,false,,false
e7dd9345-fbb5-4ad1-b5fd-e51d3683193c,,Daniel Carlos de Souza Silva,91324599391,danielc2on@gmail.com,5521995242208,false,,false,,true
e809b66d-22aa-4d83-8859-d6e801a23cdf,,Daniele Christine Sena de Moura,03196636631,daniele.sena.moura@gmail.com,+5566999059440,false,,true,cpf,false
e8323e0e-632d-4a28-b8fd-47e9e1507ec3,,Amauri Tadeu Darcadia,91862817804,amauridarca@gmail.com,+5511942458444,false,,true,cpf,false
e83d831e-4fec-47ae-ae15-200881f0f3da,,Fabrício Figueiredo de Alencar,62917439220,fabriciofalencar@gmail.com,91982081676,true,cpf,false,,false
e83fe98f-1b66-48d3-a6a4-9ad2e3ff6750,38cabf60-c4c4-40c5-b021-d3342514ca26,Marcos Ferreira Benchimol,18353118734,benchimol.marcos51@gmail.com,11981377488,true,qv_id,false,,false
e84fee46-40c6-4a92-b08c-8145059cbb1c,17ab2b07-75c0-48f1-90aa-f4da60c50a67,Alcione Neves Oliveira,00655110690,alci.financas@gmail.com,+5561996663704,true,qv_id,false,,false
e8569ccd-53b1-45ba-acf2-456eb5bb4b35,0b5ddb71-5401-4567-8dda-ee0971354141,Uyara Domiciano Duarte Santos,00327252308,uy.domiciano@hotmail.com,81997838348,true,qv_id,false,,false
e86094b8-dba8-4219-9e99-fe1389642ad2,530dbd19-8ab7-4fd4-9237-632bc5fd3c0a,Sergio de Rezende Sespede,02069904997,sergiosespede@hotmail.com,11984576162,true,qv_id,false,,false
e881e8c7-dcca-4823-87f2-71021193e7a4,61784490-9afa-499d-bbca-5d4aed758205,Carla Caroline Takemoto Dreyer,04879061956,carla_dreyer@hotmail.com,41999229554,true,qv_id,false,,false
e8ba0ac6-2385-44e7-b3a1-aab6317d469d,,Elinara Maria Waldemarca,43307884034,palladioarquitetura@gmail.com,+5551996276767,false,,false,,true
e8c52128-1e3a-4bc4-a044-51160f7e6a90,,Felipe Gun Kim,40249122839,kim.fgk@gmail.com,5511999999489,false,,false,,true
e8e333a4-b902-47e5-a8e0-eb31bf0b23cb,,Thayene Thamara Rangel,14130981773,drathayenerangel@gmail.com,5521991355760,true,cpf,false,,false
e8e37b0c-d54e-417e-bcdb-7a249d75375a,,Edward Alexandre Frade Bedetti,10350165670,bedettiedward@gmail.com,+5531975532625,false,,true,cpf,false
e8fbbe2a-8d42-4a9e-93fc-37703bee7679,90e602eb-7aad-454c-ac32-caf57045bf69,Kenny Victor Baima Serednicki,01869772202,kvdomba@hotmail.com,+5541995538666,true,qv_id,true,cpf,false
e93b1a59-2036-49cf-86e2-03ffd6861c23,,Denise de Oliveira Leal,24606586800,tsuleal@gmail.com,+5519994420370,false,,true,cpf,false
e9643f9d-6103-4703-85d8-11faabeed343,a32ac20a-b902-46f0-be18-7d1335bad304,Celina Joana Cordeiro,00339657901,celinajcc@gmail.com,47999652529,true,qv_id,false,,false
e96cd1e7-6fd3-43c5-ae4a-af03558fcb05,,Leonardo Ogawa de Oliveira,37116982809,leonardo.ogawa.oliveira@gmail.com,+5511999338657,false,,true,cpf,false
e97b3d94-95ef-4355-9b36-6a80a227d432,,William Roberto Macedo,12818396808,william.r.macedo@outlook.com,+5511986962913,false,,true,cpf,false
e9a63c07-452e-4640-85e1-239f7e098c8f,,Caio Jose Rodrigues,21503274810,cjrodrigues1904@gmail.com,+5511983875225,false,,true,cpf,false
ea046643-be02-426a-8a0b-8471070db89e,,Fabricio Argolo do Nascimento,09079542784,fabricionn@gmail.com,+5521991031195,false,,true,cpf,false
ea3ddc0a-853c-42e1-a344-09c60290005e,,Daniel Uemura,71854525115,danieluemura10@gmail.com,+5551999228151,false,,true,cpf,false
ea416a5d-daa0-43be-99ca-1f369170ee62,,Gustavo Melo,,,5521981017981,false,,false,,true
ea64856a-879f-43a0-89ec-6466eabf2138,9f912071-d95b-4a30-8964-18edb0a011ea,Luciano Marcio Borges,76008983904,lucianomborges@hotmail.com,+5541999059955,true,qv_id,false,,false
ea7aa8e5-d3fd-4c83-b44d-4c62a4c03713,,Fabio Figueiredo,,fabiogfigueiredo@yahoo.com.br,5535999861515,false,,false,,true
ea82649c-c51d-4f0a-9e32-8dcb68149802,,Elizangela Nascimento Souza,26759224809,elizangela.souza@gmail.com,+5516997579198,false,,true,cpf,false
ea982fbb-6105-4596-af4f-adbb9e440020,8bace7f6-fb93-492c-8b63-edb213bfa66d,Marcos Oliveira Neves,04297324903,marcos@visualpremium.com.br,42999616570,true,qv_id,false,,false
eabaefa6-4298-449c-b05f-c458f8a329ac,,Lucas Danillo Moreira de Jesus,01113634111,drlucasjesusplastica@gmail.com,+5562993337365,false,,true,cpf,false
eaccc2fd-7b38-4997-8e55-fa35ee11a368,5b74757f-fba7-4f9c-bd81-65a90e0a4db0,Renata Barbosa Koshiyama,27736923817,rekoshi@gmail.com,11981800450,true,qv_id,false,,false
ead3f4ce-2eca-4371-a5d2-7cae010f4236,,Beatriz de Almeida Cingi Siqueira,46198130606,beatrizsingi@gmail.com,5531994140076,false,,false,,true
ead83c8b-88ca-4390-a29b-7f7799629908,3536630f-2ce5-4583-adee-0b98b0ae37a2,Marília Souza dos Santos,33015871862,mariliasouza38@hotmail.com,12981449929,true,qv_id,false,,false
eba2e6dc-7438-4d59-b622-8cd2b8d4360f,,Nathalia Mareca,,nathalia@assertt.com.br,554591353836,false,,false,,true
ebc580a0-d8a3-45aa-9ad8-9c7b10c7b96c,9257fc64-4c49-4705-8d1b-fb22dee6a673,Lucas Pires Lisboa Medeiros,03297065516,lucasplmedeiros@gmail.com,21988007746,true,qv_id,false,,false
ec107faa-1d78-41bf-8385-d62e77bc1a46,,Robson Silva,03300712971,robsonvaltel@icloud.com,+5544991845009,false,,true,cpf,false
ec3f2916-cf66-4064-9b54-e10668a106b5,,Sheyla Arieh de Souza Rezende,73054011100,sheyla_arieh@yahoo.com.br,5564984144645,false,,false,,true
ec4582be-4470-4f62-a7b5-1f55d6b9fdbe,69c94c3b-bdd4-4124-824d-92b2b75faff3,Paulo Augusto Cozar Figueiredo,31095434861,gutocozar@gmail.com,+5511973371997,true,qv_id,false,,false
ec980c0c-e9ef-4083-9a81-47dd771435a1,,Marco Antônio Lia,37506348007,marcolia@terra.com.br,16997560763,true,email,false,,false
ecb01588-3908-4f3f-b287-5a2c83579d2d,,Mahonri Faria Guitti,14972161841,guittimf@yahoo.com.br,5511995159585,true,cpf,false,,false
ed02a824-f964-4575-befe-992fe2938c00,,Marco Antonio da Silva Prado,38958442840,marco.asprado91@gmail.com,+5512996771454,false,,true,cpf,false
ed14e668-473e-43a1-818d-207839d7a1c0,cabe0a90-ee03-41e1-b732-30c14823a965,Paulo Victor Barros Costa,01223446263,pv_bc@hotmail.com,+5591993133598,true,qv_id,false,,false
ed17b568-4f21-4cea-a5e8-46989360359e,,Márcio Henrique Carrera Fernandes,21890296864,mhcfernandes@hotmail.com,12981456090,false,,false,,true
ed1b50dd-6af0-43bf-a897-03da30f0bf83,66b40bb7-525a-4da6-a523-b6a48ac5a0e4,Mariana Franceschini Brandão,22311049895,marifbrandao@gmail.com,11974037424,true,qv_id,false,,false
ed358959-e6cf-49b7-a581-15f584121583,6e4cc68d-49d0-4007-9bd4-d436ca6b6204,Juliana Palmieri Carlini Colovatte,16724284830,jupalmiericc@gmail.com,16991353142,true,qv_id,false,,false
ed3f794f-db10-4e7d-a85e-35d501465423,,Allan Cardoso Inacio de Assis,08156996704,cardoso.acia@pm.me,+5521999855452,false,,true,cpf,false
ed506362-293f-4ab9-b229-69e237b09953,,André Lobo Douat,44200870991,guguidouat@gmail.com,+5547999845452,false,,true,cpf,false
ed59f476-18ab-4e70-9594-e19ac5793364,,Ana Paula Pereira Pinto,01224108744,paulapepirj@gmail.com,+5521964140440,false,,true,cpf,false
ed5cb0ef-9a6d-44f3-904c-3f2917912dc8,,José Cláudio Machado,,joseclaudio_machado@hotmail.com,051+982138953,false,,false,,true
ed6f90c7-ec55-4529-8ae6-f8831f773a5e,,Antonio José Garcia Pinheiro,20670842320,antoniogarcia@directusadvocacia.com,+5598981144890,false,,true,cpf,false
ed713ff9-05a2-4e3f-a7d4-28d1657a5389,,Renan Sbaraini Delavald,80897193091,renandelavald@gmail.com,+5548991699799,true,cpf,false,,false
edb661be-bbda-4a24-ba9d-7c251cb18f69,,Gabriel Scarabôtolo Gattás,12908176858,,5511996498505,false,,false,,true
ee04da9f-62e0-4305-929b-00f7e2070bcf,4b251aef-333e-432b-9abc-58ccbb99b18d,Renan Luiz Bernardello Morassi,40071238883,renanmorassi@gmail.com,15988034025,true,qv_id,false,,false
ee1ba9d0-19fa-43c7-981c-c534a575db5c,,Victor Torres Pacheco,21906120803,victorpira@hotmail.com,+5519989156969,false,,true,cpf,false
ee501334-e786-4c34-b2bb-9ae6995e5ceb,,Mateus Oliveira Bernardes,75734419168,mateusoliverbernades@gmail.com,5521968621373,false,,false,,true
ee6c3cff-3a79-4e81-8dd3-a162e8c8b21e,,Antonio Carlos de Matos Segundo,04153330590,segundo_acm@hotmail.com,+5571991259661,false,,true,cpf,false
eea69f77-cdc9-4c15-b238-e80fcbb6fcc3,eb07cf53-cc15-432f-8397-fc9dc1857377,Rodrigo César Koetz de Castro,93614780015,rodrigo@sou.cloud,+5551993512346,true,qv_id,true,cpf,false
eec22bc4-11e7-45fc-8355-b3c2df0dcd25,,Rafael Araújo Sales,01220293482,rafaelaraujosales@gmail.com,+5584988049220,false,,true,cpf,false
eedcf285-655e-446a-a0f2-848f76d8a0a9,,Rosimari Ferreira Tominato,53121937987,rosimari_3@hotmail.com,+5569992472722,false,,true,cpf,false
eedd4b83-8924-49b4-bbb3-a4ab8f2a2078,28bf499c-c287-4c1f-8f92-48b92b687eb2,Jane Cronst,00659202018,janecronst@gmail.com,51997231127,true,qv_id,false,,false
eeefe41c-9d0c-47d7-af79-02bd8836abd4,,Marcos Antonio Skistymas Filho,30987933841,skistymas@gmail.com,5511974333535,false,,false,,true
ef19a2bb-f2c0-4062-8609-cf211b75a731,,Ricardo Matter Moreno,78115167053,ricardomattermoreno@yahoo.com.br,+5549988259868,false,,true,cpf,false
ef19f6a5-5f42-48f4-ad7a-457e9a1b40ec,,Hildenê de Jesus P S Bastos,19856091349,hildene@clinicapersonalitte.com.br,+5598984138400,false,,false,,true
ef4e1267-9cb4-475d-989c-d1dae4da8a59,630a56b1-03b7-4fe0-8546-9b55ea9d04a1,Thiago Pugliesi Garcia,33535435897,tpugliesi@gmail.com,17000000000,true,qv_id,false,,false
efa7986d-5f85-460e-ae52-375143c72e8b,0d1e5d9e-62d4-42a7-80e3-bee48ce8fc78,Francinete Sousa Vidal,08944334315,francinetesv@outlook.com,98984047007,true,qv_id,false,,false
efc43c89-7563-4db2-b15c-62620cb730ca,,Gustavo Zandona Gabaldo,02779403977,gustavogabaldo@gmail.com,+5546988055238,false,,false,,true
f0041f8d-3a68-459e-88df-84a35d1ae78b,,Vinicius Pinto de Rezende,64377750178,vprezende@gmail.com,+5563992583991,false,,true,cpf,false
f01d4ad9-7e75-45bb-bc5b-bb3adc26db2c,b8f8d0ce-3174-407f-9919-850e59b119af,Gustavo Nascimento Silva,11626381763,gustavo.anestesista@gmail.com,32999006102,true,qv_id,false,,false
f03b6d44-1c32-48e0-819b-497f179ddff3,559bea70-6c5a-4510-aac5-7d6d6273f420,Juliano Rotsen de Melo,02988944679,juliano.rotsen@gmail.com,31982784141,true,qv_id,false,,false
f03d85ff-0472-4a85-817d-bff49d97a6fa,,Robson José Pinto Ferreira,92424082634,robson_ferreira@msn.com,+5531999794256,false,,true,cpf,false
f065410f-7445-4eae-9a72-cb192c2d0100,03813f64-64a8-45c6-9f74-9ef04f9c8600,Charlles André Souza de Almeida,01661338763,charllesandresouza@hotmail.com,21997160841,true,qv_id,false,,false
f087f432-d0c7-4a19-b259-036f516749bd,,Renato Ruzza Doneda Filho,04156299937,rdoneda@hotmail.com,+5547999778808,false,,true,cpf,false
f09c10f7-1beb-4d70-b910-93ea045d3bd1,968e2b04-2c1a-45d3-bac8-0f68499cc997,Roberto Thiele,00264960033,thiele.roberto@hotmail.com,55999986100,true,qv_id,false,,false
f0c719e8-37a2-42be-b4f8-f2a9fd8f0355,,Viviana de Mello Guzzo Lemke,73212113987,vivianaglemke@gmail.com,41999758082,false,,false,,true
f0eea773-0066-4d4f-8cf9-7f4f50fd9cd4,,Eduardo Alencar Thomaziello,19024668883,eduthomazalen@gmail.com,19988416113,true,cpf,false,,false
f1455164-abba-486e-9b20-6e0b68c49e40,,Fernanda Aparecida Magron,,fermedicina15@gmail.com,5511964221828,false,,false,,true
f15fa5c4-9dfc-4bc0-9bf5-ab3845dab652,,Robson Argolo,16065145807,robson.freitas@gmail.com,5511982020033,false,,true,cpf,false
f17cce99-affc-4ef2-aaa0-18d028c8121c,,Felipe Hipólito de Souza,05286335977,fhpersonaltrainer@hotmail.com,,true,cpf,false,,false
f17cda78-d074-467c-a35b-aca1c0b0ef33,,Henrique de Castro Gersely,31718154860,hgersely@gmail.com,+5512996120709,false,,true,cpf,false
f18b8a30-94ec-48aa-a399-ded5a7ec739c,f9bfceb6-32bf-4d1c-8bd0-976415f74b14,Keila Regina de Oliveira,04027034643,keilaroliveira@gmail.com,31991940430,true,qv_id,false,,false
f1ad73ec-05d3-408c-820c-4b592311201e,afaced08-b875-4952-925a-e3728c578aa3,Milena Lima Oliveira,86461699520,milena@ftc.edu.br,71999750074,true,qv_id,false,,false
f1b872e0-75a0-433f-8c14-d2dcafd9e631,,Rubens Ayron de Melo Aquino,06293361482,rubensayron@gmail.com,+5587996211287,false,,true,cpf,false
f1ccfbb3-d777-4c1f-840b-de5b894f1d14,,Rosemary Paes da Silva de Oliveira,14911417862,rosepaesoliveira@gmail.com,+5511996141603,false,,true,cpf,false
f1e5b664-471b-4708-9705-f8e2ddff1019,,Rodrigo Tranquillini Rezende,15494983803,,5519981547438,false,,false,,true
f2326594-f870-467f-8d63-a9cd52dedc83,01ccf5ae-eaf2-47ca-84d6-999ec6d52a19,Tayanni de Sousa Oliveira,08509673411,tayannidso@gmail.com,83999482323,true,qv_id,false,,false
f2611acc-60a5-4546-bb7f-bc0ce8283e99,b174c947-4874-4213-9902-a96ab39b4051,Anderson Luiz Vooss,03448961027,andervooss@yahoo.com.br,+5554999684305,true,qv_id,false,,false
f267abc8-d2a2-421d-91cc-3ec66a3ad567,014909c7-2fe9-4794-a8eb-6a9b45ede74f,Denivaldo Toledo Camargo,59597488604,denivaldocmrg@gmail.com,+5511993926658,true,qv_id,true,cpf,false
f2bbc0e4-a97e-4d69-9d5d-2f3cc3f3b1ec,,Otton Luis Raffo Souza,00692406980,ottonraffo@hotmail.com,43991178159,true,cpf,false,,false
f2c8ddc4-6df8-4506-9022-f15eea2d64af,,Mickael Lucas de Moura Felix,05967797475,mickaelfelix@hotmail.com,+5582996101759,true,cpf,false,,false
f3869993-03af-4c88-9773-e5061787445a,6bf88ac8-7a89-4c22-9463-d5e3594cf862,Monica Diniz Pereira,05286419640,modiniz17@gmail.com,11942399177,true,qv_id,false,,false
f3984645-e282-472d-bfaa-4560aae31d26,4422977f-6523-4303-9676-f04376b6c2ca,João Marcos Castro Fagundes,05025318513,joaomcfagundes@gmail.com,71996757350,true,qv_id,false,,false
f3a82ed9-13fa-477f-8b34-3a7224d6e39d,c7befbed-a73a-467d-95cc-5f82806c5e20,Edmo Júnior Peixoto Lemos,06176269601,edmopeixoto.adv@outlook.com,35998930037,true,qv_id,false,,false
f46068e2-c206-4b1a-803c-e5e15bb9aa18,daa26aa6-3cca-4cf8-989a-9950738ee695,Thyago Silva Lima,05056537616,thyago29lima@gmail.com,34992840056,true,qv_id,false,,false
f49fef84-8b39-4495-85a5-6c747c50f604,942b33dd-f60d-4962-a854-abc1e7ee8168,Reinaldo de Carvalho Silva,02172785580,reidecarvalho@gmail.com,84992016190,true,qv_id,false,,false
f4a1a7c5-6683-426d-8bc4-5638f3269762,,Luis Fernando Dip,21645273806,luis.dip@me.com,5546999115775,false,,false,,true
f4b2e7c8-d69d-4642-9869-cd130597f141,,Mark Lima Santos,88960790710,marklimasantos@gmail.com,+5561981112779,false,,true,cpf,false
f4bc2085-e44e-4cee-9f96-0c289eb91e2b,,Ricardo Dias Gonçalves,05449204493,ricardodg.pessoal@gmail.com,87999068888,true,cpf,false,,false
f5181076-0487-47e9-8456-851b33599753,,Rinaldi Cardinal de Lima,,rinaldicardinal@hotmail.com,556899831858,false,,false,,true
f519230c-aaa2-4143-a9e0-14f02dfbbd95,,Tom Robson Gonçalves Ferreira,69790671172,tomrobson10@gmail.com,+5561984051585,false,,true,cpf,false
f53decbd-a8df-4269-9a6b-24290231dcfc,84be78cd-b545-40dc-8c70-460f43f50385,Maurício Pelegrini,01689230843,mauricio@mpengcivil.com.br,19996045737,true,qv_id,false,,false
f57758c1-c929-408a-adf2-a647be170206,,Karina Venturini,06825194801,karina.venturini@sanofi.com,5511970482661,true,cpf,false,,false
f580f98f-6488-4bfd-ab84-fad19284a758,,Samantha Kassner,14283593893,samantha.kassner@gmail.com,+5511914721003,false,,true,cpf,false
f5f9af27-1cf0-4c9f-923f-4461a11fed46,,Marcio da Silveira Pereira,66469325734,1marcio.p@gmail.com,+5592984361221,false,,false,,true
f62adb1a-ea64-4635-98b7-71752b8437ce,,Helyon Vasconcelos,,helyon81@gmail.com,5521981080314,false,,false,,true
f6416879-a623-41df-a1ca-ba58b53dde26,a28c006e-c7c6-4dda-9daf-681fa64b1d27,Rafael Barroso Pazinatto,21983532886,pazinatto@yahoo.com,32988674500,true,qv_id,false,,false
f6daa9ec-4f47-48fd-a385-16dce309a53f,,Victor Alexandrino Milfont de Brito,34376365882,victoralebrito@msn.com,11973832093,false,,false,,true
f7778a45-e96b-4f17-8218-b738b049dbbe,,Hugo Atallah Motta,00461913216,hugo.atallah@gmail.com,+5569981111000,false,,true,cpf,false
f7f72108-f67d-457f-93e3-978c131087d8,edbc91c3-082e-4bb2-902a-22aa9628fb88,Pedro Emílio de Souza Braga,11565313739,pemiliobraga@gmail.com,22997960302,true,qv_id,false,,false
f8233945-fa9d-4e29-a1e9-0cb2b0613b09,,Filipe Viglongo Corrêa Vilardo de Freitas,07438171760,fvilardo@gmail.com,21991103866,true,cpf,false,,false
f84eb8a8-434d-46cd-8e55-96fe1bd2219f,,Marilia Nunes,,,5591983830033,false,,false,,true
f862e518-9a52-4a8e-8c3d-4b743dbd5fb3,,Kleytionne Pereira Sousa,84270586591,kleytionne@hotmail.com,+5582981289264,false,,true,cpf,false
f86cf620-d8b6-42d4-b1c2-e516c157dd7d,,Mauro Alberto dos Anjos Silva,42413559000,mauro.anjos@hotmail.com,5548998078000,false,,false,,true
f8c7e0e3-6fa2-4038-bea4-6758a2fc3968,,Otávio Augusto Silvério,01569586608,otavioasilverio@gmail.com,5511998589434,false,,false,,true
f8ebc765-f3a5-46e5-ac68-72fdfc2c3d4d,,Renato Joia,,joiarenato@gmail.com,553599845007,false,,false,,true
f9392030-7734-4332-b6c2-b16ee8d2db36,b7025d31-b08e-4597-ae52-13d5962637b1,Andrea Valverde Stori,01412327733,andreavstori@gmail.com,21999864308,true,qv_id,false,,false
f9440c0f-8450-4173-a471-0282a901e24a,,Denilson Simplício Pacheco,01765644380,denilsonsimpliciopachecop@gmail.com,+5598988087752,false,,true,cpf,false
f9876a0d-8da9-4562-8da5-c7611dbd1a11,887fd081-e72f-426c-8231-648c1febe913,Enrico Dias Fernandes Cyrino,91351880659,enrico@redevistorias.com.br,+5548981926018,true,qv_id,false,,false
f9b83c26-c8ce-4a3b-b494-400d7c7383c9,,Gustavo Messinger,72134038004,gus.messinger@gmail.com,+55 22 99974-0300,true,cpf,false,,false
fa092656-591c-408a-a7c4-d0c9e17928d3,,Marco Antonio Lourenço,73553565934,mlo.69@icloud.com,554199975995,false,,false,,true
fa18c589-47db-488c-ad48-885f3b67649f,,Fátima Regina Pena Langoni,78795052615,fapela@gmail.com,+5534999846962,false,,true,cpf,false
fa28fb90-697b-453e-8b99-6b88439c821d,,Alessandra S. Duarte,01183009623,alessandra-duarte@uol.com.br,5531999712400,false,,false,,true
fa782f0a-5f96-4456-b3f5-05a4449e8176,2956a8d2-f3ca-43f7-a6fe-6305c6931f88,Claudiane Seixas Carraro,00985650958,naniscarraro@gmail.com,41998554545,true,qv_id,false,,false
fa827235-e98a-49b1-b8ce-aedc0c61b2f4,,Washington Avelino Gomes,83667164300,teavelino7@gmail.com,+5586995809330,false,,true,cpf,false
fae1d886-b8a6-4890-b1e3-e928aca47be0,,Gustavo Henrique Trombim,35130058810,gustavo@lgsautomacao.com.br,5519992157490,false,,false,,true
fb3a286f-5cdb-445a-8677-1c80eb89f28b,,Rebeca Maria Bastos e Santos,79794939587,rebecabastos@yahoo.com.br,+5571981028871,false,,true,cpf,false
fb4f3c31-2b95-4b45-a390-7ab59a25baff,dede079f-fa44-42ae-bd60-2060946f5ab6,Rodrigo Afonso Goelzer,04092667957,ra.goelzer@gmail.com,47999062474,true,qv_id,false,,false
fb6e0f79-dcc7-4493-8a30-ab4e56b1bf6e,,Jose Alejandro Restom Coralles,,josearestom@gmail.com,5513997768950,false,,false,,true
fb85d41a-8f17-42d9-91cc-fa86420498b8,41b89e82-6533-45a7-8d9d-0170d3158974,Eduardo Marinho Tassi,02687360651,etassi@gmail.com,21991560330,true,qv_id,false,,false
fc0df9ba-f09f-414f-a4dc-307aeb953932,eafc6b88-3027-4738-8cb5-c3dc0a17f3bf,Edilson José da Costa,00353373702,adv.edilson.costa@gmail.com,61981738223,true,qv_id,false,,false
fc3463d9-eb43-4a4f-b952-364a5420e2bd,,Luís Alfredo Bettini,13726363823,labettini@gmail.com,+5511991652641,false,,true,cpf,false
fca7dbd4-60d8-4c0a-bcb3-30a80ec4122d,90405ee9-1ba5-49ff-b5db-f412b090be0f,Klaus Prezzi Weissheimer,03072644080,klauspw10@gmail.com,51980453050,true,qv_id,false,,false
fcb65c3a-2d33-4813-8ac9-7d3a6d35f518,,Jaligson Hirtácides Santos de Assis,84707895468,jaligson@gmail.com,+5581999773987,false,,true,cpf,false
fcc2da86-5701-4863-a321-6dd1ef63811a,7cc4dde2-cb55-473a-8eb8-0b2f6a3c7283,Diego Mota Fernandes,06054011600,diegomotafer@hotmail.com,16994244716,true,qv_id,false,,false
fcc651c0-5e9b-41a8-860e-5da01508d339,,Mauro Mello de Andrade,49909258587,mauro.mandrade@gmail.com,+5575999971110,false,,true,cpf,false
fcdead87-f9ed-4280-9cea-c2f0e0456ae5,7e1da826-40a2-4f64-8714-6a8af88f7b15,Simone Rocha Ferreira,10153402610,simoneodontorocha@gmail.com,34991289439,true,qv_id,false,,false
fd025e37-77bf-43fa-b732-8e8b861515d6,,Claudia Peters Heringer da Silva,63713810672,heringerclaudiap@gmail.com,+5531989260585,false,,true,cpf,false
fd2a3497-ff2a-4240-bdd8-e1032622189b,e98c7b82-b8b6-4135-8f80-97c4a2e827ad,Luciano Martins de Holanda,80558135315,lmholanda2015@gmail.com,11999920773,true,qv_id,false,,false
fd32e270-ce5e-4984-8ecf-84b551dbae45,4c5ca860-659e-4af9-bb79-7b154606b266,Henrique Rocha David de Sousa,04175571167,henriquedavid.94@gmail.com,62981086122,true,qv_id,false,,false
fd8a5d2e-9314-4963-bed0-5ddcb19745a1,,Paulo Ricardo da Costa Silva,25636920830,p_ricar@hotmail.com,11994139051,true,cpf,false,,false
fd9a9988-504f-4579-9669-1f874a2714b4,,Cely Melo Vasconcelos,,celymelov@gmail.com,5511982668726,true,email,false,,false
fdadbe28-0d49-4490-9dd2-679694784e42,50db2aed-bb5f-4bd9-8be7-cc129a476210,Rafael Pérez Pavón,08579378125,rafael.rprpn90@gmail.com,61982221590,true,qv_id,false,,false
fde91114-bf59-409c-b6de-ee06993e0807,,Francisco Augusto Santos Souza,,francisco@marecheiaconstrutora.com.br,5571981250825,false,,false,,true
fdfa36b3-b85d-4208-8cf0-c5a0596a3650,,Gabriele Oliveira Sridev,,gabriele.oliveira@icloud.com,61998190888,true,email,false,,false
fe125fa0-4510-493f-bf3e-6b55cb682382,,Felipe Santos Carmo,11074089707,Felipecarmo@hotmail.com,27981438801,false,,false,,true
fe3a66f9-77c2-4c53-a387-18381f22397a,0a16c5aa-983a-4138-9509-c3ff9a8a552b,Leandro da Cunha Etchebest,81348002034,leandrocetchebest@gmail.com,51985792673,true,qv_id,false,,false
fe7218cd-dbb7-434f-b002-9d31e0115e1d,,Carolina Branco Andreatta,02832952100,dracarolina.otorrino@gmail.com,+5541999406341,false,,true,cpf,false
fe7cea59-5896-41f7-aed3-d40f852ff627,,Lean Sartori Silva,02518441107,sartori.lean@gmail.com,67992863215,true,cpf,false,,false
fe8befb7-16cf-4b61-a7a1-0127016aaa8a,801d4a30-daf7-44b2-a937-e44a55409d4b,Daniela Arruda Santos,26239258873,4mindsit@gmail.com,+5511972552318,true,qv_id,false,,false
fe9c41db-1a92-4522-98d0-d6e12f9024d2,399ffffd-68f5-4667-8899-3d7ff1864e92,Fratiany Morais Afonso Guimarães,83418679153,fratiany@hotmail.com,11948474181,true,qv_id,false,,false
ff43d06c-0a78-47c6-a6e7-9b6f5987e08f,ddb235a3-ddef-48a6-964a-6d6cab82fb86,Julyan Alves de Castro Santos,04110317916,julyan.santos@amctextil.com.br,+5547991875862,true,qv_id,false,,false
ff5dfa1e-480d-412b-8e39-88ac74b7cbf4,,Rodrigo Albejante Hoffmann,32547304880,rodrigo_hoffmann@hotmail.com,5519998884054,false,,false,,true